{
    "word_level": {
        "average_accuracy": 0.06343261653412029,
        "accuracy": 0.06443298969072164
    },
    "bleu": 0.02152933618195491,
    "WER": 0.9811346548188654,
    "morpheme_level": {
        "average_accuracy": 0.08233646532781465,
        "accuracy": 0.07781456953642384
    },
    "classes": {
        "stem": {
            "prec": 0.09578544061302682,
            "rec": 0.12077294685990338,
            "f1": 0.10683760683760683
        },
        "gram": {
            "prec": 0.07746478873239436,
            "rec": 0.055415617128463476,
            "f1": 0.06461086637298091
        }
    },
    "MER": 0.9058904097478298,
    "chrf": 20.175523954093194,
    "total_tokens": 19942,
    "avg_tokens": 474.8095238095238
}