{
    "word_level": {
        "average_accuracy": 0.08266933567685449,
        "accuracy": 0.06701030927835051
    },
    "bleu": 0.0,
    "WER": 0.9379969358822742,
    "morpheme_level": {
        "average_accuracy": 0.06900375213029755,
        "accuracy": 0.061258278145695365
    },
    "classes": {
        "stem": {
            "prec": 0.064,
            "rec": 0.07729468599033816,
            "f1": 0.0700218818380744
        },
        "gram": {
            "prec": 0.08045977011494253,
            "rec": 0.05289672544080604,
            "f1": 0.06382978723404255
        }
    },
    "MER": 0.9103292826796386,
    "chrf": 21.19775788874639,
    "total_tokens": 19640,
    "avg_tokens": 467.6190476190476
}