{
    "word_level": {
        "average_accuracy": 0.06074559143168166,
        "accuracy": 0.05670103092783505
    },
    "bleu": 0.0,
    "WER": 0.9923633036414989,
    "morpheme_level": {
        "average_accuracy": 0.0810891706209168,
        "accuracy": 0.06788079470198675
    },
    "classes": {
        "stem": {
            "prec": 0.09090909090909091,
            "rec": 0.12077294685990338,
            "f1": 0.10373443983402489
        },
        "gram": {
            "prec": 0.06299212598425197,
            "rec": 0.04030226700251889,
            "f1": 0.04915514592933948
        }
    },
    "MER": 0.9249242944593206,
    "chrf": 18.379888302916488,
    "total_tokens": 19253,
    "avg_tokens": 458.4047619047619
}