{
    "word_level": {
        "average_accuracy": 0.04767380870322046,
        "accuracy": 0.03994845360824742
    },
    "bleu": 0.0,
    "WER": 1.0104546867414514,
    "morpheme_level": {
        "average_accuracy": 0.07094813147066524,
        "accuracy": 0.0502092050209205
    },
    "classes": {
        "stem": {
            "prec": 0.08035714285714286,
            "rec": 0.07040417209908735,
            "f1": 0.07505211952744963
        },
        "gram": {
            "prec": 0.015306122448979591,
            "rec": 0.014018691588785047,
            "f1": 0.014634146341463415
        }
    },
    "MER": 1.0332798946233892,
    "chrf": 20.791691288198134,
    "total_tokens": 41149,
    "avg_tokens": 467.60227272727275
}