{
    "word_level": {
        "average_accuracy": 0.05232645179169244,
        "accuracy": 0.04639175257731959
    },
    "bleu": 0.01756460964679718,
    "WER": 0.9928284196833661,
    "morpheme_level": {
        "average_accuracy": 0.06753442486097988,
        "accuracy": 0.0602510460251046
    },
    "classes": {
        "stem": {
            "prec": 0.07582260371959942,
            "rec": 0.06910039113428944,
            "f1": 0.0723055934515689
        },
        "gram": {
            "prec": 0.04884318766066838,
            "rec": 0.04439252336448598,
            "f1": 0.046511627906976744
        }
    },
    "MER": 1.0204264270307932,
    "chrf": 20.478289979011905,
    "total_tokens": 40871,
    "avg_tokens": 464.4431818181818
}