{
    "word_level": {
        "average_accuracy": 0.06433105258305792,
        "accuracy": 0.05025773195876289
    },
    "bleu": 0.0,
    "WER": 0.9709861815560344,
    "morpheme_level": {
        "average_accuracy": 0.06271126936189908,
        "accuracy": 0.049372384937238493
    },
    "classes": {
        "stem": {
            "prec": 0.07227138643067847,
            "rec": 0.06388526727509779,
            "f1": 0.06782006920415225
        },
        "gram": {
            "prec": 0.026737967914438502,
            "rec": 0.02336448598130841,
            "f1": 0.02493765586034913
        }
    },
    "MER": 1.0006532690227812,
    "chrf": 21.504910583564733,
    "total_tokens": 41549,
    "avg_tokens": 472.14772727272725
}