{
    "word_level": {
        "average_accuracy": 0.09479241425075477,
        "accuracy": 0.06684733514001806
    },
    "bleu": 0.028320679679175103,
    "WER": 0.9405603079455802,
    "morpheme_level": {
        "average_accuracy": 0.07463646047618185,
        "accuracy": 0.059895833333333336
    },
    "classes": {
        "stem": {
            "prec": 0.0974304068522484,
            "rec": 0.10044150110375276,
            "f1": 0.09891304347826087
        },
        "gram": {
            "prec": 0.03247631935047361,
            "rec": 0.023668639053254437,
            "f1": 0.027381631488876214
        }
    },
    "MER": 0.8764353603163451,
    "chrf": 23.685008731355232,
    "total_tokens": 58119,
    "avg_tokens": 587.060606060606
}