{
    "word_level": {
        "average_accuracy": 0.10198062619316374,
        "accuracy": 0.09123757904245709
    },
    "bleu": 0.018742144633896132,
    "WER": 0.9162437446997317,
    "morpheme_level": {
        "average_accuracy": 0.06926679787081684,
        "accuracy": 0.05520833333333333
    },
    "classes": {
        "stem": {
            "prec": 0.0932297447280799,
            "rec": 0.09271523178807947,
            "f1": 0.09297177642501384
        },
        "gram": {
            "prec": 0.029931972789115645,
            "rec": 0.021696252465483234,
            "f1": 0.025157232704402514
        }
    },
    "MER": 0.8608279433540286,
    "chrf": 22.523844798453087,
    "total_tokens": 59050,
    "avg_tokens": 596.4646464646464
}