{
    "word_level": {
        "average_accuracy": 0.11859681773369732,
        "accuracy": 0.09123757904245709
    },
    "bleu": 0.021523413044158383,
    "WER": 0.9119213596619965,
    "morpheme_level": {
        "average_accuracy": 0.06945838570409865,
        "accuracy": 0.05416666666666667
    },
    "classes": {
        "stem": {
            "prec": 0.08719646799116998,
            "rec": 0.08719646799116998,
            "f1": 0.08719646799116998
        },
        "gram": {
            "prec": 0.033200531208499334,
            "rec": 0.02465483234714004,
            "f1": 0.028296547821165818
        }
    },
    "MER": 0.8432138595388077,
    "chrf": 23.61015417229345,
    "total_tokens": 56872,
    "avg_tokens": 574.4646464646464
}