{
    "word_level": {
        "average_accuracy": 0.16016180897646404,
        "accuracy": 0.17564655172413793
    },
    "bleu": 0.03488137700400771,
    "WER": 0.8823053503010401,
    "morpheme_level": {
        "average_accuracy": 0.15705329751665958,
        "accuracy": 0.14555468135326516
    },
    "classes": {
        "stem": {
            "prec": 0.21407185628742514,
            "rec": 0.20226308345120225,
            "f1": 0.208
        },
        "gram": {
            "prec": 0.09170305676855896,
            "rec": 0.07446808510638298,
            "f1": 0.08219178082191782
        }
    },
    "MER": 0.9305499517245207,
    "chrf": 27.27009886489323,
    "total_tokens": 85656,
    "avg_tokens": 369.2068965517241
}