{
    "word_level": {
        "average_accuracy": 0.18810892172961136,
        "accuracy": 0.18642241379310345
    },
    "bleu": 0.027771968840559585,
    "WER": 0.8526407859381995,
    "morpheme_level": {
        "average_accuracy": 0.15592977424873972,
        "accuracy": 0.13453973249409915
    },
    "classes": {
        "stem": {
            "prec": 0.20270270270270271,
            "rec": 0.19094766619519093,
            "f1": 0.19664967225054625
        },
        "gram": {
            "prec": 0.08314087759815242,
            "rec": 0.06382978723404255,
            "f1": 0.07221664994984955
        }
    },
    "MER": 0.8916865761154551,
    "chrf": 27.496076327885994,
    "total_tokens": 86099,
    "avg_tokens": 371.1163793103448
}