{
    "word_level": {
        "average_accuracy": 0.19235084838533112,
        "accuracy": 0.19504310344827586
    },
    "bleu": 0.0,
    "WER": 0.8503061713191024,
    "morpheme_level": {
        "average_accuracy": 0.1626775343908964,
        "accuracy": 0.14083398898505115
    },
    "classes": {
        "stem": {
            "prec": 0.20726172465960666,
            "rec": 0.19377652050919378,
            "f1": 0.20029239766081872
        },
        "gram": {
            "prec": 0.09480812641083522,
            "rec": 0.07446808510638298,
            "f1": 0.08341608738828202
        }
    },
    "MER": 0.8904382734124113,
    "chrf": 28.34722315266961,
    "total_tokens": 85603,
    "avg_tokens": 368.9784482758621
}