{
    "word_level": {
        "average_accuracy": 0.13536598983027556,
        "accuracy": 0.11597938144329897
    },
    "bleu": 0.060841839760541916,
    "WER": 0.8444768351253314,
    "morpheme_level": {
        "average_accuracy": 0.14818487812744774,
        "accuracy": 0.12582781456953643
    },
    "classes": {
        "stem": {
            "prec": 0.13,
            "rec": 0.12560386473429952,
            "f1": 0.1277641277641278
        },
        "gram": {
            "prec": 0.14705882352941177,
            "rec": 0.12594458438287154,
            "f1": 0.135685210312076
        }
    },
    "MER": 0.810382911370251,
    "chrf": 28.554742113624382,
    "total_tokens": 22307,
    "avg_tokens": 531.1190476190476
}