{
    "word_level": {
        "average_accuracy": 0.15149238988524702,
        "accuracy": 0.13402061855670103
    },
    "bleu": 0.032510001212358475,
    "WER": 0.8750172237954194,
    "morpheme_level": {
        "average_accuracy": 0.15967373786791694,
        "accuracy": 0.13410596026490065
    },
    "classes": {
        "stem": {
            "prec": 0.12560386473429952,
            "rec": 0.12560386473429952,
            "f1": 0.12560386473429952
        },
        "gram": {
            "prec": 0.16417910447761194,
            "rec": 0.1385390428211587,
            "f1": 0.15027322404371585
        }
    },
    "MER": 0.8260623368666167,
    "chrf": 28.847055140767537,
    "total_tokens": 21980,
    "avg_tokens": 523.3333333333334
}