{
    "word_level": {
        "average_accuracy": 0.17372555215600333,
        "accuracy": 0.15721649484536082
    },
    "bleu": 0.05086605250835419,
    "WER": 0.8399198302393791,
    "morpheme_level": {
        "average_accuracy": 0.15935126345980044,
        "accuracy": 0.13410596026490065
    },
    "classes": {
        "stem": {
            "prec": 0.11981566820276497,
            "rec": 0.12560386473429952,
            "f1": 0.12264150943396226
        },
        "gram": {
            "prec": 0.1697530864197531,
            "rec": 0.1385390428211587,
            "f1": 0.15256588072122054
        }
    },
    "MER": 0.8065568779348018,
    "chrf": 29.066964056761947,
    "total_tokens": 21932,
    "avg_tokens": 522.1904761904761
}