{
    "word_level": {
        "average_accuracy": 0.2863062136792084,
        "accuracy": 0.2847938144329897
    },
    "bleu": 0.22746017575263977,
    "WER": 0.6777143941666002,
    "morpheme_level": {
        "average_accuracy": 0.2141486495367899,
        "accuracy": 0.18075313807531382
    },
    "classes": {
        "stem": {
            "prec": 0.21968616262482168,
            "rec": 0.20078226857887874,
            "f1": 0.2098092643051771
        },
        "gram": {
            "prec": 0.15196078431372548,
            "rec": 0.14485981308411214,
            "f1": 0.1483253588516746
        }
    },
    "MER": 0.6988251942897663,
    "chrf": 44.14738563154511,
    "total_tokens": 47902,
    "avg_tokens": 544.3409090909091
}