{
    "word_level": {
        "average_accuracy": 0.29824080686380156,
        "accuracy": 0.28865979381443296
    },
    "bleu": 0.22368666529655457,
    "WER": 0.6739692561717964,
    "morpheme_level": {
        "average_accuracy": 0.2230879313722158,
        "accuracy": 0.18577405857740587
    },
    "classes": {
        "stem": {
            "prec": 0.21560283687943263,
            "rec": 0.1981747066492829,
            "f1": 0.20652173913043476
        },
        "gram": {
            "prec": 0.1686746987951807,
            "rec": 0.16355140186915887,
            "f1": 0.166073546856465
        }
    },
    "MER": 0.6770882153849894,
    "chrf": 43.32541470710215,
    "total_tokens": 48485,
    "avg_tokens": 550.9659090909091
}