{
    "word_level": {
        "average_accuracy": 0.3062961873122301,
        "accuracy": 0.3002577319587629
    },
    "bleu": 0.2348736971616745,
    "WER": 0.6541308615005139,
    "morpheme_level": {
        "average_accuracy": 0.21439330730238063,
        "accuracy": 0.1774058577405858
    },
    "classes": {
        "stem": {
            "prec": 0.21022727272727273,
            "rec": 0.19295958279009126,
            "f1": 0.20122365737593473
        },
        "gram": {
            "prec": 0.1596009975062344,
            "rec": 0.14953271028037382,
            "f1": 0.15440289505428229
        }
    },
    "MER": 0.6958637250581556,
    "chrf": 44.905697736082,
    "total_tokens": 47747,
    "avg_tokens": 542.5795454545455
}