{
    "word_level": {
        "average_accuracy": 0.2898094059771001,
        "accuracy": 0.22312556458897922
    },
    "bleu": 0.16588408577941866,
    "WER": 0.6878862898367432,
    "morpheme_level": {
        "average_accuracy": 0.1983173436274264,
        "accuracy": 0.1421875
    },
    "classes": {
        "stem": {
            "prec": 0.17785234899328858,
            "rec": 0.17549668874172186,
            "f1": 0.17666666666666664
        },
        "gram": {
            "prec": 0.1314878892733564,
            "rec": 0.11242603550295859,
            "f1": 0.12121212121212122
        }
    },
    "MER": 0.6684176561249527,
    "chrf": 40.85064978090864,
    "total_tokens": 70550,
    "avg_tokens": 712.6262626262626
}