{
    "word_level": {
        "average_accuracy": 0.25593827417055576,
        "accuracy": 0.1951219512195122
    },
    "bleu": 0.150997161578045,
    "WER": 0.7122053993295746,
    "morpheme_level": {
        "average_accuracy": 0.18568159789673325,
        "accuracy": 0.1359375
    },
    "classes": {
        "stem": {
            "prec": 0.174496644295302,
            "rec": 0.17218543046357615,
            "f1": 0.17333333333333334
        },
        "gram": {
            "prec": 0.12396694214876033,
            "rec": 0.10355029585798817,
            "f1": 0.11284255776464266
        }
    },
    "MER": 0.6936001492547696,
    "chrf": 39.549997249802516,
    "total_tokens": 71139,
    "avg_tokens": 718.5757575757576
}