{
    "word_level": {
        "average_accuracy": 0.27541529845199775,
        "accuracy": 0.2222222222222222
    },
    "bleu": 0.17309673581789067,
    "WER": 0.6750008129300021,
    "morpheme_level": {
        "average_accuracy": 0.1831131720255971,
        "accuracy": 0.13958333333333334
    },
    "classes": {
        "stem": {
            "prec": 0.17522321428571427,
            "rec": 0.17328918322295805,
            "f1": 0.17425083240843506
        },
        "gram": {
            "prec": 0.13214285714285715,
            "rec": 0.10946745562130178,
            "f1": 0.1197411003236246
        }
    },
    "MER": 0.6687460642745741,
    "chrf": 41.56414275266367,
    "total_tokens": 70955,
    "avg_tokens": 716.7171717171717
}