{
    "word_level": {
        "average_accuracy": 0.43465567000049776,
        "accuracy": 0.41810344827586204
    },
    "bleu": 0.1807461255351096,
    "WER": 0.5877013671194705,
    "morpheme_level": {
        "average_accuracy": 0.36358197597421743,
        "accuracy": 0.2989771833202203
    },
    "classes": {
        "stem": {
            "prec": 0.35209235209235207,
            "rec": 0.3451202263083451,
            "f1": 0.34857142857142853
        },
        "gram": {
            "prec": 0.3076923076923077,
            "rec": 0.24113475177304963,
            "f1": 0.2703777335984095
        }
    },
    "MER": 0.5655340708142432,
    "chrf": 46.02014550942682,
    "total_tokens": 86137,
    "avg_tokens": 371.2801724137931
}