{
    "word_level": {
        "average_accuracy": 0.4394421431059361,
        "accuracy": 0.4202586206896552
    },
    "bleu": 0.19286727158089595,
    "WER": 0.5598736751753994,
    "morpheme_level": {
        "average_accuracy": 0.3602165195915198,
        "accuracy": 0.2887490165224233
    },
    "classes": {
        "stem": {
            "prec": 0.34210526315789475,
            "rec": 0.33097595473833097,
            "f1": 0.3364485981308411
        },
        "gram": {
            "prec": 0.3009049773755656,
            "rec": 0.23581560283687944,
            "f1": 0.2644135188866799
        }
    },
    "MER": 0.5576142607392607,
    "chrf": 46.8915475567498,
    "total_tokens": 86227,
    "avg_tokens": 371.6681034482759
}