{
    "word_level": {
        "average_accuracy": 0.4478347203562721,
        "accuracy": 0.41379310344827586
    },
    "bleu": 0.17638170592457164,
    "WER": 0.551818212917351,
    "morpheme_level": {
        "average_accuracy": 0.38110964107731354,
        "accuracy": 0.30527143981117233
    },
    "classes": {
        "stem": {
            "prec": 0.3555240793201133,
            "rec": 0.355021216407355,
            "f1": 0.3552724699221515
        },
        "gram": {
            "prec": 0.3246445497630332,
            "rec": 0.2429078014184397,
            "f1": 0.2778904665314402
        }
    },
    "MER": 0.5476018713087678,
    "chrf": 45.740281972741904,
    "total_tokens": 86001,
    "avg_tokens": 370.6939655172414
}