{
    "word_level": {
        "average_accuracy": 0.1942387308458737,
        "accuracy": 0.18298969072164947
    },
    "bleu": 0.12573902706494153,
    "WER": 0.7715294956366388,
    "morpheme_level": {
        "average_accuracy": 0.20718823648024265,
        "accuracy": 0.19205298013245034
    },
    "classes": {
        "stem": {
            "prec": 0.17061611374407584,
            "rec": 0.17391304347826086,
            "f1": 0.1722488038277512
        },
        "gram": {
            "prec": 0.22857142857142856,
            "rec": 0.20151133501259447,
            "f1": 0.21419009370816602
        }
    },
    "MER": 0.6887071095704906,
    "chrf": 35.55317092935618,
    "total_tokens": 99182,
    "avg_tokens": 2361.4761904761904
}