{
    "word_level": {
        "average_accuracy": 0.21716089014021345,
        "accuracy": 0.1958762886597938
    },
    "bleu": 0.09621149503191484,
    "WER": 0.7613864884071653,
    "morpheme_level": {
        "average_accuracy": 0.2192367686591702,
        "accuracy": 0.18874172185430463
    },
    "classes": {
        "stem": {
            "prec": 0.1683673469387755,
            "rec": 0.15942028985507245,
            "f1": 0.16377171215880895
        },
        "gram": {
            "prec": 0.23615160349854228,
            "rec": 0.2040302267002519,
            "f1": 0.2189189189189189
        }
    },
    "MER": 0.6995378257353155,
    "chrf": 34.56995447456149,
    "total_tokens": 98677,
    "avg_tokens": 2349.4523809523807
}