{
    "word_level": {
        "average_accuracy": 0.22343141403291775,
        "accuracy": 0.19329896907216496
    },
    "bleu": 0.08817795304277976,
    "WER": 0.7696524861938397,
    "morpheme_level": {
        "average_accuracy": 0.186630573130751,
        "accuracy": 0.16390728476821192
    },
    "classes": {
        "stem": {
            "prec": 0.1368421052631579,
            "rec": 0.12560386473429952,
            "f1": 0.13098236775818642
        },
        "gram": {
            "prec": 0.20277777777777778,
            "rec": 0.18387909319899245,
            "f1": 0.19286657859973577
        }
    },
    "MER": 0.7133419456030157,
    "chrf": 32.66630109386478,
    "total_tokens": 100745,
    "avg_tokens": 2398.690476190476
}