{
    "word_level": {
        "average_accuracy": 0.4201750401031818,
        "accuracy": 0.4536082474226804
    },
    "bleu": 0.353897362947464,
    "WER": 0.5615007234158305,
    "morpheme_level": {
        "average_accuracy": 0.3504324315507646,
        "accuracy": 0.32301255230125525
    },
    "classes": {
        "stem": {
            "prec": 0.36176470588235293,
            "rec": 0.32073011734028684,
            "f1": 0.3400138217000691
        },
        "gram": {
            "prec": 0.29850746268656714,
            "rec": 0.32710280373831774,
            "f1": 0.3121516164994426
        }
    },
    "MER": 0.5604648056068512,
    "chrf": 54.11446141661196,
    "total_tokens": 240297,
    "avg_tokens": 2730.6477272727275
}