{
    "word_level": {
        "average_accuracy": 0.3961266063622346,
        "accuracy": 0.4162371134020619
    },
    "bleu": 0.3550984859466553,
    "WER": 0.5666860488969444,
    "morpheme_level": {
        "average_accuracy": 0.3539224669724424,
        "accuracy": 0.33556485355648535
    },
    "classes": {
        "stem": {
            "prec": 0.3614457831325301,
            "rec": 0.31290743155149936,
            "f1": 0.33542976939203356
        },
        "gram": {
            "prec": 0.32723577235772355,
            "rec": 0.37616822429906543,
            "f1": 0.35
        }
    },
    "MER": 0.5597775349474617,
    "chrf": 52.375406252160396,
    "total_tokens": 239686,
    "avg_tokens": 2723.7045454545455
}