{
    "word_level": {
        "average_accuracy": 0.4057492271312457,
        "accuracy": 0.43041237113402064
    },
    "bleu": 0.35364004969596863,
    "WER": 0.5769849754976758,
    "morpheme_level": {
        "average_accuracy": 0.3735353807542803,
        "accuracy": 0.34644351464435147
    },
    "classes": {
        "stem": {
            "prec": 0.38686131386861317,
            "rec": 0.3455019556714472,
            "f1": 0.3650137741046832
        },
        "gram": {
            "prec": 0.3136842105263158,
            "rec": 0.34813084112149534,
            "f1": 0.33001107419712067
        }
    },
    "MER": 0.566280646497101,
    "chrf": 53.10151574449446,
    "total_tokens": 238560,
    "avg_tokens": 2710.909090909091
}