{
    "word_level": {
        "average_accuracy": 0.43658492759445383,
        "accuracy": 0.38121047877145436
    },
    "bleu": 0.338384211063385,
    "WER": 0.5074721040200122,
    "morpheme_level": {
        "average_accuracy": 0.3212983731385862,
        "accuracy": 0.2734375
    },
    "classes": {
        "stem": {
            "prec": 0.30698739977090495,
            "rec": 0.2958057395143488,
            "f1": 0.30129286115795395
        },
        "gram": {
            "prec": 0.2646755921730175,
            "rec": 0.2534516765285996,
            "f1": 0.25894206549118387
        }
    },
    "MER": 0.4950202758176227,
    "chrf": 57.49485040211968,
    "total_tokens": 400994,
    "avg_tokens": 4050.4444444444443
}