{
    "word_level": {
        "average_accuracy": 0.4268758798132953,
        "accuracy": 0.37669376693766937
    },
    "bleu": 0.3440544161870677,
    "WER": 0.513977920629032,
    "morpheme_level": {
        "average_accuracy": 0.29237105304459543,
        "accuracy": 0.2526041666666667
    },
    "classes": {
        "stem": {
            "prec": 0.2889908256880734,
            "rec": 0.2781456953642384,
            "f1": 0.2834645669291338
        },
        "gram": {
            "prec": 0.24397905759162303,
            "rec": 0.22978303747534518,
            "f1": 0.23666835957338753
        }
    },
    "MER": 0.4941865369780729,
    "chrf": 57.02464159172408,
    "total_tokens": 407867,
    "avg_tokens": 4119.868686868687
}