{
    "word_level": {
        "average_accuracy": 0.3942312971802952,
        "accuracy": 0.35862691960252935
    },
    "bleu": 0.28459876775741577,
    "WER": 0.6556609996479976,
    "morpheme_level": {
        "average_accuracy": 0.2748580081942551,
        "accuracy": 0.23020833333333332
    },
    "classes": {
        "stem": {
            "prec": 0.2711471610660487,
            "rec": 0.2582781456953642,
            "f1": 0.26455624646693043
        },
        "gram": {
            "prec": 0.22341568206229862,
            "rec": 0.20512820512820512,
            "f1": 0.21388174807197946
        }
    },
    "MER": 0.5801448925479831,
    "chrf": 53.718809878045924,
    "total_tokens": 407427,
    "avg_tokens": 4115.424242424242
}