{
    "word_level": {
        "average_accuracy": 0.6082076926904514,
        "accuracy": 0.5959051724137931
    },
    "bleu": 0.4238689420503342,
    "WER": 0.3963917189132706,
    "morpheme_level": {
        "average_accuracy": 0.5821595370625543,
        "accuracy": 0.5310778914240756
    },
    "classes": {
        "stem": {
            "prec": 0.5589887640449438,
            "rec": 0.562942008486563,
            "f1": 0.5609584214235378
        },
        "gram": {
            "prec": 0.5893617021276596,
            "rec": 0.49113475177304966,
            "f1": 0.5357833655705997
        }
    },
    "MER": 0.35647621655164774,
    "chrf": 63.98012131772742,
    "total_tokens": 360604,
    "avg_tokens": 1554.3275862068965
}