{
    "word_level": {
        "average_accuracy": 0.5779013969746728,
        "accuracy": 0.5625
    },
    "bleu": 0.4001763057814184,
    "WER": 0.4218232198835649,
    "morpheme_level": {
        "average_accuracy": 0.5417993883511126,
        "accuracy": 0.4878048780487805
    },
    "classes": {
        "stem": {
            "prec": 0.5138888888888888,
            "rec": 0.5233380480905233,
            "f1": 0.5185704274702171
        },
        "gram": {
            "prec": 0.5543237250554324,
            "rec": 0.4432624113475177,
            "f1": 0.4926108374384236
        }
    },
    "MER": 0.38369666731735685,
    "chrf": 62.222911741214794,
    "total_tokens": 360165,
    "avg_tokens": 1552.4353448275863
}