{
    "word_level": {
        "average_accuracy": 0.5808212979549185,
        "accuracy": 0.572198275862069
    },
    "bleu": 0.40216672200411874,
    "WER": 0.42816884982833275,
    "morpheme_level": {
        "average_accuracy": 0.5511379604590811,
        "accuracy": 0.5019669551534225
    },
    "classes": {
        "stem": {
            "prec": 0.5328671328671328,
            "rec": 0.5388967468175389,
            "f1": 0.5358649789029536
        },
        "gram": {
            "prec": 0.5698447893569845,
            "rec": 0.45567375886524825,
            "f1": 0.5064039408866995
        }
    },
    "MER": 0.3863847658567488,
    "chrf": 61.95653721315616,
    "total_tokens": 359639,
    "avg_tokens": 1550.1681034482758
}