{
    "word_level": {
        "average_accuracy": 0.1177736119700405,
        "accuracy": 0.1018041237113402
    },
    "bleu": 0.0327311497711644,
    "WER": 0.8969581918360112,
    "morpheme_level": {
        "average_accuracy": 0.09976642730370011,
        "accuracy": 0.08278145695364239
    },
    "classes": {
        "stem": {
            "prec": 0.07476635514018691,
            "rec": 0.0966183574879227,
            "f1": 0.08429926238145416
        },
        "gram": {
            "prec": 0.1284796573875803,
            "rec": 0.07556675062972293,
            "f1": 0.09516256938937352
        }
    },
    "MER": 0.7982263358028627,
    "chrf": 24.567991218350745,
    "total_tokens": 71923,
    "avg_tokens": 856.2261904761905
}