{
    "word_level": {
        "average_accuracy": 0.1119252405906541,
        "accuracy": 0.10309278350515463
    },
    "bleu": 0.0,
    "WER": 0.8999009292712301,
    "morpheme_level": {
        "average_accuracy": 0.13397213977260503,
        "accuracy": 0.11754966887417219
    },
    "classes": {
        "stem": {
            "prec": 0.11206896551724138,
            "rec": 0.12560386473429952,
            "f1": 0.11845102505694761
        },
        "gram": {
            "prec": 0.1465798045602606,
            "rec": 0.11335012594458438,
            "f1": 0.1278409090909091
        }
    },
    "MER": 0.8620727797886139,
    "chrf": 24.854402647397634,
    "total_tokens": 18061,
    "avg_tokens": 430.0238095238095
}