{
    "word_level": {
        "average_accuracy": 0.12060901713157354,
        "accuracy": 0.1134020618556701
    },
    "bleu": 0.0,
    "WER": 0.8784006372352238,
    "morpheme_level": {
        "average_accuracy": 0.13338703976078925,
        "accuracy": 0.12582781456953643
    },
    "classes": {
        "stem": {
            "prec": 0.11555555555555555,
            "rec": 0.12560386473429952,
            "f1": 0.12037037037037036
        },
        "gram": {
            "prec": 0.15479876160990713,
            "rec": 0.12594458438287154,
            "f1": 0.1388888888888889
        }
    },
    "MER": 0.8404150925253365,
    "chrf": 25.947228057937444,
    "total_tokens": 18044,
    "avg_tokens": 429.6190476190476
}