{
    "word_level": {
        "average_accuracy": 0.09802303829559471,
        "accuracy": 0.09536082474226804
    },
    "bleu": 0.0,
    "WER": 0.9556274117834268,
    "morpheme_level": {
        "average_accuracy": 0.09173283244815175,
        "accuracy": 0.08940397350993377
    },
    "classes": {
        "stem": {
            "prec": 0.06808510638297872,
            "rec": 0.07729468599033816,
            "f1": 0.07239819004524888
        },
        "gram": {
            "prec": 0.11987381703470032,
            "rec": 0.09571788413098237,
            "f1": 0.10644257703081232
        }
    },
    "MER": 0.8860338753285663,
    "chrf": 24.9655345108044,
    "total_tokens": 17998,
    "avg_tokens": 428.5238095238095
}