{
    "word_level": {
        "average_accuracy": 0.19549935584360717,
        "accuracy": 0.20489690721649484
    },
    "bleu": 0.15966078639030457,
    "WER": 0.7751155097913116,
    "morpheme_level": {
        "average_accuracy": 0.16806148815234445,
        "accuracy": 0.1598326359832636
    },
    "classes": {
        "stem": {
            "prec": 0.19322990126939352,
            "rec": 0.17861799217731422,
            "f1": 0.18563685636856367
        },
        "gram": {
            "prec": 0.13075060532687652,
            "rec": 0.1261682242990654,
            "f1": 0.12841854934601665
        }
    },
    "MER": 0.8131952482944599,
    "chrf": 36.78412328029776,
    "total_tokens": 37424,
    "avg_tokens": 425.27272727272725
}