{
    "word_level": {
        "average_accuracy": 0.22277336024829336,
        "accuracy": 0.2190721649484536
    },
    "bleu": 0.1640661060810089,
    "WER": 0.7453326867765366,
    "morpheme_level": {
        "average_accuracy": 0.1765581241930454,
        "accuracy": 0.1682008368200837
    },
    "classes": {
        "stem": {
            "prec": 0.19944979367262725,
            "rec": 0.18904823989569752,
            "f1": 0.1941097724230254
        },
        "gram": {
            "prec": 0.13592233009708737,
            "rec": 0.1308411214953271,
            "f1": 0.13333333333333333
        }
    },
    "MER": 0.7785183925740321,
    "chrf": 38.144753161415316,
    "total_tokens": 37601,
    "avg_tokens": 427.28409090909093
}