{
    "word_level": {
        "average_accuracy": 0.20220028627448414,
        "accuracy": 0.19974226804123713
    },
    "bleu": 0.1432051807641983,
    "WER": 0.7604350136602808,
    "morpheme_level": {
        "average_accuracy": 0.1659031326033683,
        "accuracy": 0.16150627615062763
    },
    "classes": {
        "stem": {
            "prec": 0.1958904109589041,
            "rec": 0.1864406779661017,
            "f1": 0.1910487641950568
        },
        "gram": {
            "prec": 0.125,
            "rec": 0.11682242990654206,
            "f1": 0.12077294685990338
        }
    },
    "MER": 0.8137613723565736,
    "chrf": 36.821985795323876,
    "total_tokens": 37665,
    "avg_tokens": 428.0113636363636
}