{
    "word_level": {
        "average_accuracy": 0.21664240459583187,
        "accuracy": 0.15898825654923215
    },
    "bleu": 0.12487272669725151,
    "WER": 0.7599814982205494,
    "morpheme_level": {
        "average_accuracy": 0.160588613252651,
        "accuracy": 0.11302083333333333
    },
    "classes": {
        "stem": {
            "prec": 0.14331896551724138,
            "rec": 0.1467991169977925,
            "f1": 0.1450381679389313
        },
        "gram": {
            "prec": 0.10566037735849057,
            "rec": 0.08284023668639054,
            "f1": 0.09286898839137647
        }
    },
    "MER": 0.7319259552681121,
    "chrf": 35.34876904866718,
    "total_tokens": 51998,
    "avg_tokens": 525.2323232323232
}