{
    "word_level": {
        "average_accuracy": 0.21297718242266084,
        "accuracy": 0.15537488708220415
    },
    "bleu": 0.11641326206396274,
    "WER": 0.7694037759948017,
    "morpheme_level": {
        "average_accuracy": 0.16005182929451106,
        "accuracy": 0.11458333333333333
    },
    "classes": {
        "stem": {
            "prec": 0.15265486725663716,
            "rec": 0.152317880794702,
            "f1": 0.15248618784530388
        },
        "gram": {
            "prec": 0.10049019607843138,
            "rec": 0.08086785009861933,
            "f1": 0.08961748633879782
        }
    },
    "MER": 0.7377725941650781,
    "chrf": 35.04469587927812,
    "total_tokens": 52597,
    "avg_tokens": 531.2828282828283
}