{
    "word_level": {
        "average_accuracy": 0.20319505319384,
        "accuracy": 0.14453477868112014
    },
    "bleu": 0.12288830074942694,
    "WER": 0.7623511263300105,
    "morpheme_level": {
        "average_accuracy": 0.152106472312928,
        "accuracy": 0.10885416666666667
    },
    "classes": {
        "stem": {
            "prec": 0.14484978540772533,
            "rec": 0.1490066225165563,
            "f1": 0.14689880304679
        },
        "gram": {
            "prec": 0.09181141439205956,
            "rec": 0.07297830374753451,
            "f1": 0.08131868131868132
        }
    },
    "MER": 0.7390861290490159,
    "chrf": 35.69304205965461,
    "total_tokens": 53010,
    "avg_tokens": 535.4545454545455
}