{
    "word_level": {
        "average_accuracy": 0.39873986167089603,
        "accuracy": 0.3545258620689655
    },
    "bleu": 0.12854045056995475,
    "WER": 0.6181970567746429,
    "morpheme_level": {
        "average_accuracy": 0.3489899886990405,
        "accuracy": 0.2800944138473643
    },
    "classes": {
        "stem": {
            "prec": 0.3421828908554572,
            "rec": 0.32814710042432815,
            "f1": 0.3350180505415163
        },
        "gram": {
            "prec": 0.26439232409381663,
            "rec": 0.2198581560283688,
            "f1": 0.24007744433688288
        }
    },
    "MER": 0.6323270001071726,
    "chrf": 40.86550358969389,
    "total_tokens": 76105,
    "avg_tokens": 328.03879310344826
}