{
    "word_level": {
        "average_accuracy": 0.3741995073891627,
        "accuracy": 0.33405172413793105
    },
    "bleu": 0.11431746636956389,
    "WER": 0.619286616161616,
    "morpheme_level": {
        "average_accuracy": 0.32928971770566623,
        "accuracy": 0.25570416994492523
    },
    "classes": {
        "stem": {
            "prec": 0.3125,
            "rec": 0.297029702970297,
            "f1": 0.3045685279187817
        },
        "gram": {
            "prec": 0.2533039647577093,
            "rec": 0.20390070921985815,
            "f1": 0.22593320235756384
        }
    },
    "MER": 0.6389790645178579,
    "chrf": 40.06319118488923,
    "total_tokens": 76174,
    "avg_tokens": 328.33620689655174
}