{
    "word_level": {
        "average_accuracy": 0.3716389573070607,
        "accuracy": 0.3308189655172414
    },
    "bleu": 0.11191024128336684,
    "WER": 0.6369692926804996,
    "morpheme_level": {
        "average_accuracy": 0.33263598829331603,
        "accuracy": 0.26593233674272226
    },
    "classes": {
        "stem": {
            "prec": 0.32365747460087085,
            "rec": 0.31541725601131543,
            "f1": 0.3194842406876791
        },
        "gram": {
            "prec": 0.257847533632287,
            "rec": 0.20390070921985815,
            "f1": 0.2277227722772277
        }
    },
    "MER": 0.6477406692923933,
    "chrf": 39.16234584663204,
    "total_tokens": 76338,
    "avg_tokens": 329.0431034482759
}