{
    "word_level": {
        "average_accuracy": 0.20992228579962535,
        "accuracy": 0.19716494845360824
    },
    "bleu": 0.1949552595615387,
    "WER": 0.7262106256173768,
    "morpheme_level": {
        "average_accuracy": 0.16394885058338474,
        "accuracy": 0.1489539748953975
    },
    "classes": {
        "stem": {
            "prec": 0.17612809315866085,
            "rec": 0.1577574967405476,
            "f1": 0.16643741403026135
        },
        "gram": {
            "prec": 0.13768115942028986,
            "rec": 0.13317757009345793,
            "f1": 0.1353919239904988
        }
    },
    "MER": 0.7871217156257964,
    "chrf": 38.99142988836727,
    "total_tokens": 705842,
    "avg_tokens": 8020.931818181818
}