{
    "word_level": {
        "average_accuracy": 0.2840132644109916,
        "accuracy": 0.31056701030927836
    },
    "bleu": 0.27550244331359863,
    "WER": 0.6829501082174877,
    "morpheme_level": {
        "average_accuracy": 0.25906442155729725,
        "accuracy": 0.2518828451882845
    },
    "classes": {
        "stem": {
            "prec": 0.28715728715728717,
            "rec": 0.25945241199478486,
            "f1": 0.2726027397260274
        },
        "gram": {
            "prec": 0.23776223776223776,
            "rec": 0.2383177570093458,
            "f1": 0.2380396732788798
        }
    },
    "MER": 0.71242656384007,
    "chrf": 45.36768515499219,
    "total_tokens": 702477,
    "avg_tokens": 7982.693181818182
}