{
    "word_level": {
        "average_accuracy": 0.25653445911634404,
        "accuracy": 0.28994845360824745
    },
    "bleu": 0.27477702498435974,
    "WER": 0.6774720312738359,
    "morpheme_level": {
        "average_accuracy": 0.24579335197122976,
        "accuracy": 0.25439330543933053
    },
    "classes": {
        "stem": {
            "prec": 0.29640287769784174,
            "rec": 0.2685788787483703,
            "f1": 0.28180574555403554
        },
        "gram": {
            "prec": 0.21923937360178972,
            "rec": 0.22897196261682243,
            "f1": 0.224
        }
    },
    "MER": 0.7244176497216183,
    "chrf": 46.62184253751635,
    "total_tokens": 708084,
    "avg_tokens": 8046.409090909091
}