{
    "word_level": {
        "average_accuracy": 0.3769223077618099,
        "accuracy": 0.33604336043360433
    },
    "bleu": 0.12138041853904724,
    "WER": 0.5491042675827026,
    "morpheme_level": {
        "average_accuracy": 0.2411601289379174,
        "accuracy": 0.20833333333333334
    },
    "classes": {
        "stem": {
            "prec": 0.25302663438256656,
            "rec": 0.2306843267108168,
            "f1": 0.24133949191685913
        },
        "gram": {
            "prec": 0.2076086956521739,
            "rec": 0.1883629191321499,
            "f1": 0.19751809720785934
        }
    },
    "MER": 1.068102579863967,
    "chrf": 48.13106922262471,
    "total_tokens": 1238021,
    "avg_tokens": 12505.262626262625
}