{
    "word_level": {
        "average_accuracy": 0.38699581513400294,
        "accuracy": 0.34327009936766034
    },
    "bleu": 0.26096124658430503,
    "WER": 0.544876677224245,
    "morpheme_level": {
        "average_accuracy": 0.2574077108443204,
        "accuracy": 0.21354166666666666
    },
    "classes": {
        "stem": {
            "prec": 0.26181818181818184,
            "rec": 0.23841059602649006,
            "f1": 0.2495667244367418
        },
        "gram": {
            "prec": 0.19958847736625515,
            "rec": 0.1913214990138067,
            "f1": 0.19536757301107754
        }
    },
    "MER": 0.5213836622136817,
    "chrf": 52.60303788066308,
    "total_tokens": 1230168,
    "avg_tokens": 12425.939393939394
}