{
    "word_level": {
        "average_accuracy": 0.3712326125117513,
        "accuracy": 0.2953929539295393
    },
    "bleu": 0.24791339274937166,
    "WER": 0.5330856383468479,
    "morpheme_level": {
        "average_accuracy": 0.25677177315635824,
        "accuracy": 0.21354166666666666
    },
    "classes": {
        "stem": {
            "prec": 0.2532239155920281,
            "rec": 0.23841059602649006,
            "f1": 0.24559408754974416
        },
        "gram": {
            "prec": 0.21773288439955107,
            "rec": 0.1913214990138067,
            "f1": 0.20367454068241472
        }
    },
    "MER": 0.5266242283225449,
    "chrf": 50.055980121221374,
    "total_tokens": 1235514,
    "avg_tokens": 12479.939393939394
}