{
    "word_level": {
        "average_accuracy": 0.44562356943822473,
        "accuracy": 0.40086206896551724
    },
    "bleu": 0.20485677827270898,
    "WER": 0.5394937677265262,
    "morpheme_level": {
        "average_accuracy": 0.4007698958129993,
        "accuracy": 0.3202202989771833
    },
    "classes": {
        "stem": {
            "prec": 0.36415362731152207,
            "rec": 0.3620933521923621,
            "f1": 0.36312056737588655
        },
        "gram": {
            "prec": 0.36211031175059955,
            "rec": 0.26773049645390073,
            "f1": 0.30784913353720694
        }
    },
    "MER": 0.5241096008876182,
    "chrf": 46.062231912639334,
    "total_tokens": 1043431,
    "avg_tokens": 4497.547413793103
}