{
    "word_level": {
        "average_accuracy": 0.40886886102403347,
        "accuracy": 0.4019396551724138
    },
    "bleu": 0.21765712247343844,
    "WER": 0.5704206473603024,
    "morpheme_level": {
        "average_accuracy": 0.38707008987181396,
        "accuracy": 0.3485444531864674
    },
    "classes": {
        "stem": {
            "prec": 0.3956204379562044,
            "rec": 0.38330975954738333,
            "f1": 0.38936781609195403
        },
        "gram": {
            "prec": 0.4028103044496487,
            "rec": 0.3049645390070922,
            "f1": 0.34712411705348134
        }
    },
    "MER": 0.5550747025962541,
    "chrf": 47.459467954409526,
    "total_tokens": 1044012,
    "avg_tokens": 4500.051724137931
}