{
    "word_level": {
        "average_accuracy": 0.43169487361297715,
        "accuracy": 0.4170258620689655
    },
    "bleu": 0.2156666668969341,
    "WER": 0.562219174503657,
    "morpheme_level": {
        "average_accuracy": 0.38939909467926703,
        "accuracy": 0.34067663257277736
    },
    "classes": {
        "stem": {
            "prec": 0.3680456490727532,
            "rec": 0.3649222065063649,
            "f1": 0.36647727272727276
        },
        "gram": {
            "prec": 0.42475728155339804,
            "rec": 0.3102836879432624,
            "f1": 0.3586065573770491
        }
    },
    "MER": 0.5204373272799997,
    "chrf": 48.61887052904137,
    "total_tokens": 1044866,
    "avg_tokens": 4503.732758620689
}