{
    "word_level": {
        "average_accuracy": 0.052420327514312484,
        "accuracy": 0.05154639175257732
    },
    "bleu": 0.0,
    "WER": 0.9779600064374502,
    "morpheme_level": {
        "average_accuracy": 0.07288957144965534,
        "accuracy": 0.0695364238410596
    },
    "classes": {
        "stem": {
            "prec": 0.07246376811594203,
            "rec": 0.0966183574879227,
            "f1": 0.08281573498964803
        },
        "gram": {
            "prec": 0.09523809523809523,
            "rec": 0.055415617128463476,
            "f1": 0.07006369426751591
        }
    },
    "MER": 0.8921836006827126,
    "chrf": 20.688373038431745,
    "total_tokens": 32943,
    "avg_tokens": 784.3571428571429
}