{
    "word_level": {
        "average_accuracy": 0.058136638493781354,
        "accuracy": 0.04381443298969072
    },
    "bleu": 0.0,
    "WER": 0.939075412195713,
    "morpheme_level": {
        "average_accuracy": 0.0947318398925468,
        "accuracy": 0.07781456953642384
    },
    "classes": {
        "stem": {
            "prec": 0.11290322580645161,
            "rec": 0.13526570048309178,
            "f1": 0.12307692307692306
        },
        "gram": {
            "prec": 0.07335907335907337,
            "rec": 0.04785894206549118,
            "f1": 0.05792682926829268
        }
    },
    "MER": 0.9005689147083261,
    "chrf": 21.48115135424108,
    "total_tokens": 33538,
    "avg_tokens": 798.5238095238095
}