{
    "word_level": {
        "average_accuracy": 0.059194839551982424,
        "accuracy": 0.05412371134020619
    },
    "bleu": 0.0,
    "WER": 0.9553404389400632,
    "morpheme_level": {
        "average_accuracy": 0.09656895029892826,
        "accuracy": 0.08609271523178808
    },
    "classes": {
        "stem": {
            "prec": 0.11284046692607004,
            "rec": 0.14009661835748793,
            "f1": 0.125
        },
        "gram": {
            "prec": 0.08614232209737828,
            "rec": 0.05793450881612091,
            "f1": 0.06927710843373494
        }
    },
    "MER": 0.8486167493539292,
    "chrf": 21.90952377602921,
    "total_tokens": 33523,
    "avg_tokens": 798.1666666666666
}