{
    "word_level": {
        "average_accuracy": 0.04867830255530791,
        "accuracy": 0.045103092783505154
    },
    "bleu": 0.0,
    "WER": 0.9656142064063187,
    "morpheme_level": {
        "average_accuracy": 0.07196660029934727,
        "accuracy": 0.05690376569037657
    },
    "classes": {
        "stem": {
            "prec": 0.07680722891566265,
            "rec": 0.06649282920469361,
            "f1": 0.07127882599580712
        },
        "gram": {
            "prec": 0.045454545454545456,
            "rec": 0.0397196261682243,
            "f1": 0.04239401496259352
        }
    },
    "MER": 0.9904888620028109,
    "chrf": 20.449249953004557,
    "total_tokens": 67443,
    "avg_tokens": 766.3977272727273
}