{
    "word_level": {
        "average_accuracy": 0.04918809894578611,
        "accuracy": 0.04252577319587629
    },
    "bleu": 0.02508858735685925,
    "WER": 0.969414905669919,
    "morpheme_level": {
        "average_accuracy": 0.058192571262248284,
        "accuracy": 0.04351464435146443
    },
    "classes": {
        "stem": {
            "prec": 0.061128526645768025,
            "rec": 0.05084745762711865,
            "f1": 0.05551601423487545
        },
        "gram": {
            "prec": 0.032663316582914576,
            "rec": 0.030373831775700934,
            "f1": 0.031476997578692496
        }
    },
    "MER": 0.9900366485340449,
    "chrf": 21.376017356447544,
    "total_tokens": 67701,
    "avg_tokens": 769.3295454545455
}