{
    "word_level": {
        "average_accuracy": 0.04615317280758457,
        "accuracy": 0.03865979381443299
    },
    "bleu": 0.0146748626159267,
    "WER": 0.980826312168224,
    "morpheme_level": {
        "average_accuracy": 0.054024195944052396,
        "accuracy": 0.048535564853556486
    },
    "classes": {
        "stem": {
            "prec": 0.07174887892376682,
            "rec": 0.06258148631029987,
            "f1": 0.06685236768802229
        },
        "gram": {
            "prec": 0.02577319587628866,
            "rec": 0.02336448598130841,
            "f1": 0.02450980392156863
        }
    },
    "MER": 0.9947736584340336,
    "chrf": 21.094075444597323,
    "total_tokens": 67565,
    "avg_tokens": 767.7840909090909
}