{
    "word_level": {
        "average_accuracy": 0.1182742544681676,
        "accuracy": 0.0966576332429991
    },
    "bleu": 0.020419595688979424,
    "WER": 0.9068473564169118,
    "morpheme_level": {
        "average_accuracy": 0.07451967220278072,
        "accuracy": 0.0609375
    },
    "classes": {
        "stem": {
            "prec": 0.10253583241455347,
            "rec": 0.10264900662251655,
            "f1": 0.10259238830667401
        },
        "gram": {
            "prec": 0.03204272363150868,
            "rec": 0.023668639053254437,
            "f1": 0.027226318774815655
        }
    },
    "MER": 0.8303939155559217,
    "chrf": 24.504233778255536,
    "total_tokens": 102871,
    "avg_tokens": 1039.1010101010102
}