{
    "word_level": {
        "average_accuracy": 0.0959341976624994,
        "accuracy": 0.08130081300813008
    },
    "bleu": 0.028267307244794274,
    "WER": 0.9170391284897652,
    "morpheme_level": {
        "average_accuracy": 0.07315583997955757,
        "accuracy": 0.058333333333333334
    },
    "classes": {
        "stem": {
            "prec": 0.0963302752293578,
            "rec": 0.09271523178807947,
            "f1": 0.09448818897637797
        },
        "gram": {
            "prec": 0.03341288782816229,
            "rec": 0.027613412228796843,
            "f1": 0.030237580993520516
        }
    },
    "MER": 0.8542271831288035,
    "chrf": 24.637660622422203,
    "total_tokens": 104805,
    "avg_tokens": 1058.6363636363637
}