{
    "word_level": {
        "average_accuracy": 0.10541276961145411,
        "accuracy": 0.07317073170731707
    },
    "bleu": 0.016651349367545778,
    "WER": 0.8974399854021472,
    "morpheme_level": {
        "average_accuracy": 0.0869803045890717,
        "accuracy": 0.0625
    },
    "classes": {
        "stem": {
            "prec": 0.10372960372960373,
            "rec": 0.09823399558498896,
            "f1": 0.10090702947845806
        },
        "gram": {
            "prec": 0.03964194373401535,
            "rec": 0.03057199211045365,
            "f1": 0.034521158129175944
        }
    },
    "MER": 0.8505607294972392,
    "chrf": 24.211728564598772,
    "total_tokens": 103617,
    "avg_tokens": 1046.6363636363637
}