{
    "word_level": {
        "average_accuracy": 0.1515051997810618,
        "accuracy": 0.16594827586206898
    },
    "bleu": 0.02558310494939518,
    "WER": 0.8991892446633826,
    "morpheme_level": {
        "average_accuracy": 0.13422006633213526,
        "accuracy": 0.13217938630999213
    },
    "classes": {
        "stem": {
            "prec": 0.20123839009287925,
            "rec": 0.18387553041018387,
            "f1": 0.19216555801921653
        },
        "gram": {
            "prec": 0.08278867102396514,
            "rec": 0.0673758865248227,
            "f1": 0.07429130009775171
        }
    },
    "MER": 0.9402952650797478,
    "chrf": 25.695856230462432,
    "total_tokens": 124443,
    "avg_tokens": 536.3922413793103
}