{
    "word_level": {
        "average_accuracy": 0.1775793650793651,
        "accuracy": 0.17995689655172414
    },
    "bleu": 0.0,
    "WER": 0.8748085846146192,
    "morpheme_level": {
        "average_accuracy": 0.16842380560052972,
        "accuracy": 0.14319433516915814
    },
    "classes": {
        "stem": {
            "prec": 0.20579710144927535,
            "rec": 0.20084865629420084,
            "f1": 0.20329277022190406
        },
        "gram": {
            "prec": 0.097799511002445,
            "rec": 0.07092198581560284,
            "f1": 0.08221993833504626
        }
    },
    "MER": 0.8605399509494331,
    "chrf": 27.01999989360628,
    "total_tokens": 123523,
    "avg_tokens": 532.426724137931
}