{
    "word_level": {
        "average_accuracy": 0.15392720306513402,
        "accuracy": 0.1724137931034483
    },
    "bleu": 0.039490161676643466,
    "WER": 0.9243036896054135,
    "morpheme_level": {
        "average_accuracy": 0.1488255757652309,
        "accuracy": 0.14083398898505115
    },
    "classes": {
        "stem": {
            "prec": 0.1925287356321839,
            "rec": 0.18953323903818953,
            "f1": 0.1910192444761226
        },
        "gram": {
            "prec": 0.11306532663316583,
            "rec": 0.0797872340425532,
            "f1": 0.09355509355509356
        }
    },
    "MER": 0.9137301934176937,
    "chrf": 27.779960527290566,
    "total_tokens": 124718,
    "avg_tokens": 537.5775862068965
}