{
    "word_level": {
        "average_accuracy": 0.24091831309876421,
        "accuracy": 0.20876288659793815
    },
    "bleu": 0.13185181446878871,
    "WER": 0.7373490544543175,
    "morpheme_level": {
        "average_accuracy": 0.21619488068226603,
        "accuracy": 0.18874172185430463
    },
    "classes": {
        "stem": {
            "prec": 0.17073170731707318,
            "rec": 0.16908212560386474,
            "f1": 0.16990291262135923
        },
        "gram": {
            "prec": 0.24012158054711247,
            "rec": 0.19899244332493704,
            "f1": 0.21763085399449036
        }
    },
    "MER": 0.6746865566929413,
    "chrf": 35.07647739527873,
    "total_tokens": 161422,
    "avg_tokens": 3843.3809523809523
}