{
    "word_level": {
        "average_accuracy": 0.23625884697313268,
        "accuracy": 0.20103092783505155
    },
    "bleu": 0.11200113256223333,
    "WER": 0.7407691758255668,
    "morpheme_level": {
        "average_accuracy": 0.23416312596414604,
        "accuracy": 0.1986754966887417
    },
    "classes": {
        "stem": {
            "prec": 0.20187793427230047,
            "rec": 0.20772946859903382,
            "f1": 0.20476190476190478
        },
        "gram": {
            "prec": 0.24290220820189273,
            "rec": 0.19395465994962216,
            "f1": 0.2156862745098039
        }
    },
    "MER": 0.6779390333474582,
    "chrf": 34.62383318809953,
    "total_tokens": 162030,
    "avg_tokens": 3857.8571428571427
}