{
    "word_level": {
        "average_accuracy": 0.2273349996564282,
        "accuracy": 0.19072164948453607
    },
    "bleu": 0.12938385319754128,
    "WER": 0.7350741346512023,
    "morpheme_level": {
        "average_accuracy": 0.2323467567832449,
        "accuracy": 0.19370860927152317
    },
    "classes": {
        "stem": {
            "prec": 0.18055555555555555,
            "rec": 0.18840579710144928,
            "f1": 0.1843971631205674
        },
        "gram": {
            "prec": 0.24,
            "rec": 0.1964735516372796,
            "f1": 0.2160664819944598
        }
    },
    "MER": 0.671109535400314,
    "chrf": 34.84689806172754,
    "total_tokens": 161936,
    "avg_tokens": 3855.6190476190477
}