{
    "word_level": {
        "average_accuracy": 0.4718944019579045,
        "accuracy": 0.4845360824742268
    },
    "bleu": 0.4183483123779297,
    "WER": 0.4981731530361211,
    "morpheme_level": {
        "average_accuracy": 0.3863358083141541,
        "accuracy": 0.33556485355648535
    },
    "classes": {
        "stem": {
            "prec": 0.3866279069767442,
            "rec": 0.3468057366362451,
            "f1": 0.36563573883161504
        },
        "gram": {
            "prec": 0.2903225806451613,
            "rec": 0.31542056074766356,
            "f1": 0.3023516237402016
        }
    },
    "MER": 0.47888997436562875,
    "chrf": 58.33498610834344,
    "total_tokens": 323464,
    "avg_tokens": 3675.7272727272725
}