{
    "word_level": {
        "average_accuracy": 0.48498986079199985,
        "accuracy": 0.5
    },
    "bleu": 0.42099103331565857,
    "WER": 0.47980681757419713,
    "morpheme_level": {
        "average_accuracy": 0.39520810218723956,
        "accuracy": 0.3523012552301255
    },
    "classes": {
        "stem": {
            "prec": 0.4031791907514451,
            "rec": 0.363754889178618,
            "f1": 0.3824537354352296
        },
        "gram": {
            "prec": 0.3148558758314856,
            "rec": 0.3317757009345794,
            "f1": 0.323094425483504
        }
    },
    "MER": 0.4686345166414826,
    "chrf": 58.10563483960232,
    "total_tokens": 323023,
    "avg_tokens": 3670.715909090909
}