{
    "word_level": {
        "average_accuracy": 0.48084334901681164,
        "accuracy": 0.47164948453608246
    },
    "bleu": 0.3972652852535248,
    "WER": 0.4808820191256688,
    "morpheme_level": {
        "average_accuracy": 0.3763574032033784,
        "accuracy": 0.3138075313807531
    },
    "classes": {
        "stem": {
            "prec": 0.34388489208633094,
            "rec": 0.3116036505867014,
            "f1": 0.32694938440492477
        },
        "gram": {
            "prec": 0.3022222222222222,
            "rec": 0.3177570093457944,
            "f1": 0.30979498861047833
        }
    },
    "MER": 0.4688590354896118,
    "chrf": 56.44313201825677,
    "total_tokens": 323242,
    "avg_tokens": 3673.2045454545455
}