{
    "word_level": {
        "average_accuracy": 0.4548872895102289,
        "accuracy": 0.4010840108401084
    },
    "bleu": 0.3721408251582043,
    "WER": 0.4528623433271399,
    "morpheme_level": {
        "average_accuracy": 0.3245883445153202,
        "accuracy": 0.26510416666666664
    },
    "classes": {
        "stem": {
            "prec": 0.30994152046783624,
            "rec": 0.2924944812362031,
            "f1": 0.30096536059057355
        },
        "gram": {
            "prec": 0.2549634273772205,
            "rec": 0.2406311637080868,
            "f1": 0.2475900558092339
        }
    },
    "MER": 0.43828183455044606,
    "chrf": 59.72508729952831,
    "total_tokens": 506599,
    "avg_tokens": 5117.161616161616
}