{
    "word_level": {
        "average_accuracy": 0.478190918624844,
        "accuracy": 0.4137308039747064
    },
    "bleu": 0.3796231553707708,
    "WER": 0.43361273243358006,
    "morpheme_level": {
        "average_accuracy": 0.31986822994857084,
        "accuracy": 0.2640625
    },
    "classes": {
        "stem": {
            "prec": 0.3050058207217695,
            "rec": 0.2891832229580574,
            "f1": 0.29688385269121814
        },
        "gram": {
            "prec": 0.263724434876211,
            "rec": 0.2416173570019724,
            "f1": 0.2521873391662378
        }
    },
    "MER": 0.436743779908364,
    "chrf": 59.9757516490326,
    "total_tokens": 506801,
    "avg_tokens": 5119.20202020202
}