{
    "word_level": {
        "average_accuracy": 0.4751491026492397,
        "accuracy": 0.4146341463414634
    },
    "bleu": 0.37724111273285355,
    "WER": 0.43752345788915664,
    "morpheme_level": {
        "average_accuracy": 0.3225540992579153,
        "accuracy": 0.28229166666666666
    },
    "classes": {
        "stem": {
            "prec": 0.3077816492450639,
            "rec": 0.2924944812362031,
            "f1": 0.29994340690435767
        },
        "gram": {
            "prec": 0.2928118393234672,
            "rec": 0.27317554240631164,
            "f1": 0.28265306122448974
        }
    },
    "MER": 0.4257319240755142,
    "chrf": 60.88682641241441,
    "total_tokens": 505550,
    "avg_tokens": 5106.565656565656
}