{
    "word_level": {
        "average_accuracy": 0.5402973702542667,
        "accuracy": 0.5581896551724138
    },
    "bleu": 0.3696412894611904,
    "WER": 0.43378069487983295,
    "morpheme_level": {
        "average_accuracy": 0.4979937447609863,
        "accuracy": 0.46577498033044845
    },
    "classes": {
        "stem": {
            "prec": 0.49855907780979825,
            "rec": 0.4893917963224894,
            "f1": 0.49393290506780874
        },
        "gram": {
            "prec": 0.5146443514644351,
            "rec": 0.43617021276595747,
            "f1": 0.472168905950096
        }
    },
    "MER": 0.4255570578846444,
    "chrf": 59.6261366364199,
    "total_tokens": 363547,
    "avg_tokens": 1567.0129310344828
}