{
    "word_level": {
        "average_accuracy": 0.5782853162163504,
        "accuracy": 0.5700431034482759
    },
    "bleu": 0.3702355141593835,
    "WER": 0.4000637532965121,
    "morpheme_level": {
        "average_accuracy": 0.5421289019888159,
        "accuracy": 0.4783634933123525
    },
    "classes": {
        "stem": {
            "prec": 0.5186781609195402,
            "rec": 0.5106082036775106,
            "f1": 0.5146115466856737
        },
        "gram": {
            "prec": 0.5135135135135135,
            "rec": 0.4379432624113475,
            "f1": 0.4727272727272727
        }
    },
    "MER": 0.3925850071863003,
    "chrf": 60.58345969254696,
    "total_tokens": 364584,
    "avg_tokens": 1571.4827586206898
}