{
    "word_level": {
        "average_accuracy": 0.5849369619843757,
        "accuracy": 0.5786637931034483
    },
    "bleu": 0.38390505363889643,
    "WER": 0.39781994825098294,
    "morpheme_level": {
        "average_accuracy": 0.5422532508200613,
        "accuracy": 0.48623131392604246
    },
    "classes": {
        "stem": {
            "prec": 0.5280898876404494,
            "rec": 0.5318246110325319,
            "f1": 0.5299506694855532
        },
        "gram": {
            "prec": 0.5272331154684096,
            "rec": 0.42907801418439717,
            "f1": 0.47311827956989244
        }
    },
    "MER": 0.39008486724003977,
    "chrf": 60.81974323531547,
    "total_tokens": 364750,
    "avg_tokens": 1572.198275862069
}