{
    "word_level": {
        "average_accuracy": 0.5514154786784096,
        "accuracy": 0.5506465517241379
    },
    "bleu": 0.3647703056033697,
    "WER": 0.41235196795541645,
    "morpheme_level": {
        "average_accuracy": 0.5357308101381375,
        "accuracy": 0.47993705743509046
    },
    "classes": {
        "stem": {
            "prec": 0.5133239831697055,
            "rec": 0.5176803394625177,
            "f1": 0.5154929577464789
        },
        "gram": {
            "prec": 0.5281385281385281,
            "rec": 0.4326241134751773,
            "f1": 0.47563352826510724
        }
    },
    "MER": 0.4134438238964104,
    "chrf": 59.757531280047175,
    "total_tokens": 363850,
    "avg_tokens": 1568.3189655172414
}