{
    "word_level": {
        "average_accuracy": 0.14833220768371144,
        "accuracy": 0.12886597938144329
    },
    "bleu": 0.043075160948753834,
    "WER": 0.853785053362121,
    "morpheme_level": {
        "average_accuracy": 0.1598046848196541,
        "accuracy": 0.1390728476821192
    },
    "classes": {
        "stem": {
            "prec": 0.13145539906103287,
            "rec": 0.13526570048309178,
            "f1": 0.13333333333333333
        },
        "gram": {
            "prec": 0.1702127659574468,
            "rec": 0.14105793450881612,
            "f1": 0.15426997245179064
        }
    },
    "MER": 0.7988551287516176,
    "chrf": 28.692182731569766,
    "total_tokens": 21492,
    "avg_tokens": 511.7142857142857
}