{
    "word_level": {
        "average_accuracy": 0.16816536290220502,
        "accuracy": 0.14690721649484537
    },
    "bleu": 0.046447496861219406,
    "WER": 0.8583188671534536,
    "morpheme_level": {
        "average_accuracy": 0.18913422931036797,
        "accuracy": 0.16390728476821192
    },
    "classes": {
        "stem": {
            "prec": 0.1691542288557214,
            "rec": 0.1642512077294686,
            "f1": 0.16666666666666669
        },
        "gram": {
            "prec": 0.18518518518518517,
            "rec": 0.163727959697733,
            "f1": 0.17379679144385027
        }
    },
    "MER": 0.8060188788996793,
    "chrf": 28.182907017812525,
    "total_tokens": 21888,
    "avg_tokens": 521.1428571428571
}