{
    "word_level": {
        "average_accuracy": 0.14614245751463797,
        "accuracy": 0.14690721649484537
    },
    "bleu": 0.0,
    "WER": 0.8571171796735706,
    "morpheme_level": {
        "average_accuracy": 0.1508621022806502,
        "accuracy": 0.13245033112582782
    },
    "classes": {
        "stem": {
            "prec": 0.0995260663507109,
            "rec": 0.10144927536231885,
            "f1": 0.10047846889952154
        },
        "gram": {
            "prec": 0.17101449275362318,
            "rec": 0.1486146095717884,
            "f1": 0.15902964959568733
        }
    },
    "MER": 0.8141237306680638,
    "chrf": 27.235673251078506,
    "total_tokens": 21682,
    "avg_tokens": 516.2380952380952
}