{
    "word_level": {
        "average_accuracy": 0.3019482681999393,
        "accuracy": 0.28994845360824745
    },
    "bleu": 0.248727947473526,
    "WER": 0.6511156511323624,
    "morpheme_level": {
        "average_accuracy": 0.26488931493408335,
        "accuracy": 0.23430962343096234
    },
    "classes": {
        "stem": {
            "prec": 0.25644699140401145,
            "rec": 0.2333767926988266,
            "f1": 0.24436860068259386
        },
        "gram": {
            "prec": 0.2311212814645309,
            "rec": 0.23598130841121495,
            "f1": 0.23352601156069366
        }
    },
    "MER": 0.6553126064480024,
    "chrf": 46.56165399178717,
    "total_tokens": 46054,
    "avg_tokens": 523.3409090909091
}