{
    "word_level": {
        "average_accuracy": 0.3048540341571759,
        "accuracy": 0.29896907216494845
    },
    "bleu": 0.23030950129032135,
    "WER": 0.6578270653805413,
    "morpheme_level": {
        "average_accuracy": 0.23060825583332975,
        "accuracy": 0.2
    },
    "classes": {
        "stem": {
            "prec": 0.23823109843081314,
            "rec": 0.21773142112125163,
            "f1": 0.22752043596730243
        },
        "gram": {
            "prec": 0.16981132075471697,
            "rec": 0.16822429906542055,
            "f1": 0.16901408450704225
        }
    },
    "MER": 0.6996281614640222,
    "chrf": 45.42916766020799,
    "total_tokens": 46818,
    "avg_tokens": 532.0227272727273
}