{
    "word_level": {
        "average_accuracy": 0.3162843508264631,
        "accuracy": 0.28865979381443296
    },
    "bleu": 0.2308363914489746,
    "WER": 0.6438827084214785,
    "morpheme_level": {
        "average_accuracy": 0.2251427639118499,
        "accuracy": 0.18326359832635983
    },
    "classes": {
        "stem": {
            "prec": 0.20903954802259886,
            "rec": 0.19295958279009126,
            "f1": 0.2006779661016949
        },
        "gram": {
            "prec": 0.16745283018867924,
            "rec": 0.1658878504672897,
            "f1": 0.16666666666666666
        }
    },
    "MER": 0.683601799319063,
    "chrf": 44.06290217799588,
    "total_tokens": 45535,
    "avg_tokens": 517.4431818181819
}