{
    "word_level": {
        "average_accuracy": 0.28566659126647215,
        "accuracy": 0.2240289069557362
    },
    "bleu": 0.14581329119515257,
    "WER": 0.6946721661188066,
    "morpheme_level": {
        "average_accuracy": 0.18717761101968444,
        "accuracy": 0.13489583333333333
    },
    "classes": {
        "stem": {
            "prec": 0.16928251121076232,
            "rec": 0.16666666666666666,
            "f1": 0.16796440489432704
        },
        "gram": {
            "prec": 0.12631578947368421,
            "rec": 0.10650887573964497,
            "f1": 0.11556982343499198
        }
    },
    "MER": 0.6652941603975412,
    "chrf": 41.21917413390614,
    "total_tokens": 66488,
    "avg_tokens": 671.5959595959596
}