{
    "word_level": {
        "average_accuracy": 0.24882625420227472,
        "accuracy": 0.1960252935862692
    },
    "bleu": 0.16161487056777665,
    "WER": 0.6887936648352606,
    "morpheme_level": {
        "average_accuracy": 0.18197167856745797,
        "accuracy": 0.14166666666666666
    },
    "classes": {
        "stem": {
            "prec": 0.17745535714285715,
            "rec": 0.17549668874172186,
            "f1": 0.17647058823529413
        },
        "gram": {
            "prec": 0.13452380952380952,
            "rec": 0.11143984220907298,
            "f1": 0.12189859762675297
        }
    },
    "MER": 0.6635214237964469,
    "chrf": 42.22391742534697,
    "total_tokens": 67320,
    "avg_tokens": 680.0
}