{
    "word_level": {
        "average_accuracy": 0.26049388856304156,
        "accuracy": 0.20776874435411022
    },
    "bleu": 0.16204012993183997,
    "WER": 0.6858830490009675,
    "morpheme_level": {
        "average_accuracy": 0.1824107856023494,
        "accuracy": 0.13854166666666667
    },
    "classes": {
        "stem": {
            "prec": 0.17194570135746606,
            "rec": 0.16777041942604856,
            "f1": 0.16983240223463686
        },
        "gram": {
            "prec": 0.1310344827586207,
            "rec": 0.11242603550295859,
            "f1": 0.12101910828025479
        }
    },
    "MER": 0.6728001586596729,
    "chrf": 42.14228074504038,
    "total_tokens": 66254,
    "avg_tokens": 669.2323232323232
}