{
    "word_level": {
        "average_accuracy": 0.46398545180872774,
        "accuracy": 0.43211206896551724
    },
    "bleu": 0.2291526184759108,
    "WER": 0.5506199619346168,
    "morpheme_level": {
        "average_accuracy": 0.42275792933120515,
        "accuracy": 0.3548387096774194
    },
    "classes": {
        "stem": {
            "prec": 0.41184971098265893,
            "rec": 0.4031117397454031,
            "f1": 0.40743388134381703
        },
        "gram": {
            "prec": 0.37727272727272726,
            "rec": 0.29432624113475175,
            "f1": 0.33067729083665337
        }
    },
    "MER": 0.5107030900134348,
    "chrf": 49.17394332852832,
    "total_tokens": 86249,
    "avg_tokens": 371.76293103448273
}