{
    "word_level": {
        "average_accuracy": 0.4689045628700801,
        "accuracy": 0.4396551724137931
    },
    "bleu": 0.23937200334019948,
    "WER": 0.5584403144747975,
    "morpheme_level": {
        "average_accuracy": 0.4414116415194,
        "accuracy": 0.37057435090479934
    },
    "classes": {
        "stem": {
            "prec": 0.41954022988505746,
            "rec": 0.413012729844413,
            "f1": 0.4162508909479686
        },
        "gram": {
            "prec": 0.3934065934065934,
            "rec": 0.3173758865248227,
            "f1": 0.35132482826300293
        }
    },
    "MER": 0.5095473252800837,
    "chrf": 50.073075554460054,
    "total_tokens": 86063,
    "avg_tokens": 370.96120689655174
}