{
    "word_level": {
        "average_accuracy": 0.4867669925859581,
        "accuracy": 0.4364224137931034
    },
    "bleu": 0.22954947816940313,
    "WER": 0.5088082176444243,
    "morpheme_level": {
        "average_accuracy": 0.46203891295486116,
        "accuracy": 0.3745082612116444
    },
    "classes": {
        "stem": {
            "prec": 0.42547033285094066,
            "rec": 0.4158415841584158,
            "f1": 0.4206008583690987
        },
        "gram": {
            "prec": 0.3913978494623656,
            "rec": 0.32269503546099293,
            "f1": 0.3537414965986395
        }
    },
    "MER": 0.47968946163989296,
    "chrf": 50.24100955689321,
    "total_tokens": 85685,
    "avg_tokens": 369.3318965517241
}