{
    "word_level": {
        "average_accuracy": 0.13794054038414943,
        "accuracy": 0.11855670103092783
    },
    "bleu": 0.04975556209683418,
    "WER": 0.8553984618834243,
    "morpheme_level": {
        "average_accuracy": 0.1583772664618423,
        "accuracy": 0.1357615894039735
    },
    "classes": {
        "stem": {
            "prec": 0.12315270935960591,
            "rec": 0.12077294685990338,
            "f1": 0.12195121951219512
        },
        "gram": {
            "prec": 0.15877437325905291,
            "rec": 0.14357682619647355,
            "f1": 0.15079365079365079
        }
    },
    "MER": 0.8118881610383719,
    "chrf": 28.623247656464763,
    "total_tokens": 22945,
    "avg_tokens": 546.3095238095239
}