{
    "word_level": {
        "average_accuracy": 0.1332147106583197,
        "accuracy": 0.11597938144329897
    },
    "bleu": 0.0445065294604872,
    "WER": 0.8477943596364649,
    "morpheme_level": {
        "average_accuracy": 0.15802379545619744,
        "accuracy": 0.13245033112582782
    },
    "classes": {
        "stem": {
            "prec": 0.14427860696517414,
            "rec": 0.14009661835748793,
            "f1": 0.14215686274509806
        },
        "gram": {
            "prec": 0.14366197183098592,
            "rec": 0.12846347607052896,
            "f1": 0.13563829787234044
        }
    },
    "MER": 0.8127266980341978,
    "chrf": 28.439129162012357,
    "total_tokens": 22975,
    "avg_tokens": 547.0238095238095
}