{
    "word_level": {
        "average_accuracy": 0.1371602029966692,
        "accuracy": 0.12371134020618557
    },
    "bleu": 0.031730446964502335,
    "WER": 0.8635162039297377,
    "morpheme_level": {
        "average_accuracy": 0.15447511846031542,
        "accuracy": 0.13079470198675497
    },
    "classes": {
        "stem": {
            "prec": 0.1377551020408163,
            "rec": 0.13043478260869565,
            "f1": 0.13399503722084366
        },
        "gram": {
            "prec": 0.14325068870523416,
            "rec": 0.1309823677581864,
            "f1": 0.13684210526315788
        }
    },
    "MER": 0.8320806655393413,
    "chrf": 27.250701533434324,
    "total_tokens": 22973,
    "avg_tokens": 546.9761904761905
}