{
    "word_level": {
        "average_accuracy": 0.28330141939767606,
        "accuracy": 0.25257731958762886
    },
    "bleu": 0.21593701839447021,
    "WER": 0.6659341027322307,
    "morpheme_level": {
        "average_accuracy": 0.22705969350345578,
        "accuracy": 0.18577405857740587
    },
    "classes": {
        "stem": {
            "prec": 0.20664739884393063,
            "rec": 0.1864406779661017,
            "f1": 0.1960246744345442
        },
        "gram": {
            "prec": 0.18372093023255814,
            "rec": 0.18457943925233644,
            "f1": 0.18414918414918413
        }
    },
    "MER": 0.6908307397477638,
    "chrf": 44.24243510267232,
    "total_tokens": 45717,
    "avg_tokens": 519.5113636363636
}