{
    "word_level": {
        "average_accuracy": 0.3099391755808868,
        "accuracy": 0.2770618556701031
    },
    "bleu": 0.22816772758960724,
    "WER": 0.6537666773545783,
    "morpheme_level": {
        "average_accuracy": 0.23328190300854246,
        "accuracy": 0.19246861924686193
    },
    "classes": {
        "stem": {
            "prec": 0.21656976744186046,
            "rec": 0.19426336375488917,
            "f1": 0.20481099656357388
        },
        "gram": {
            "prec": 0.19285714285714287,
            "rec": 0.18925233644859812,
            "f1": 0.1910377358490566
        }
    },
    "MER": 0.6860307305386286,
    "chrf": 45.341270268777706,
    "total_tokens": 45721,
    "avg_tokens": 519.5568181818181
}