{
    "word_level": {
        "average_accuracy": 0.28330353403882813,
        "accuracy": 0.24355670103092783
    },
    "bleu": 0.21561646461486816,
    "WER": 0.6639860146126856,
    "morpheme_level": {
        "average_accuracy": 0.22622523727874835,
        "accuracy": 0.18326359832635983
    },
    "classes": {
        "stem": {
            "prec": 0.20754716981132076,
            "rec": 0.1864406779661017,
            "f1": 0.19642857142857145
        },
        "gram": {
            "prec": 0.17674418604651163,
            "rec": 0.17757009345794392,
            "f1": 0.17715617715617712
        }
    },
    "MER": 0.686907666968707,
    "chrf": 44.16321195849969,
    "total_tokens": 45671,
    "avg_tokens": 518.9886363636364
}