{
    "word_level": {
        "average_accuracy": 0.32038186431077925,
        "accuracy": 0.25925925925925924
    },
    "bleu": 0.2194267129374973,
    "WER": 0.6439340684287357,
    "morpheme_level": {
        "average_accuracy": 0.23586777367996223,
        "accuracy": 0.19010416666666666
    },
    "classes": {
        "stem": {
            "prec": 0.22706422018348624,
            "rec": 0.2185430463576159,
            "f1": 0.22272215973003376
        },
        "gram": {
            "prec": 0.18514412416851442,
            "rec": 0.16469428007889547,
            "f1": 0.17432150313152403
        }
    },
    "MER": 0.6102137626451419,
    "chrf": 45.1867625717933,
    "total_tokens": 66600,
    "avg_tokens": 672.7272727272727
}