{
    "word_level": {
        "average_accuracy": 0.29120983089960595,
        "accuracy": 0.23125564588979222
    },
    "bleu": 0.2127683180267416,
    "WER": 0.667458342441903,
    "morpheme_level": {
        "average_accuracy": 0.2260565199583843,
        "accuracy": 0.1796875
    },
    "classes": {
        "stem": {
            "prec": 0.22119815668202766,
            "rec": 0.2119205298013245,
            "f1": 0.21645997745208567
        },
        "gram": {
            "prec": 0.1668484187568157,
            "rec": 0.15088757396449703,
            "f1": 0.15846711548420506
        }
    },
    "MER": 0.6111858873434881,
    "chrf": 44.70913304969016,
    "total_tokens": 66524,
    "avg_tokens": 671.959595959596
}