{
    "word_level": {
        "average_accuracy": 0.2944514724223154,
        "accuracy": 0.24661246612466126
    },
    "bleu": 0.22063947953716467,
    "WER": 0.6610979774475527,
    "morpheme_level": {
        "average_accuracy": 0.22214781347435802,
        "accuracy": 0.17760416666666667
    },
    "classes": {
        "stem": {
            "prec": 0.220162224797219,
            "rec": 0.2097130242825607,
            "f1": 0.21481062747314866
        },
        "gram": {
            "prec": 0.1634199134199134,
            "rec": 0.14891518737672585,
            "f1": 0.15583075335397314
        }
    },
    "MER": 0.6096046035082986,
    "chrf": 45.1565287722903,
    "total_tokens": 66539,
    "avg_tokens": 672.1111111111111
}