{
    "word_level": {
        "average_accuracy": 0.4617683920485643,
        "accuracy": 0.4267241379310345
    },
    "bleu": 0.2021985944027415,
    "WER": 0.5328744650942929,
    "morpheme_level": {
        "average_accuracy": 0.4263603793237415,
        "accuracy": 0.3430369787568843
    },
    "classes": {
        "stem": {
            "prec": 0.403954802259887,
            "rec": 0.4045261669024045,
            "f1": 0.4042402826855123
        },
        "gram": {
            "prec": 0.32967032967032966,
            "rec": 0.26595744680851063,
            "f1": 0.29440628066732094
        }
    },
    "MER": 0.5095090254573013,
    "chrf": 49.174417635493526,
    "total_tokens": 83402,
    "avg_tokens": 359.4913793103448
}