{
    "word_level": {
        "average_accuracy": 0.4390740844404636,
        "accuracy": 0.41271551724137934
    },
    "bleu": 0.20344500631822743,
    "WER": 0.5541918569935812,
    "morpheme_level": {
        "average_accuracy": 0.399972501157846,
        "accuracy": 0.3288749016522423
    },
    "classes": {
        "stem": {
            "prec": 0.38461538461538464,
            "rec": 0.38189533239038187,
            "f1": 0.38325053229240597
        },
        "gram": {
            "prec": 0.31965442764578833,
            "rec": 0.2624113475177305,
            "f1": 0.28821811100292116
        }
    },
    "MER": 0.5250520791469068,
    "chrf": 48.48116312342706,
    "total_tokens": 83366,
    "avg_tokens": 359.33620689655174
}