{
    "word_level": {
        "average_accuracy": 0.4388158058416676,
        "accuracy": 0.41594827586206895
    },
    "bleu": 0.20369386403365355,
    "WER": 0.5563966325819776,
    "morpheme_level": {
        "average_accuracy": 0.410343685289806,
        "accuracy": 0.33988985051140835
    },
    "classes": {
        "stem": {
            "prec": 0.39859154929577467,
            "rec": 0.4002828854314003,
            "f1": 0.3994354269583627
        },
        "gram": {
            "prec": 0.33408071748878926,
            "rec": 0.2641843971631206,
            "f1": 0.2950495049504951
        }
    },
    "MER": 0.5239937445217617,
    "chrf": 48.63667875897894,
    "total_tokens": 83329,
    "avg_tokens": 359.17672413793105
}