{
    "word_level": {
        "average_accuracy": 0.14631304542018825,
        "accuracy": 0.12371134020618557
    },
    "bleu": 0.04504270294836368,
    "WER": 0.8242364569432239,
    "morpheme_level": {
        "average_accuracy": 0.1508315187798533,
        "accuracy": 0.12417218543046357
    },
    "classes": {
        "stem": {
            "prec": 0.11458333333333333,
            "rec": 0.10628019323671498,
            "f1": 0.11027568922305764
        },
        "gram": {
            "prec": 0.16459627329192547,
            "rec": 0.13350125944584382,
            "f1": 0.1474269819193324
        }
    },
    "MER": 0.7675913231351846,
    "chrf": 28.634982427715,
    "total_tokens": 55336,
    "avg_tokens": 1317.5238095238096
}