{
    "word_level": {
        "average_accuracy": 0.1353853157424586,
        "accuracy": 0.11597938144329897
    },
    "bleu": 0.048364394567611116,
    "WER": 0.8493714444842266,
    "morpheme_level": {
        "average_accuracy": 0.13430622860557936,
        "accuracy": 0.12582781456953643
    },
    "classes": {
        "stem": {
            "prec": 0.11061946902654868,
            "rec": 0.12077294685990338,
            "f1": 0.11547344110854504
        },
        "gram": {
            "prec": 0.1624203821656051,
            "rec": 0.12846347607052896,
            "f1": 0.14345991561181434
        }
    },
    "MER": 0.7625398258688026,
    "chrf": 28.603339931464223,
    "total_tokens": 55727,
    "avg_tokens": 1326.8333333333333
}