{
    "word_level": {
        "average_accuracy": 0.15039926656468006,
        "accuracy": 0.14175257731958762
    },
    "bleu": 0.0311339912077735,
    "WER": 0.8352995584198591,
    "morpheme_level": {
        "average_accuracy": 0.12891074438413058,
        "accuracy": 0.10927152317880795
    },
    "classes": {
        "stem": {
            "prec": 0.09004739336492891,
            "rec": 0.09178743961352658,
            "f1": 0.09090909090909091
        },
        "gram": {
            "prec": 0.15562913907284767,
            "rec": 0.11838790931989925,
            "f1": 0.1344778254649499
        }
    },
    "MER": 0.7829317402835627,
    "chrf": 27.87198971426075,
    "total_tokens": 55190,
    "avg_tokens": 1314.047619047619
}