{
    "word_level": {
        "average_accuracy": 0.09821803792392027,
        "accuracy": 0.08891752577319588
    },
    "bleu": 0.057426318526268005,
    "WER": 0.9020667467358645,
    "morpheme_level": {
        "average_accuracy": 0.11237119397916615,
        "accuracy": 0.10125523012552301
    },
    "classes": {
        "stem": {
            "prec": 0.12625538020086083,
            "rec": 0.11473272490221642,
            "f1": 0.12021857923497267
        },
        "gram": {
            "prec": 0.08312342569269521,
            "rec": 0.07710280373831775,
            "f1": 0.08
        }
    },
    "MER": 0.9180214318926321,
    "chrf": 25.871459503610684,
    "total_tokens": 121330,
    "avg_tokens": 1378.75
}