{
    "word_level": {
        "average_accuracy": 0.1043446152236259,
        "accuracy": 0.09020618556701031
    },
    "bleu": 0.06465419381856918,
    "WER": 0.8929994641475254,
    "morpheme_level": {
        "average_accuracy": 0.1030570194938334,
        "accuracy": 0.08786610878661087
    },
    "classes": {
        "stem": {
            "prec": 0.11239193083573487,
            "rec": 0.1016949152542373,
            "f1": 0.10677618069815195
        },
        "gram": {
            "prec": 0.06352941176470588,
            "rec": 0.0630841121495327,
            "f1": 0.06330597889800701
        }
    },
    "MER": 0.9189115445156993,
    "chrf": 27.167620405409583,
    "total_tokens": 119525,
    "avg_tokens": 1358.2386363636363
}