{
    "word_level": {
        "average_accuracy": 0.10057828351611775,
        "accuracy": 0.07731958762886598
    },
    "bleu": 0.05534584278277722,
    "WER": 0.8925680754975539,
    "morpheme_level": {
        "average_accuracy": 0.11787647354105273,
        "accuracy": 0.09456066945606695
    },
    "classes": {
        "stem": {
            "prec": 0.1191553544494721,
            "rec": 0.10299869621903521,
            "f1": 0.1104895104895105
        },
        "gram": {
            "prec": 0.08542713567839195,
            "rec": 0.0794392523364486,
            "f1": 0.08232445520581114
        }
    },
    "MER": 0.8853748517694477,
    "chrf": 26.37678065306882,
    "total_tokens": 120650,
    "avg_tokens": 1371.0227272727273
}