{
    "word_level": {
        "average_accuracy": 0.1860085559268444,
        "accuracy": 0.16169828364950317
    },
    "bleu": 0.07987235346109216,
    "WER": 0.7745961961009747,
    "morpheme_level": {
        "average_accuracy": 0.12236065906606387,
        "accuracy": 0.10052083333333334
    },
    "classes": {
        "stem": {
            "prec": 0.13481828839390386,
            "rec": 0.12693156732891833,
            "f1": 0.13075611142694715
        },
        "gram": {
            "prec": 0.09885931558935361,
            "rec": 0.07692307692307693,
            "f1": 0.086522462562396
        }
    },
    "MER": 0.7415360621934278,
    "chrf": 33.071567552558776,
    "total_tokens": 199076,
    "avg_tokens": 2010.8686868686868
}