{
    "word_level": {
        "average_accuracy": 0.20936980828369794,
        "accuracy": 0.17163504968383017
    },
    "bleu": 0.06463239151861211,
    "WER": 0.7666022450709312,
    "morpheme_level": {
        "average_accuracy": 0.14377747296644577,
        "accuracy": 0.109375
    },
    "classes": {
        "stem": {
            "prec": 0.14016489988221437,
            "rec": 0.13134657836644592,
            "f1": 0.1356125356125356
        },
        "gram": {
            "prec": 0.10833333333333334,
            "rec": 0.08974358974358974,
            "f1": 0.09816612729234088
        }
    },
    "MER": 0.7431020697499161,
    "chrf": 33.84078583167862,
    "total_tokens": 200153,
    "avg_tokens": 2021.7474747474748
}