{
    "word_level": {
        "average_accuracy": 0.17161621377048183,
        "accuracy": 0.14272809394760613
    },
    "bleu": 0.06778879251278629,
    "WER": 0.7858476922079376,
    "morpheme_level": {
        "average_accuracy": 0.11893218796815966,
        "accuracy": 0.09583333333333334
    },
    "classes": {
        "stem": {
            "prec": 0.11149825783972125,
            "rec": 0.10596026490066225,
            "f1": 0.10865874363327674
        },
        "gram": {
            "prec": 0.10757946210268948,
            "rec": 0.08678500986193294,
            "f1": 0.09606986899563319
        }
    },
    "MER": 0.7555173216109048,
    "chrf": 32.937956530587286,
    "total_tokens": 197246,
    "avg_tokens": 1992.3838383838383
}