{
    "word_level": {
        "average_accuracy": 0.2628730345325174,
        "accuracy": 0.23814655172413793
    },
    "bleu": 0.07796753146791509,
    "WER": 0.7520589204856447,
    "morpheme_level": {
        "average_accuracy": 0.23635556852151696,
        "accuracy": 0.1841070023603462
    },
    "classes": {
        "stem": {
            "prec": 0.2316546762589928,
            "rec": 0.22772277227722773,
            "f1": 0.2296718972895863
        },
        "gram": {
            "prec": 0.19160104986876642,
            "rec": 0.12943262411347517,
            "f1": 0.1544973544973545
        }
    },
    "MER": 0.7326671173653933,
    "chrf": 32.95448317480679,
    "total_tokens": 201627,
    "avg_tokens": 869.0818965517242
}