{
    "word_level": {
        "average_accuracy": 0.23425713414937557,
        "accuracy": 0.2338362068965517
    },
    "bleu": 0.09139133892955573,
    "WER": 0.7863295827735484,
    "morpheme_level": {
        "average_accuracy": 0.22245436555781387,
        "accuracy": 0.1966955153422502
    },
    "classes": {
        "stem": {
            "prec": 0.2457757296466974,
            "rec": 0.2263083451202263,
            "f1": 0.235640648011782
        },
        "gram": {
            "prec": 0.19271948608137046,
            "rec": 0.1595744680851064,
            "f1": 0.17458777885548013
        }
    },
    "MER": 0.7750990568339712,
    "chrf": 34.069523520687504,
    "total_tokens": 202371,
    "avg_tokens": 872.2887931034483
}