{
    "word_level": {
        "average_accuracy": 0.2572524817136887,
        "accuracy": 0.24892241379310345
    },
    "bleu": 0.09037171800834445,
    "WER": 0.7731180337861374,
    "morpheme_level": {
        "average_accuracy": 0.24001440369974852,
        "accuracy": 0.2022029897718332
    },
    "classes": {
        "stem": {
            "prec": 0.25898203592814373,
            "rec": 0.2446958981612447,
            "f1": 0.25163636363636366
        },
        "gram": {
            "prec": 0.19047619047619047,
            "rec": 0.14893617021276595,
            "f1": 0.1671641791044776
        }
    },
    "MER": 0.761066908426823,
    "chrf": 34.28781651093917,
    "total_tokens": 202494,
    "avg_tokens": 872.8189655172414
}