{
    "word_level": {
        "average_accuracy": 0.20179536594010278,
        "accuracy": 0.17783505154639176
    },
    "bleu": 0.07076297043757712,
    "WER": 0.7851699504894996,
    "morpheme_level": {
        "average_accuracy": 0.19985825474318925,
        "accuracy": 0.1605960264900662
    },
    "classes": {
        "stem": {
            "prec": 0.14035087719298245,
            "rec": 0.15458937198067632,
            "f1": 0.14712643678160917
        },
        "gram": {
            "prec": 0.20186335403726707,
            "rec": 0.163727959697733,
            "f1": 0.18080667593880387
        }
    },
    "MER": 0.7200763804089494,
    "chrf": 31.815574417693394,
    "total_tokens": 98109,
    "avg_tokens": 2335.9285714285716
}