{
    "word_level": {
        "average_accuracy": 0.20199701092558234,
        "accuracy": 0.17525773195876287
    },
    "bleu": 0.08384839445352554,
    "WER": 0.8273720692423703,
    "morpheme_level": {
        "average_accuracy": 0.21231449386868304,
        "accuracy": 0.1804635761589404
    },
    "classes": {
        "stem": {
            "prec": 0.17857142857142858,
            "rec": 0.16908212560386474,
            "f1": 0.17369727047146402
        },
        "gram": {
            "prec": 0.20670391061452514,
            "rec": 0.18639798488664988,
            "f1": 0.1960264900662252
        }
    },
    "MER": 0.7887920468458056,
    "chrf": 30.865504891666507,
    "total_tokens": 100265,
    "avg_tokens": 2387.2619047619046
}