{
    "word_level": {
        "average_accuracy": 0.23459896584896583,
        "accuracy": 0.2036082474226804
    },
    "bleu": 0.09677163043484051,
    "WER": 0.7553151909354919,
    "morpheme_level": {
        "average_accuracy": 0.1825621521574159,
        "accuracy": 0.16225165562913907
    },
    "classes": {
        "stem": {
            "prec": 0.12796208530805686,
            "rec": 0.13043478260869565,
            "f1": 0.12918660287081338
        },
        "gram": {
            "prec": 0.22397476340694006,
            "rec": 0.17884130982367757,
            "f1": 0.19887955182072828
        }
    },
    "MER": 0.7442463295185776,
    "chrf": 31.844411824067752,
    "total_tokens": 97770,
    "avg_tokens": 2327.8571428571427
}