{
    "word_level": {
        "average_accuracy": 0.12946978365594672,
        "accuracy": 0.1327319587628866
    },
    "bleu": 0.10760526359081268,
    "WER": 0.8448174876734371,
    "morpheme_level": {
        "average_accuracy": 0.1496877737350577,
        "accuracy": 0.1322175732217573
    },
    "classes": {
        "stem": {
            "prec": 0.15439093484419264,
            "rec": 0.1421121251629726,
            "f1": 0.14799728445349625
        },
        "gram": {
            "prec": 0.12009803921568628,
            "rec": 0.11448598130841121,
            "f1": 0.11722488038277513
        }
    },
    "MER": 0.847729275996673,
    "chrf": 31.723620239898004,
    "total_tokens": 230232,
    "avg_tokens": 2616.2727272727275
}