{
    "word_level": {
        "average_accuracy": 0.1585176429594878,
        "accuracy": 0.14432989690721648
    },
    "bleu": 0.12803001701831818,
    "WER": 0.8204434571998074,
    "morpheme_level": {
        "average_accuracy": 0.14712583445080635,
        "accuracy": 0.12384937238493723
    },
    "classes": {
        "stem": {
            "prec": 0.1531791907514451,
            "rec": 0.13820078226857888,
            "f1": 0.1453050034270048
        },
        "gram": {
            "prec": 0.0995260663507109,
            "rec": 0.09813084112149532,
            "f1": 0.09882352941176471
        }
    },
    "MER": 0.8465718602062009,
    "chrf": 33.37436790410162,
    "total_tokens": 233878,
    "avg_tokens": 2657.7045454545455
}