{
    "word_level": {
        "average_accuracy": 0.1795220615407781,
        "accuracy": 0.16494845360824742
    },
    "bleu": 0.14099580730584327,
    "WER": 0.7978893842363092,
    "morpheme_level": {
        "average_accuracy": 0.1728859008508248,
        "accuracy": 0.13807531380753138
    },
    "classes": {
        "stem": {
            "prec": 0.17378497790868924,
            "rec": 0.15384615384615385,
            "f1": 0.1632088520055325
        },
        "gram": {
            "prec": 0.11868686868686869,
            "rec": 0.10981308411214953,
            "f1": 0.11407766990291263
        }
    },
    "MER": 0.8114761104133641,
    "chrf": 33.76062401292413,
    "total_tokens": 232581,
    "avg_tokens": 2642.965909090909
}