{
    "word_level": {
        "average_accuracy": 0.31985297423782444,
        "accuracy": 0.2755194218608853
    },
    "bleu": 0.15949142060964178,
    "WER": 0.6486884060809074,
    "morpheme_level": {
        "average_accuracy": 0.20238444359238317,
        "accuracy": 0.1765625
    },
    "classes": {
        "stem": {
            "prec": 0.19489559164733178,
            "rec": 0.18543046357615894,
            "f1": 0.1900452488687783
        },
        "gram": {
            "prec": 0.19148936170212766,
            "rec": 0.16863905325443787,
            "f1": 0.1793392763502884
        }
    },
    "MER": 0.648858717927055,
    "chrf": 42.555271017329474,
    "total_tokens": 392063,
    "avg_tokens": 3960.2323232323233
}