{
    "word_level": {
        "average_accuracy": 0.2792451916763045,
        "accuracy": 0.25474254742547425
    },
    "bleu": 0.16224288880003698,
    "WER": 0.6724397889335489,
    "morpheme_level": {
        "average_accuracy": 0.18956494691265313,
        "accuracy": 0.15520833333333334
    },
    "classes": {
        "stem": {
            "prec": 0.18632075471698112,
            "rec": 0.17439293598233996,
            "f1": 0.18015963511972635
        },
        "gram": {
            "prec": 0.16055045871559634,
            "rec": 0.13806706114398423,
            "f1": 0.14846235418875928
        }
    },
    "MER": 0.6391853730317676,
    "chrf": 42.76612574983033,
    "total_tokens": 394706,
    "avg_tokens": 3986.929292929293
}