{
    "word_level": {
        "average_accuracy": 0.2605189625124335,
        "accuracy": 0.23125564588979222
    },
    "bleu": 0.17019673802676932,
    "WER": 0.6538324360900771,
    "morpheme_level": {
        "average_accuracy": 0.17847183537183545,
        "accuracy": 0.1546875
    },
    "classes": {
        "stem": {
            "prec": 0.19064327485380117,
            "rec": 0.17991169977924945,
            "f1": 0.18512208972174898
        },
        "gram": {
            "prec": 0.14872364039955605,
            "rec": 0.13214990138067062,
            "f1": 0.1399477806788512
        }
    },
    "MER": 0.6360039285634637,
    "chrf": 43.948759568396945,
    "total_tokens": 398524,
    "avg_tokens": 4025.4949494949497
}