{
    "word_level": {
        "average_accuracy": 0.32477935139573083,
        "accuracy": 0.3103448275862069
    },
    "bleu": 0.1278718644445653,
    "WER": 0.7106834975369456,
    "morpheme_level": {
        "average_accuracy": 0.3124768191578537,
        "accuracy": 0.27773406766325726
    },
    "classes": {
        "stem": {
            "prec": 0.32599118942731276,
            "rec": 0.314002828854314,
            "f1": 0.31988472622478387
        },
        "gram": {
            "prec": 0.30184331797235026,
            "rec": 0.2322695035460993,
            "f1": 0.26252505010020044
        }
    },
    "MER": 0.6745452404396369,
    "chrf": 39.36385363071428,
    "total_tokens": 358282,
    "avg_tokens": 1544.3189655172414
}