{
    "word_level": {
        "average_accuracy": 0.3544938299248645,
        "accuracy": 0.33512931034482757
    },
    "bleu": 0.1215647678244952,
    "WER": 0.6583397086629845,
    "morpheme_level": {
        "average_accuracy": 0.3074147595699321,
        "accuracy": 0.25255704169944926
    },
    "classes": {
        "stem": {
            "prec": 0.31314623338257014,
            "rec": 0.29985855728429983,
            "f1": 0.30635838150289013
        },
        "gram": {
            "prec": 0.25586854460093894,
            "rec": 0.19326241134751773,
            "f1": 0.2202020202020202
        }
    },
    "MER": 0.6538402031397722,
    "chrf": 39.45351310791836,
    "total_tokens": 356771,
    "avg_tokens": 1537.8060344827586
}