{
    "word_level": {
        "average_accuracy": 0.39233623177588706,
        "accuracy": 0.36853448275862066
    },
    "bleu": 0.13188404346367769,
    "WER": 0.6295575832213764,
    "morpheme_level": {
        "average_accuracy": 0.34564792247981935,
        "accuracy": 0.2769472856018883
    },
    "classes": {
        "stem": {
            "prec": 0.3258426966292135,
            "rec": 0.32814710042432815,
            "f1": 0.3269908386187456
        },
        "gram": {
            "prec": 0.3015075376884422,
            "rec": 0.2127659574468085,
            "f1": 0.24948024948024947
        }
    },
    "MER": 0.5943206577904854,
    "chrf": 42.27431179559072,
    "total_tokens": 358388,
    "avg_tokens": 1544.7758620689656
}