{
    "word_level": {
        "average_accuracy": 0.23673584665126018,
        "accuracy": 0.21649484536082475
    },
    "bleu": 0.11329189719994853,
    "WER": 0.740896772052787,
    "morpheme_level": {
        "average_accuracy": 0.19369810706211968,
        "accuracy": 0.17218543046357615
    },
    "classes": {
        "stem": {
            "prec": 0.16080402010050251,
            "rec": 0.15458937198067632,
            "f1": 0.15763546798029557
        },
        "gram": {
            "prec": 0.21052631578947367,
            "rec": 0.181360201511335,
            "f1": 0.19485791610284164
        }
    },
    "MER": 0.6843351440496241,
    "chrf": 34.6516334984661,
    "total_tokens": 157153,
    "avg_tokens": 3741.7380952380954
}