{
    "word_level": {
        "average_accuracy": 0.22291562690998784,
        "accuracy": 0.18814432989690721
    },
    "bleu": 0.10906225071879687,
    "WER": 0.7450673491087026,
    "morpheme_level": {
        "average_accuracy": 0.2241353527365582,
        "accuracy": 0.19536423841059603
    },
    "classes": {
        "stem": {
            "prec": 0.18407960199004975,
            "rec": 0.178743961352657,
            "f1": 0.18137254901960786
        },
        "gram": {
            "prec": 0.2375366568914956,
            "rec": 0.2040302267002519,
            "f1": 0.21951219512195122
        }
    },
    "MER": 0.7000518113713673,
    "chrf": 33.356095215180545,
    "total_tokens": 156005,
    "avg_tokens": 3714.404761904762
}