{
    "word_level": {
        "average_accuracy": 0.21696930367043143,
        "accuracy": 0.20103092783505155
    },
    "bleu": 0.12965750205995935,
    "WER": 0.7343817923235216,
    "morpheme_level": {
        "average_accuracy": 0.20887415106702936,
        "accuracy": 0.18874172185430463
    },
    "classes": {
        "stem": {
            "prec": 0.18048780487804877,
            "rec": 0.178743961352657,
            "f1": 0.17961165048543687
        },
        "gram": {
            "prec": 0.2391304347826087,
            "rec": 0.19395465994962216,
            "f1": 0.21418636995827536
        }
    },
    "MER": 0.6852911031115397,
    "chrf": 34.17470510842542,
    "total_tokens": 155264,
    "avg_tokens": 3696.7619047619046
}