{
    "word_level": {
        "average_accuracy": 0.18689394174019844,
        "accuracy": 0.17396907216494845
    },
    "bleu": 0.1447880119085312,
    "WER": 0.7702185204691889,
    "morpheme_level": {
        "average_accuracy": 0.149087435530846,
        "accuracy": 0.12719665271966527
    },
    "classes": {
        "stem": {
            "prec": 0.16053019145802652,
            "rec": 0.1421121251629726,
            "f1": 0.1507607192254495
        },
        "gram": {
            "prec": 0.09684684684684684,
            "rec": 0.10046728971962617,
            "f1": 0.09862385321100918
        }
    },
    "MER": 0.8366420869604796,
    "chrf": 35.664897347389406,
    "total_tokens": 366720,
    "avg_tokens": 4167.272727272727
}