{
    "word_level": {
        "average_accuracy": 0.17614672269585369,
        "accuracy": 0.16881443298969073
    },
    "bleu": 0.13803160190582275,
    "WER": 0.7660571841220236,
    "morpheme_level": {
        "average_accuracy": 0.17085696946633122,
        "accuracy": 0.14393305439330545
    },
    "classes": {
        "stem": {
            "prec": 0.1673881673881674,
            "rec": 0.15123859191655803,
            "f1": 0.15890410958904114
        },
        "gram": {
            "prec": 0.1320754716981132,
            "rec": 0.1308411214953271,
            "f1": 0.13145539906103285
        }
    },
    "MER": 0.7978712340571157,
    "chrf": 35.786853560660965,
    "total_tokens": 367425,
    "avg_tokens": 4175.284090909091
}