{
    "word_level": {
        "average_accuracy": 0.2262238138992818,
        "accuracy": 0.2036082474226804
    },
    "bleu": 0.19293725490570068,
    "WER": 0.7267128010276408,
    "morpheme_level": {
        "average_accuracy": 0.18983574578221704,
        "accuracy": 0.15397489539748954
    },
    "classes": {
        "stem": {
            "prec": 0.18221574344023322,
            "rec": 0.16297262059973924,
            "f1": 0.1720578114246387
        },
        "gram": {
            "prec": 0.13752913752913754,
            "rec": 0.1378504672897196,
            "f1": 0.13768961493582263
        }
    },
    "MER": 0.7457624947812814,
    "chrf": 39.24239180669408,
    "total_tokens": 371110,
    "avg_tokens": 4217.159090909091
}