{
    "word_level": {
        "average_accuracy": 0.3049076237899081,
        "accuracy": 0.27100271002710025
    },
    "bleu": 0.1273442655801773,
    "WER": 0.6092166093785735,
    "morpheme_level": {
        "average_accuracy": 0.22681975114510167,
        "accuracy": 0.1828125
    },
    "classes": {
        "stem": {
            "prec": 0.21095571095571095,
            "rec": 0.1997792494481236,
            "f1": 0.20521541950113378
        },
        "gram": {
            "prec": 0.18867924528301888,
            "rec": 0.16765285996055226,
            "f1": 0.1775456919060052
        }
    },
    "MER": 1.6046621636877978,
    "chrf": 44.64086283182594,
    "total_tokens": 637447,
    "avg_tokens": 6438.858585858586
}