{
    "word_level": {
        "average_accuracy": 0.3341074196436376,
        "accuracy": 0.2899728997289973
    },
    "bleu": 0.16112631559371948,
    "WER": 0.6129233100842046,
    "morpheme_level": {
        "average_accuracy": 0.21373832249730423,
        "accuracy": 0.1671875
    },
    "classes": {
        "stem": {
            "prec": 0.19153936545240893,
            "rec": 0.17991169977924945,
            "f1": 0.18554354012521343
        },
        "gram": {
            "prec": 0.17420066152149946,
            "rec": 0.15581854043392504,
            "f1": 0.16449765747006767
        }
    },
    "MER": 0.7484993195731159,
    "chrf": 44.51426300858593,
    "total_tokens": 642751,
    "avg_tokens": 6492.434343434344
}