{
    "word_level": {
        "average_accuracy": 0.32099593674307136,
        "accuracy": 0.2971996386630533
    },
    "bleu": 0.2128876070780758,
    "WER": 0.6318059827781796,
    "morpheme_level": {
        "average_accuracy": 0.2220288366644666,
        "accuracy": 0.1953125
    },
    "classes": {
        "stem": {
            "prec": 0.22897196261682243,
            "rec": 0.2163355408388521,
            "f1": 0.2224744608399546
        },
        "gram": {
            "prec": 0.1982281284606866,
            "rec": 0.1765285996055227,
            "f1": 0.18675013041210226
        }
    },
    "MER": 0.6053190220150653,
    "chrf": 47.349661204984535,
    "total_tokens": 639733,
    "avg_tokens": 6461.949494949495
}