{
    "word_level": {
        "average_accuracy": 0.37602984898243547,
        "accuracy": 0.35129310344827586
    },
    "bleu": 0.17979092194358792,
    "WER": 0.6356503769219287,
    "morpheme_level": {
        "average_accuracy": 0.35376726362717753,
        "accuracy": 0.3021243115656963
    },
    "classes": {
        "stem": {
            "prec": 0.34097421203438394,
            "rec": 0.33663366336633666,
            "f1": 0.3387900355871886
        },
        "gram": {
            "prec": 0.36683417085427134,
            "rec": 0.25886524822695034,
            "f1": 0.3035343035343035
        }
    },
    "MER": 0.593691754844772,
    "chrf": 43.35406508531363,
    "total_tokens": 552689,
    "avg_tokens": 2382.280172413793
}