{
    "word_level": {
        "average_accuracy": 0.3848683883166644,
        "accuracy": 0.3620689655172414
    },
    "bleu": 0.1694155330026189,
    "WER": 0.6062064611633576,
    "morpheme_level": {
        "average_accuracy": 0.34749926199279657,
        "accuracy": 0.2911093627065303
    },
    "classes": {
        "stem": {
            "prec": 0.3333333333333333,
            "rec": 0.32531824611032534,
            "f1": 0.329277022190408
        },
        "gram": {
            "prec": 0.3422982885085575,
            "rec": 0.24822695035460993,
            "f1": 0.28776978417266186
        }
    },
    "MER": 0.5748339304373786,
    "chrf": 43.809252421811614,
    "total_tokens": 554949,
    "avg_tokens": 2392.021551724138
}