{
    "word_level": {
        "average_accuracy": 0.3492306065581929,
        "accuracy": 0.3394396551724138
    },
    "bleu": 0.12149178353411651,
    "WER": 0.6665139697467279,
    "morpheme_level": {
        "average_accuracy": 0.3227909542564716,
        "accuracy": 0.27852084972462626
    },
    "classes": {
        "stem": {
            "prec": 0.31924198250728864,
            "rec": 0.30975954738330974,
            "f1": 0.31442928930366115
        },
        "gram": {
            "prec": 0.33251231527093594,
            "rec": 0.2393617021276596,
            "f1": 0.2783505154639175
        }
    },
    "MER": 0.639290923396527,
    "chrf": 41.6436303027852,
    "total_tokens": 550475,
    "avg_tokens": 2372.737068965517
}