{
    "word_level": {
        "average_accuracy": 0.24255044150598967,
        "accuracy": 0.26288659793814434
    },
    "bleu": 0.21494264900684357,
    "WER": 0.7388427215800211,
    "morpheme_level": {
        "average_accuracy": 0.19805584723479813,
        "accuracy": 0.18493723849372384
    },
    "classes": {
        "stem": {
            "prec": 0.21842496285289748,
            "rec": 0.19165580182529335,
            "f1": 0.2041666666666667
        },
        "gram": {
            "prec": 0.1615720524017467,
            "rec": 0.17289719626168223,
            "f1": 0.16704288939051917
        }
    },
    "MER": 0.7915400579981569,
    "chrf": 41.30967041994169,
    "total_tokens": 729704,
    "avg_tokens": 8292.09090909091
}