{
    "word_level": {
        "average_accuracy": 0.24811054376562394,
        "accuracy": 0.211340206185567
    },
    "bleu": 0.1975235939025879,
    "WER": 0.6836613171088438,
    "morpheme_level": {
        "average_accuracy": 0.22522148009122045,
        "accuracy": 0.18577405857740587
    },
    "classes": {
        "stem": {
            "prec": 0.23293768545994065,
            "rec": 0.2046936114732725,
            "f1": 0.21790423317140878
        },
        "gram": {
            "prec": 0.14606741573033707,
            "rec": 0.15186915887850466,
            "f1": 0.14891179839633448
        }
    },
    "MER": 0.7502348897343442,
    "chrf": 40.46168981273247,
    "total_tokens": 722917,
    "avg_tokens": 8214.96590909091
}