{
    "word_level": {
        "average_accuracy": 0.24534635802182583,
        "accuracy": 0.20876288659793815
    },
    "bleu": 0.18727517127990723,
    "WER": 0.6869870634325848,
    "morpheme_level": {
        "average_accuracy": 0.24765212930865188,
        "accuracy": 0.18493723849372384
    },
    "classes": {
        "stem": {
            "prec": 0.23042836041358936,
            "rec": 0.2033898305084746,
            "f1": 0.21606648199445982
        },
        "gram": {
            "prec": 0.14772727272727273,
            "rec": 0.15186915887850466,
            "f1": 0.1497695852534562
        }
    },
    "MER": 0.7148464590919033,
    "chrf": 40.06922329348696,
    "total_tokens": 729617,
    "avg_tokens": 8291.102272727272
}