{
    "word_level": {
        "average_accuracy": 0.3557498945062302,
        "accuracy": 0.3053297199638663
    },
    "bleu": 0.21020167103194765,
    "WER": 0.5907493531112014,
    "morpheme_level": {
        "average_accuracy": 0.23174313243596634,
        "accuracy": 0.19427083333333334
    },
    "classes": {
        "stem": {
            "prec": 0.22911694510739858,
            "rec": 0.2119205298013245,
            "f1": 0.22018348623853212
        },
        "gram": {
            "prec": 0.1986827661909989,
            "rec": 0.17850098619329388,
            "f1": 0.18805194805194803
        }
    },
    "MER": 0.5698027604663659,
    "chrf": 48.48498150786913,
    "total_tokens": 1279328,
    "avg_tokens": 12922.505050505051
}