{
    "word_level": {
        "average_accuracy": 0.3469225221291944,
        "accuracy": 0.28906955736224027
    },
    "bleu": 0.22971689940063172,
    "WER": 0.5659840686067411,
    "morpheme_level": {
        "average_accuracy": 0.24268881215845034,
        "accuracy": 0.18802083333333333
    },
    "classes": {
        "stem": {
            "prec": 0.23373493975903614,
            "rec": 0.2141280353200883,
            "f1": 0.22350230414746544
        },
        "gram": {
            "prec": 0.1786096256684492,
            "rec": 0.16469428007889547,
            "f1": 0.17136993329912775
        }
    },
    "MER": 0.5626858319305743,
    "chrf": 49.433016583419125,
    "total_tokens": 1281693,
    "avg_tokens": 12946.39393939394
}