{
    "word_level": {
        "average_accuracy": 0.35473075993244335,
        "accuracy": 0.31616982836495033
    },
    "bleu": 0.2423408257491697,
    "WER": 0.5526981400559284,
    "morpheme_level": {
        "average_accuracy": 0.24508007636127235,
        "accuracy": 0.19895833333333332
    },
    "classes": {
        "stem": {
            "prec": 0.24178403755868544,
            "rec": 0.22737306843267108,
            "f1": 0.23435722411831625
        },
        "gram": {
            "prec": 0.195338512763596,
            "rec": 0.17357001972386588,
            "f1": 0.18381201044386422
        }
    },
    "MER": 0.5385024868023814,
    "chrf": 50.24002906710956,
    "total_tokens": 1284089,
    "avg_tokens": 12970.59595959596
}