{
    "word_level": {
        "average_accuracy": 0.39862090734935585,
        "accuracy": 0.3793103448275862
    },
    "bleu": 0.21050226926320553,
    "WER": 0.576074631785839,
    "morpheme_level": {
        "average_accuracy": 0.3778751062156234,
        "accuracy": 0.3304484657749803
    },
    "classes": {
        "stem": {
            "prec": 0.3812316715542522,
            "rec": 0.36775106082036774,
            "f1": 0.3743700503959683
        },
        "gram": {
            "prec": 0.37122969837587005,
            "rec": 0.28368794326241137,
            "f1": 0.32160804020100503
        }
    },
    "MER": 0.5401097465752637,
    "chrf": 46.754517444300035,
    "total_tokens": 1075069,
    "avg_tokens": 4633.918103448276
}