{
    "word_level": {
        "average_accuracy": 0.4056857055779469,
        "accuracy": 0.3900862068965517
    },
    "bleu": 0.21220819652247333,
    "WER": 0.571932533462706,
    "morpheme_level": {
        "average_accuracy": 0.3795343904180111,
        "accuracy": 0.3288749016522423
    },
    "classes": {
        "stem": {
            "prec": 0.37283236994219654,
            "rec": 0.3649222065063649,
            "f1": 0.3688348820586133
        },
        "gram": {
            "prec": 0.3755868544600939,
            "rec": 0.28368794326241137,
            "f1": 0.3232323232323232
        }
    },
    "MER": 0.5462500562177288,
    "chrf": 47.29781806941374,
    "total_tokens": 1082083,
    "avg_tokens": 4664.150862068966
}