{
    "word_level": {
        "average_accuracy": 0.42331426954271784,
        "accuracy": 0.4019396551724138
    },
    "bleu": 0.2114396912619634,
    "WER": 0.5656293538836642,
    "morpheme_level": {
        "average_accuracy": 0.40912036359234627,
        "accuracy": 0.36349331235247834
    },
    "classes": {
        "stem": {
            "prec": 0.39655172413793105,
            "rec": 0.39038189533239037,
            "f1": 0.3934426229508197
        },
        "gram": {
            "prec": 0.4492753623188406,
            "rec": 0.32978723404255317,
            "f1": 0.3803680981595092
        }
    },
    "MER": 0.521046021746453,
    "chrf": 47.85535972659274,
    "total_tokens": 1079696,
    "avg_tokens": 4653.862068965517
}