{
    "word_level": {
        "average_accuracy": 0.0999630660344946,
        "accuracy": 0.07474226804123711
    },
    "bleu": 0.01975877396762371,
    "WER": 1.0567443138871713,
    "morpheme_level": {
        "average_accuracy": 0.12238159010058611,
        "accuracy": 0.09768211920529801
    },
    "classes": {
        "stem": {
            "prec": 0.05687203791469194,
            "rec": 0.057971014492753624,
            "f1": 0.05741626794258373
        },
        "gram": {
            "prec": 0.12806539509536785,
            "rec": 0.11838790931989925,
            "f1": 0.12303664921465969
        }
    },
    "MER": 0.9703824313521524,
    "chrf": 23.587076318391652,
    "total_tokens": 18757,
    "avg_tokens": 446.5952380952381
}