{
    "word_level": {
        "average_accuracy": 0.10420531849103278,
        "accuracy": 0.07731958762886598
    },
    "bleu": 0.02085121162235737,
    "WER": 1.0256502999924055,
    "morpheme_level": {
        "average_accuracy": 0.13524430317783004,
        "accuracy": 0.09602649006622517
    },
    "classes": {
        "stem": {
            "prec": 0.07177033492822966,
            "rec": 0.07246376811594203,
            "f1": 0.07211538461538462
        },
        "gram": {
            "prec": 0.12078651685393259,
            "rec": 0.10831234256926953,
            "f1": 0.11420982735723771
        }
    },
    "MER": 0.9581064235284658,
    "chrf": 24.843059028108318,
    "total_tokens": 18575,
    "avg_tokens": 442.26190476190476
}