{
    "word_level": {
        "average_accuracy": 0.09960575139146567,
        "accuracy": 0.07731958762886598
    },
    "bleu": 0.028864966705441475,
    "WER": 1.063380402666117,
    "morpheme_level": {
        "average_accuracy": 0.11364645006563544,
        "accuracy": 0.09933774834437085
    },
    "classes": {
        "stem": {
            "prec": 0.07373271889400922,
            "rec": 0.07729468599033816,
            "f1": 0.07547169811320754
        },
        "gram": {
            "prec": 0.12535612535612536,
            "rec": 0.11083123425692695,
            "f1": 0.11764705882352942
        }
    },
    "MER": 0.9616240113733339,
    "chrf": 24.397555365961615,
    "total_tokens": 18557,
    "avg_tokens": 441.8333333333333
}