{
    "word_level": {
        "average_accuracy": 0.22093748848427988,
        "accuracy": 0.19458762886597938
    },
    "bleu": 0.19248363375663757,
    "WER": 0.8230011235943717,
    "morpheme_level": {
        "average_accuracy": 0.19736950967302078,
        "accuracy": 0.16401673640167364
    },
    "classes": {
        "stem": {
            "prec": 0.18844566712517194,
            "rec": 0.17861799217731422,
            "f1": 0.18340026773761714
        },
        "gram": {
            "prec": 0.15902964959568733,
            "rec": 0.1378504672897196,
            "f1": 0.14768460575719647
        }
    },
    "MER": 0.7575095744169413,
    "chrf": 40.83443312707707,
    "total_tokens": 36970,
    "avg_tokens": 420.1136363636364
}