{
    "word_level": {
        "average_accuracy": 0.21975378450980063,
        "accuracy": 0.18943298969072164
    },
    "bleu": 0.19600868225097656,
    "WER": 0.8205248593283351,
    "morpheme_level": {
        "average_accuracy": 0.2099784433715267,
        "accuracy": 0.1707112970711297
    },
    "classes": {
        "stem": {
            "prec": 0.19209809264305178,
            "rec": 0.18383311603650587,
            "f1": 0.18787475016655564
        },
        "gram": {
            "prec": 0.1721311475409836,
            "rec": 0.14719626168224298,
            "f1": 0.15869017632241814
        }
    },
    "MER": 0.7517744523376205,
    "chrf": 41.55814975943119,
    "total_tokens": 36498,
    "avg_tokens": 414.75
}