{
    "word_level": {
        "average_accuracy": 0.2054760687614966,
        "accuracy": 0.18041237113402062
    },
    "bleu": 0.186018705368042,
    "WER": 0.8353008615124253,
    "morpheme_level": {
        "average_accuracy": 0.21806879525937364,
        "accuracy": 0.1815899581589958
    },
    "classes": {
        "stem": {
            "prec": 0.20027434842249658,
            "rec": 0.19035202086049544,
            "f1": 0.1951871657754011
        },
        "gram": {
            "prec": 0.19346049046321526,
            "rec": 0.1658878504672897,
            "f1": 0.17861635220125788
        }
    },
    "MER": 0.7570414866058512,
    "chrf": 40.82616624337591,
    "total_tokens": 36644,
    "avg_tokens": 416.40909090909093
}