{
    "word_level": {
        "average_accuracy": 0.13447543583259133,
        "accuracy": 0.1093044263775971
    },
    "bleu": 0.08776982634817242,
    "WER": 1.0110832600491602,
    "morpheme_level": {
        "average_accuracy": 0.10285919870746939,
        "accuracy": 0.08125
    },
    "classes": {
        "stem": {
            "prec": 0.10436634717784878,
            "rec": 0.10816777041942605,
            "f1": 0.10623306233062331
        },
        "gram": {
            "prec": 0.07532467532467532,
            "rec": 0.05719921104536489,
            "f1": 0.06502242152466368
        }
    },
    "MER": 0.8228570137862316,
    "chrf": 29.540249154761938,
    "total_tokens": 53922,
    "avg_tokens": 544.6666666666666
}