{
    "word_level": {
        "average_accuracy": 0.13363335274897525,
        "accuracy": 0.10840108401084012
    },
    "bleu": 0.09255424410834055,
    "WER": 1.038203065955196,
    "morpheme_level": {
        "average_accuracy": 0.10985593298572285,
        "accuracy": 0.0890625
    },
    "classes": {
        "stem": {
            "prec": 0.11461619348054679,
            "rec": 0.12030905077262694,
            "f1": 0.11739364566505116
        },
        "gram": {
            "prec": 0.07888040712468193,
            "rec": 0.0611439842209073,
            "f1": 0.06888888888888889
        }
    },
    "MER": 0.8223293387987173,
    "chrf": 29.915054792000184,
    "total_tokens": 54104,
    "avg_tokens": 546.5050505050505
}