{
    "word_level": {
        "average_accuracy": 0.12303430076705432,
        "accuracy": 0.0984643179765131
    },
    "bleu": 0.0917240302184119,
    "WER": 1.020227321445253,
    "morpheme_level": {
        "average_accuracy": 0.10256779091158967,
        "accuracy": 0.07916666666666666
    },
    "classes": {
        "stem": {
            "prec": 0.11027837259100642,
            "rec": 0.11368653421633554,
            "f1": 0.11195652173913043
        },
        "gram": {
            "prec": 0.06155778894472362,
            "rec": 0.048323471400394474,
            "f1": 0.05414364640883977
        }
    },
    "MER": 0.8084129732913151,
    "chrf": 30.292289786105332,
    "total_tokens": 54256,
    "avg_tokens": 548.040404040404
}