{
    "word_level": {
        "average_accuracy": 0.3850046026770165,
        "accuracy": 0.3232758620689655
    },
    "bleu": 0.10407548397779465,
    "WER": 0.7256857366771158,
    "morpheme_level": {
        "average_accuracy": 0.35083358332280745,
        "accuracy": 0.25334382376081827
    },
    "classes": {
        "stem": {
            "prec": 0.31869688385269124,
            "rec": 0.31824611032531824,
            "f1": 0.3184713375796178
        },
        "gram": {
            "prec": 0.20950323974082075,
            "rec": 0.17198581560283688,
            "f1": 0.18889970788704968
        }
    },
    "MER": 0.6803608568155985,
    "chrf": 38.49467309951866,
    "total_tokens": 76524,
    "avg_tokens": 329.8448275862069
}