{
    "word_level": {
        "average_accuracy": 0.3376357478728168,
        "accuracy": 0.3297413793103448
    },
    "bleu": 0.13071845471858978,
    "WER": 0.758002593670697,
    "morpheme_level": {
        "average_accuracy": 0.31350688344222827,
        "accuracy": 0.2682926829268293
    },
    "classes": {
        "stem": {
            "prec": 0.32753623188405795,
            "rec": 0.31966053748231965,
            "f1": 0.3235504652827487
        },
        "gram": {
            "prec": 0.23565573770491804,
            "rec": 0.20390070921985815,
            "f1": 0.21863117870722432
        }
    },
    "MER": 0.7001621044185703,
    "chrf": 40.13082055964624,
    "total_tokens": 76877,
    "avg_tokens": 331.3663793103448
}