{
    "word_level": {
        "average_accuracy": 0.32520230009454154,
        "accuracy": 0.3135775862068966
    },
    "bleu": 0.1266949474811554,
    "WER": 0.7515201273821966,
    "morpheme_level": {
        "average_accuracy": 0.30832622836933193,
        "accuracy": 0.26042486231313927
    },
    "classes": {
        "stem": {
            "prec": 0.3227665706051873,
            "rec": 0.31683168316831684,
            "f1": 0.31977159172019987
        },
        "gram": {
            "prec": 0.2296137339055794,
            "rec": 0.18971631205673758,
            "f1": 0.20776699029126214
        }
    },
    "MER": 0.6987806793302489,
    "chrf": 39.71167717608013,
    "total_tokens": 76529,
    "avg_tokens": 329.8663793103448
}