{
    "word_level": {
        "average_accuracy": 0.16061379097093378,
        "accuracy": 0.14432989690721648
    },
    "bleu": 0.04596216231584549,
    "WER": 0.8609900924750549,
    "morpheme_level": {
        "average_accuracy": 0.17210770636774902,
        "accuracy": 0.14403973509933773
    },
    "classes": {
        "stem": {
            "prec": 0.12322274881516587,
            "rec": 0.12560386473429952,
            "f1": 0.12440191387559808
        },
        "gram": {
            "prec": 0.1752873563218391,
            "rec": 0.15365239294710328,
            "f1": 0.16375838926174496
        }
    },
    "MER": 0.7945059832450571,
    "chrf": 30.695937890893273,
    "total_tokens": 30042,
    "avg_tokens": 715.2857142857143
}