{
    "word_level": {
        "average_accuracy": 0.1975651384955896,
        "accuracy": 0.17525773195876287
    },
    "bleu": 0.08808550665054925,
    "WER": 0.7803389019084509,
    "morpheme_level": {
        "average_accuracy": 0.18754827172079042,
        "accuracy": 0.1605960264900662
    },
    "classes": {
        "stem": {
            "prec": 0.15920398009950248,
            "rec": 0.15458937198067632,
            "f1": 0.15686274509803924
        },
        "gram": {
            "prec": 0.18624641833810887,
            "rec": 0.163727959697733,
            "f1": 0.17426273458445038
        }
    },
    "MER": 0.7557597238669892,
    "chrf": 30.990648440203085,
    "total_tokens": 30232,
    "avg_tokens": 719.8095238095239
}