{
    "word_level": {
        "average_accuracy": 0.2141845640435866,
        "accuracy": 0.18298969072164947
    },
    "bleu": 0.07788426935374304,
    "WER": 0.7850170610508956,
    "morpheme_level": {
        "average_accuracy": 0.17055439569176759,
        "accuracy": 0.1490066225165563
    },
    "classes": {
        "stem": {
            "prec": 0.15348837209302327,
            "rec": 0.15942028985507245,
            "f1": 0.15639810426540282
        },
        "gram": {
            "prec": 0.17220543806646527,
            "rec": 0.14357682619647355,
            "f1": 0.1565934065934066
        }
    },
    "MER": 0.758057102214535,
    "chrf": 30.995662498539378,
    "total_tokens": 30690,
    "avg_tokens": 730.7142857142857
}