{
    "word_level": {
        "average_accuracy": 0.31477532643140926,
        "accuracy": 0.31572164948453607
    },
    "bleu": 0.2679489552974701,
    "WER": 0.6604092826686409,
    "morpheme_level": {
        "average_accuracy": 0.292111020673591,
        "accuracy": 0.2686192468619247
    },
    "classes": {
        "stem": {
            "prec": 0.3,
            "rec": 0.2737940026075619,
            "f1": 0.2862985685071575
        },
        "gram": {
            "prec": 0.2557603686635945,
            "rec": 0.25934579439252337,
            "f1": 0.2575406032482599
        }
    },
    "MER": 0.6604728559949499,
    "chrf": 47.3219676547629,
    "total_tokens": 68628,
    "avg_tokens": 779.8636363636364
}