{
    "word_level": {
        "average_accuracy": 0.3722935824623658,
        "accuracy": 0.35180412371134023
    },
    "bleu": 0.2975814938545227,
    "WER": 0.597233414604738,
    "morpheme_level": {
        "average_accuracy": 0.2972288160820739,
        "accuracy": 0.2560669456066946
    },
    "classes": {
        "stem": {
            "prec": 0.28450704225352114,
            "rec": 0.2633637548891786,
            "f1": 0.27352742044685174
        },
        "gram": {
            "prec": 0.24880382775119617,
            "rec": 0.24299065420560748,
            "f1": 0.24586288416075652
        }
    },
    "MER": 0.6193664763592465,
    "chrf": 49.69319921389791,
    "total_tokens": 69523,
    "avg_tokens": 790.0340909090909
}