{
    "word_level": {
        "average_accuracy": 0.36009822434454786,
        "accuracy": 0.3556701030927835
    },
    "bleu": 0.299651175737381,
    "WER": 0.62442467718203,
    "morpheme_level": {
        "average_accuracy": 0.28762226408001107,
        "accuracy": 0.26778242677824265
    },
    "classes": {
        "stem": {
            "prec": 0.2987551867219917,
            "rec": 0.2816166883963494,
            "f1": 0.2899328859060402
        },
        "gram": {
            "prec": 0.24355971896955503,
            "rec": 0.24299065420560748,
            "f1": 0.2432748538011696
        }
    },
    "MER": 0.6525293137394707,
    "chrf": 48.57389462957685,
    "total_tokens": 69162,
    "avg_tokens": 785.9318181818181
}