{
    "word_level": {
        "average_accuracy": 0.3212734450491641,
        "accuracy": 0.26919602529358627
    },
    "bleu": 0.2438847135425467,
    "WER": 0.6137957070044866,
    "morpheme_level": {
        "average_accuracy": 0.24068565993879942,
        "accuracy": 0.19270833333333334
    },
    "classes": {
        "stem": {
            "prec": 0.22346368715083798,
            "rec": 0.22075055187637968,
            "f1": 0.22209883398112157
        },
        "gram": {
            "prec": 0.19122609673790777,
            "rec": 0.16765285996055226,
            "f1": 0.1786652653704677
        }
    },
    "MER": 0.5789168022443555,
    "chrf": 48.706362605716684,
    "total_tokens": 106317,
    "avg_tokens": 1073.909090909091
}