{
    "word_level": {
        "average_accuracy": 0.342666829759328,
        "accuracy": 0.2845528455284553
    },
    "bleu": 0.2639679773676245,
    "WER": 0.5887962968235216,
    "morpheme_level": {
        "average_accuracy": 0.2469918880682934,
        "accuracy": 0.18802083333333333
    },
    "classes": {
        "stem": {
            "prec": 0.22717149220489977,
            "rec": 0.2251655629139073,
            "f1": 0.2261640798226164
        },
        "gram": {
            "prec": 0.17386489479512734,
            "rec": 0.15483234714003946,
            "f1": 0.16379760041731872
        }
    },
    "MER": 0.5756213861261392,
    "chrf": 51.1172869428569,
    "total_tokens": 105353,
    "avg_tokens": 1064.171717171717
}