{
    "word_level": {
        "average_accuracy": 0.3356286836565892,
        "accuracy": 0.28545618789521227
    },
    "bleu": 0.24911303939354768,
    "WER": 0.6078372650511936,
    "morpheme_level": {
        "average_accuracy": 0.2641195552212589,
        "accuracy": 0.2265625
    },
    "classes": {
        "stem": {
            "prec": 0.27189988623435724,
            "rec": 0.26379690949227375,
            "f1": 0.26778711484593837
        },
        "gram": {
            "prec": 0.21467688937568455,
            "rec": 0.1932938856015779,
            "f1": 0.203425012973534
        }
    },
    "MER": 0.573694515382515,
    "chrf": 49.842518239107974,
    "total_tokens": 104851,
    "avg_tokens": 1059.1010101010102
}