{
    "word_level": {
        "average_accuracy": 0.5249395121162365,
        "accuracy": 0.5140086206896551
    },
    "bleu": 0.34424544885731656,
    "WER": 0.4552775289844254,
    "morpheme_level": {
        "average_accuracy": 0.5002246675738056,
        "accuracy": 0.45082612116443743
    },
    "classes": {
        "stem": {
            "prec": 0.4921985815602837,
            "rec": 0.4908062234794908,
            "f1": 0.4915014164305949
        },
        "gram": {
            "prec": 0.4808510638297872,
            "rec": 0.40070921985815605,
            "f1": 0.437137330754352
        }
    },
    "MER": 0.4343545702381911,
    "chrf": 58.62355770384453,
    "total_tokens": 115683,
    "avg_tokens": 498.6336206896552
}