{
    "word_level": {
        "average_accuracy": 0.523594317559835,
        "accuracy": 0.4978448275862069
    },
    "bleu": 0.339441268030777,
    "WER": 0.46783739488480863,
    "morpheme_level": {
        "average_accuracy": 0.48895667909676505,
        "accuracy": 0.42800944138473646
    },
    "classes": {
        "stem": {
            "prec": 0.47067238912732473,
            "rec": 0.46534653465346537,
            "f1": 0.46799431009957326
        },
        "gram": {
            "prec": 0.4574468085106383,
            "rec": 0.38120567375886527,
            "f1": 0.4158607350096712
        }
    },
    "MER": 0.4287697635219189,
    "chrf": 57.85929582616664,
    "total_tokens": 116108,
    "avg_tokens": 500.4655172413793
}