{
    "word_level": {
        "average_accuracy": 0.5399667860874758,
        "accuracy": 0.5204741379310345
    },
    "bleu": 0.32263320283953845,
    "WER": 0.4699334788774443,
    "morpheme_level": {
        "average_accuracy": 0.4939460563382975,
        "accuracy": 0.42643587726199844
    },
    "classes": {
        "stem": {
            "prec": 0.48773448773448774,
            "rec": 0.4780763790664781,
            "f1": 0.4828571428571429
        },
        "gram": {
            "prec": 0.4349680170575693,
            "rec": 0.3617021276595745,
            "f1": 0.3949661181026138
        }
    },
    "MER": 0.4308745074370074,
    "chrf": 57.310576300305506,
    "total_tokens": 116356,
    "avg_tokens": 501.5344827586207
}