{
    "word_level": {
        "average_accuracy": 0.22938998831855978,
        "accuracy": 0.211340206185567
    },
    "bleu": 0.13663941008166589,
    "WER": 0.7350250400532354,
    "morpheme_level": {
        "average_accuracy": 0.19573970062920215,
        "accuracy": 0.17880794701986755
    },
    "classes": {
        "stem": {
            "prec": 0.18627450980392157,
            "rec": 0.18357487922705315,
            "f1": 0.18491484184914841
        },
        "gram": {
            "prec": 0.20408163265306123,
            "rec": 0.17632241813602015,
            "f1": 0.1891891891891892
        }
    },
    "MER": 0.6954438741106387,
    "chrf": 35.80588449791003,
    "total_tokens": 155249,
    "avg_tokens": 3696.404761904762
}