{
    "word_level": {
        "average_accuracy": 0.22696676756827133,
        "accuracy": 0.21391752577319587
    },
    "bleu": 0.12200337417988004,
    "WER": 0.7324492463120283,
    "morpheme_level": {
        "average_accuracy": 0.19567435608706768,
        "accuracy": 0.1771523178807947
    },
    "classes": {
        "stem": {
            "prec": 0.1717171717171717,
            "rec": 0.1642512077294686,
            "f1": 0.16790123456790124
        },
        "gram": {
            "prec": 0.218562874251497,
            "rec": 0.18387909319899245,
            "f1": 0.19972640218878251
        }
    },
    "MER": 0.6972195004023986,
    "chrf": 34.0636315001461,
    "total_tokens": 156518,
    "avg_tokens": 3726.6190476190477
}