{
    "word_level": {
        "average_accuracy": 0.2270710822872477,
        "accuracy": 0.21391752577319587
    },
    "bleu": 0.11265160587742613,
    "WER": 0.7482664769788832,
    "morpheme_level": {
        "average_accuracy": 0.1969641444872441,
        "accuracy": 0.173841059602649
    },
    "classes": {
        "stem": {
            "prec": 0.17,
            "rec": 0.1642512077294686,
            "f1": 0.1670761670761671
        },
        "gram": {
            "prec": 0.20943952802359883,
            "rec": 0.17884130982367757,
            "f1": 0.19293478260869568
        }
    },
    "MER": 0.6904772637819994,
    "chrf": 34.46066081549719,
    "total_tokens": 155418,
    "avg_tokens": 3700.4285714285716
}