{
    "word_level": {
        "average_accuracy": 0.42271409324383913,
        "accuracy": 0.42912371134020616
    },
    "bleu": 0.3792625963687897,
    "WER": 0.5430145410175492,
    "morpheme_level": {
        "average_accuracy": 0.3681091001667804,
        "accuracy": 0.33305439330543934
    },
    "classes": {
        "stem": {
            "prec": 0.3724035608308605,
            "rec": 0.3272490221642764,
            "f1": 0.34836918806384454
        },
        "gram": {
            "prec": 0.3030927835051546,
            "rec": 0.34345794392523366,
            "f1": 0.3220153340635268
        }
    },
    "MER": 0.5469735272298247,
    "chrf": 54.33433017682966,
    "total_tokens": 373437,
    "avg_tokens": 4243.602272727273
}