{
    "word_level": {
        "average_accuracy": 0.3892457908584245,
        "accuracy": 0.42396907216494845
    },
    "bleu": 0.38977372646331787,
    "WER": 0.5655394585792315,
    "morpheme_level": {
        "average_accuracy": 0.37040405488565487,
        "accuracy": 0.3573221757322176
    },
    "classes": {
        "stem": {
            "prec": 0.39317507418397624,
            "rec": 0.3455019556714472,
            "f1": 0.36780013879250517
        },
        "gram": {
            "prec": 0.34989200863930886,
            "rec": 0.37850467289719625,
            "f1": 0.3636363636363637
        }
    },
    "MER": 0.5569119741783688,
    "chrf": 55.8319397759947,
    "total_tokens": 375222,
    "avg_tokens": 4263.886363636364
}