{
    "word_level": {
        "average_accuracy": 0.39565145160900494,
        "accuracy": 0.39690721649484534
    },
    "bleu": 0.3537569046020508,
    "WER": 0.5468892518942654,
    "morpheme_level": {
        "average_accuracy": 0.3729008516989624,
        "accuracy": 0.33389121338912137
    },
    "classes": {
        "stem": {
            "prec": 0.3744493392070485,
            "rec": 0.3324641460234681,
            "f1": 0.35220994475138123
        },
        "gram": {
            "prec": 0.3018867924528302,
            "rec": 0.3364485981308411,
            "f1": 0.318232044198895
        }
    },
    "MER": 0.5514387375382485,
    "chrf": 52.582741512426544,
    "total_tokens": 368196,
    "avg_tokens": 4184.045454545455
}