{
    "word_level": {
        "average_accuracy": 0.4115736507053547,
        "accuracy": 0.37308039747064137
    },
    "bleu": 0.346377658249085,
    "WER": 0.5077959528660213,
    "morpheme_level": {
        "average_accuracy": 0.30784676519821097,
        "accuracy": 0.2557291666666667
    },
    "classes": {
        "stem": {
            "prec": 0.29336437718277064,
            "rec": 0.2781456953642384,
            "f1": 0.2855524079320113
        },
        "gram": {
            "prec": 0.25398512221041447,
            "rec": 0.2357001972386588,
            "f1": 0.24450127877237854
        }
    },
    "MER": 0.4719789360685355,
    "chrf": 57.8854359651778,
    "total_tokens": 647288,
    "avg_tokens": 6538.262626262626
}