{
    "word_level": {
        "average_accuracy": 0.4037323976886822,
        "accuracy": 0.34146341463414637
    },
    "bleu": 0.3463077522139986,
    "WER": 0.5059389839137619,
    "morpheme_level": {
        "average_accuracy": 0.28428982729422725,
        "accuracy": 0.24010416666666667
    },
    "classes": {
        "stem": {
            "prec": 0.25727069351230425,
            "rec": 0.25386313465783666,
            "f1": 0.25555555555555554
        },
        "gram": {
            "prec": 0.24574468085106382,
            "rec": 0.22781065088757396,
            "f1": 0.23643807574206754
        }
    },
    "MER": 0.4829329711628462,
    "chrf": 56.64056775246139,
    "total_tokens": 644709,
    "avg_tokens": 6512.212121212121
}