{
    "word_level": {
        "average_accuracy": 0.46674151265306313,
        "accuracy": 0.4065040650406504
    },
    "bleu": 0.34540075063705444,
    "WER": 0.49738019036150033,
    "morpheme_level": {
        "average_accuracy": 0.31452962731385753,
        "accuracy": 0.259375
    },
    "classes": {
        "stem": {
            "prec": 0.3079625292740047,
            "rec": 0.2902869757174393,
            "f1": 0.29886363636363633
        },
        "gram": {
            "prec": 0.23930753564154786,
            "rec": 0.23175542406311636,
            "f1": 0.23547094188376752
        }
    },
    "MER": 0.47345562314500905,
    "chrf": 58.98591702956257,
    "total_tokens": 644886,
    "avg_tokens": 6514.0
}