{
    "word_level": {
        "average_accuracy": 0.6102000609543711,
        "accuracy": 0.6056034482758621
    },
    "bleu": 0.42117250650771654,
    "WER": 0.416797749664129,
    "morpheme_level": {
        "average_accuracy": 0.5756391417490555,
        "accuracy": 0.5216365066876475
    },
    "classes": {
        "stem": {
            "prec": 0.5473537604456824,
            "rec": 0.5558698727015559,
            "f1": 0.551578947368421
        },
        "gram": {
            "prec": 0.6094808126410836,
            "rec": 0.4787234042553192,
            "f1": 0.5362462760675273
        }
    },
    "MER": 0.37217227815288156,
    "chrf": 63.24721130195032,
    "total_tokens": 559405,
    "avg_tokens": 2411.228448275862
}