{
    "word_level": {
        "average_accuracy": 0.6213641961486792,
        "accuracy": 0.6045258620689655
    },
    "bleu": 0.44781679697747123,
    "WER": 0.3874412225705329,
    "morpheme_level": {
        "average_accuracy": 0.5996404876254016,
        "accuracy": 0.5499606608969315
    },
    "classes": {
        "stem": {
            "prec": 0.5863509749303621,
            "rec": 0.5954738330975955,
            "f1": 0.5908771929824562
        },
        "gram": {
            "prec": 0.6205357142857143,
            "rec": 0.4929078014184397,
            "f1": 0.549407114624506
        }
    },
    "MER": 0.3420828811992605,
    "chrf": 65.01891458846929,
    "total_tokens": 559065,
    "avg_tokens": 2409.762931034483
}