{
    "word_level": {
        "average_accuracy": 0.5905111770413494,
        "accuracy": 0.5775862068965517
    },
    "bleu": 0.42188189227382766,
    "WER": 0.418610675722745,
    "morpheme_level": {
        "average_accuracy": 0.5684648923873061,
        "accuracy": 0.5121951219512195
    },
    "classes": {
        "stem": {
            "prec": 0.5472496473906912,
            "rec": 0.5487977369165488,
            "f1": 0.5480225988700566
        },
        "gram": {
            "prec": 0.574235807860262,
            "rec": 0.46631205673758863,
            "f1": 0.5146771037181995
        }
    },
    "MER": 0.3699593330520056,
    "chrf": 63.2196652488074,
    "total_tokens": 559148,
    "avg_tokens": 2410.1206896551726
}