{
    "word_level": {
        "average_accuracy": 0.09669547244735216,
        "accuracy": 0.09536082474226804
    },
    "bleu": 0.02534561839680248,
    "WER": 0.9211028337438113,
    "morpheme_level": {
        "average_accuracy": 0.10418536041874583,
        "accuracy": 0.09437086092715231
    },
    "classes": {
        "stem": {
            "prec": 0.109375,
            "rec": 0.13526570048309178,
            "f1": 0.12095032397408208
        },
        "gram": {
            "prec": 0.11068702290076336,
            "rec": 0.07304785894206549,
            "f1": 0.08801213960546282
        }
    },
    "MER": 0.8584683462682253,
    "chrf": 22.91977637382017,
    "total_tokens": 36239,
    "avg_tokens": 862.8333333333334
}