{
    "word_level": {
        "average_accuracy": 0.06317726585583727,
        "accuracy": 0.05670103092783505
    },
    "bleu": 0.02010085937927929,
    "WER": 0.9219032655592807,
    "morpheme_level": {
        "average_accuracy": 0.10511822749773048,
        "accuracy": 0.09437086092715231
    },
    "classes": {
        "stem": {
            "prec": 0.11255411255411256,
            "rec": 0.12560386473429952,
            "f1": 0.1187214611872146
        },
        "gram": {
            "prec": 0.1111111111111111,
            "rec": 0.07808564231738035,
            "f1": 0.09171597633136094
        }
    },
    "MER": 0.8530423791972033,
    "chrf": 22.624063910158913,
    "total_tokens": 35974,
    "avg_tokens": 856.5238095238095
}