{
    "word_level": {
        "average_accuracy": 0.11967549646121074,
        "accuracy": 0.0979381443298969
    },
    "bleu": 0.04211180592458464,
    "WER": 0.8732711558839379,
    "morpheme_level": {
        "average_accuracy": 0.12579324447041212,
        "accuracy": 0.1076158940397351
    },
    "classes": {
        "stem": {
            "prec": 0.10833333333333334,
            "rec": 0.12560386473429952,
            "f1": 0.116331096196868
        },
        "gram": {
            "prec": 0.1326530612244898,
            "rec": 0.0982367758186398,
            "f1": 0.11287988422575976
        }
    },
    "MER": 0.831014230192353,
    "chrf": 25.00113673160525,
    "total_tokens": 36321,
    "avg_tokens": 864.7857142857143
}