{
    "word_level": {
        "average_accuracy": 0.05776625079766791,
        "accuracy": 0.05154639175257732
    },
    "bleu": 0.03567206795261189,
    "WER": 0.937878894663654,
    "morpheme_level": {
        "average_accuracy": 0.06267321026652929,
        "accuracy": 0.05355648535564853
    },
    "classes": {
        "stem": {
            "prec": 0.07230769230769231,
            "rec": 0.061277705345501955,
            "f1": 0.06633733239237827
        },
        "gram": {
            "prec": 0.04207920792079208,
            "rec": 0.0397196261682243,
            "f1": 0.040865384615384616
        }
    },
    "MER": 0.9448181197210185,
    "chrf": 22.67560303946602,
    "total_tokens": 74653,
    "avg_tokens": 848.3295454545455
}