{
    "word_level": {
        "average_accuracy": 0.04231917536563257,
        "accuracy": 0.04252577319587629
    },
    "bleu": 0.0,
    "WER": 0.9727326524285079,
    "morpheme_level": {
        "average_accuracy": 0.04613582163671877,
        "accuracy": 0.04100418410041841
    },
    "classes": {
        "stem": {
            "prec": 0.06307692307692307,
            "rec": 0.05345501955671447,
            "f1": 0.05786873676781934
        },
        "gram": {
            "prec": 0.019851116625310174,
            "rec": 0.018691588785046728,
            "f1": 0.019253910950661854
        }
    },
    "MER": 0.9855889310331857,
    "chrf": 21.47843860034261,
    "total_tokens": 74381,
    "avg_tokens": 845.2386363636364
}