{
    "word_level": {
        "average_accuracy": 0.05154757531094429,
        "accuracy": 0.05154639175257732
    },
    "bleu": 0.024827713146805763,
    "WER": 0.9777759238822074,
    "morpheme_level": {
        "average_accuracy": 0.06885026377391983,
        "accuracy": 0.06108786610878661
    },
    "classes": {
        "stem": {
            "prec": 0.08383233532934131,
            "rec": 0.07301173402868318,
            "f1": 0.07804878048780488
        },
        "gram": {
            "prec": 0.04176904176904177,
            "rec": 0.0397196261682243,
            "f1": 0.0407185628742515
        }
    },
    "MER": 0.9868906383636012,
    "chrf": 22.212361227946662,
    "total_tokens": 74304,
    "avg_tokens": 844.3636363636364
}