{
    "word_level": {
        "average_accuracy": 0.1298580097752915,
        "accuracy": 0.11562782294489611
    },
    "bleu": 0.03886864073260808,
    "WER": 0.8878451833629704,
    "morpheme_level": {
        "average_accuracy": 0.08501861159054162,
        "accuracy": 0.06458333333333334
    },
    "classes": {
        "stem": {
            "prec": 0.0967741935483871,
            "rec": 0.09602649006622517,
            "f1": 0.09639889196675899
        },
        "gram": {
            "prec": 0.049664429530201344,
            "rec": 0.03648915187376726,
            "f1": 0.04206935758953951
        }
    },
    "MER": 0.8203818256708277,
    "chrf": 26.312553684899914,
    "total_tokens": 114872,
    "avg_tokens": 1160.3232323232323
}