{
    "word_level": {
        "average_accuracy": 0.1273494019902659,
        "accuracy": 0.10298102981029811
    },
    "bleu": 0.03056218900591592,
    "WER": 0.8858188597782205,
    "morpheme_level": {
        "average_accuracy": 0.0804704732573559,
        "accuracy": 0.06614583333333333
    },
    "classes": {
        "stem": {
            "prec": 0.10693970420932879,
            "rec": 0.10375275938189846,
            "f1": 0.10532212885154062
        },
        "gram": {
            "prec": 0.041719342604298354,
            "rec": 0.03254437869822485,
            "f1": 0.03656509695290859
        }
    },
    "MER": 0.8405403619942077,
    "chrf": 26.508261248008065,
    "total_tokens": 117517,
    "avg_tokens": 1187.040404040404
}