{
    "word_level": {
        "average_accuracy": 0.1167378158459665,
        "accuracy": 0.0957542908762421
    },
    "bleu": 0.03273000393236367,
    "WER": 0.8789653063202009,
    "morpheme_level": {
        "average_accuracy": 0.10071001278610489,
        "accuracy": 0.08177083333333333
    },
    "classes": {
        "stem": {
            "prec": 0.13008130081300814,
            "rec": 0.12362030905077263,
            "f1": 0.1267685342388229
        },
        "gram": {
            "prec": 0.055900621118012424,
            "rec": 0.04437869822485207,
            "f1": 0.049477735019241346
        }
    },
    "MER": 0.8156868053355054,
    "chrf": 26.904886452833566,
    "total_tokens": 117115,
    "avg_tokens": 1182.979797979798
}