{
    "word_level": {
        "average_accuracy": 0.17772661964472314,
        "accuracy": 0.17780172413793102
    },
    "bleu": 0.029155113394570997,
    "WER": 0.8673349878091257,
    "morpheme_level": {
        "average_accuracy": 0.18469588361829736,
        "accuracy": 0.15578284815106216
    },
    "classes": {
        "stem": {
            "prec": 0.22122571001494767,
            "rec": 0.20933521923620935,
            "f1": 0.21511627906976744
        },
        "gram": {
            "prec": 0.11086474501108648,
            "rec": 0.08865248226950355,
            "f1": 0.09852216748768473
        }
    },
    "MER": 0.8551779877210909,
    "chrf": 27.740718596129504,
    "total_tokens": 134107,
    "avg_tokens": 578.0474137931035
}