{
    "word_level": {
        "average_accuracy": 0.1648947915111708,
        "accuracy": 0.1724137931034483
    },
    "bleu": 0.04418513308768136,
    "WER": 0.870949177737971,
    "morpheme_level": {
        "average_accuracy": 0.1585968090817229,
        "accuracy": 0.14319433516915814
    },
    "classes": {
        "stem": {
            "prec": 0.21162444113263784,
            "rec": 0.20084865629420084,
            "f1": 0.20609579100145137
        },
        "gram": {
            "prec": 0.09345794392523364,
            "rec": 0.07092198581560284,
            "f1": 0.08064516129032258
        }
    },
    "MER": 0.8789390745748504,
    "chrf": 27.61195431685966,
    "total_tokens": 134085,
    "avg_tokens": 577.9525862068965
}