{
    "word_level": {
        "average_accuracy": 0.1751749328257949,
        "accuracy": 0.18211206896551724
    },
    "bleu": 0.05990075534700657,
    "WER": 0.860118581131512,
    "morpheme_level": {
        "average_accuracy": 0.15713291138937685,
        "accuracy": 0.13847364280094415
    },
    "classes": {
        "stem": {
            "prec": 0.19883040935672514,
            "rec": 0.19236209335219237,
            "f1": 0.19554277498202732
        },
        "gram": {
            "prec": 0.10101010101010101,
            "rec": 0.07092198581560284,
            "f1": 0.08333333333333334
        }
    },
    "MER": 0.8670716137310964,
    "chrf": 29.146093728262578,
    "total_tokens": 133465,
    "avg_tokens": 575.2801724137931
}