{
    "word_level": {
        "average_accuracy": 0.19902292256615567,
        "accuracy": 0.16494845360824742
    },
    "bleu": 0.07891600579023361,
    "WER": 0.7941972083889378,
    "morpheme_level": {
        "average_accuracy": 0.20980432411233899,
        "accuracy": 0.1771523178807947
    },
    "classes": {
        "stem": {
            "prec": 0.16417910447761194,
            "rec": 0.15942028985507245,
            "f1": 0.16176470588235295
        },
        "gram": {
            "prec": 0.2096317280453258,
            "rec": 0.18639798488664988,
            "f1": 0.19733333333333333
        }
    },
    "MER": 0.7469862363059134,
    "chrf": 33.343431376433294,
    "total_tokens": 50616,
    "avg_tokens": 1205.142857142857
}