{
    "word_level": {
        "average_accuracy": 0.20791270654992458,
        "accuracy": 0.18556701030927836
    },
    "bleu": 0.08586309339951191,
    "WER": 0.7634922443193121,
    "morpheme_level": {
        "average_accuracy": 0.185904458006254,
        "accuracy": 0.15728476821192053
    },
    "classes": {
        "stem": {
            "prec": 0.1256544502617801,
            "rec": 0.11594202898550725,
            "f1": 0.12060301507537688
        },
        "gram": {
            "prec": 0.19667590027700832,
            "rec": 0.17884130982367757,
            "f1": 0.18733509234828497
        }
    },
    "MER": 0.7083565698060461,
    "chrf": 33.04605920583917,
    "total_tokens": 50793,
    "avg_tokens": 1209.357142857143
}