{
    "word_level": {
        "average_accuracy": 0.191512692264572,
        "accuracy": 0.17783505154639176
    },
    "bleu": 0.10075241665856637,
    "WER": 0.8036025760649821,
    "morpheme_level": {
        "average_accuracy": 0.20290611505697653,
        "accuracy": 0.173841059602649
    },
    "classes": {
        "stem": {
            "prec": 0.17010309278350516,
            "rec": 0.15942028985507245,
            "f1": 0.16458852867830423
        },
        "gram": {
            "prec": 0.20454545454545456,
            "rec": 0.181360201511335,
            "f1": 0.19225634178905207
        }
    },
    "MER": 0.7312157985494845,
    "chrf": 33.27860003277367,
    "total_tokens": 50365,
    "avg_tokens": 1199.1666666666667
}