{
    "word_level": {
        "average_accuracy": 0.3742848232737939,
        "accuracy": 0.3917525773195876
    },
    "bleu": 0.3415304124355316,
    "WER": 0.5946865713075605,
    "morpheme_level": {
        "average_accuracy": 0.31127080348688846,
        "accuracy": 0.28619246861924685
    },
    "classes": {
        "stem": {
            "prec": 0.3406754772393539,
            "rec": 0.30247718383311606,
            "f1": 0.32044198895027626
        },
        "gram": {
            "prec": 0.25,
            "rec": 0.2570093457943925,
            "f1": 0.2534562211981567
        }
    },
    "MER": 0.5739929513530169,
    "chrf": 51.79591354949989,
    "total_tokens": 127790,
    "avg_tokens": 1452.159090909091
}