{
    "word_level": {
        "average_accuracy": 0.39596224951338593,
        "accuracy": 0.38402061855670105
    },
    "bleu": 0.3315494954586029,
    "WER": 0.555951624559579,
    "morpheme_level": {
        "average_accuracy": 0.3376626510347133,
        "accuracy": 0.29456066945606696
    },
    "classes": {
        "stem": {
            "prec": 0.3242074927953891,
            "rec": 0.29335071707953064,
            "f1": 0.3080082135523614
        },
        "gram": {
            "prec": 0.2803532008830022,
            "rec": 0.2967289719626168,
            "f1": 0.2883087400681044
        }
    },
    "MER": 0.5586460642971868,
    "chrf": 52.55671883216074,
    "total_tokens": 128999,
    "avg_tokens": 1465.8977272727273
}