{
    "word_level": {
        "average_accuracy": 0.3984567233063221,
        "accuracy": 0.3943298969072165
    },
    "bleu": 0.3449009656906128,
    "WER": 0.573349083409244,
    "morpheme_level": {
        "average_accuracy": 0.3479201914916451,
        "accuracy": 0.32552301255230126
    },
    "classes": {
        "stem": {
            "prec": 0.35714285714285715,
            "rec": 0.3324641460234681,
            "f1": 0.34436191762322754
        },
        "gram": {
            "prec": 0.31529411764705884,
            "rec": 0.3130841121495327,
            "f1": 0.31418522860492376
        }
    },
    "MER": 0.5609778551927792,
    "chrf": 53.22721875646901,
    "total_tokens": 127882,
    "avg_tokens": 1453.2045454545455
}