{
    "word_level": {
        "average_accuracy": 0.4203703989161278,
        "accuracy": 0.3640469738030714
    },
    "bleu": 0.2949528616500143,
    "WER": 0.5148572381194523,
    "morpheme_level": {
        "average_accuracy": 0.3097866918092627,
        "accuracy": 0.26614583333333336
    },
    "classes": {
        "stem": {
            "prec": 0.3003533568904594,
            "rec": 0.2814569536423841,
            "f1": 0.2905982905982906
        },
        "gram": {
            "prec": 0.26834381551362685,
            "rec": 0.252465483234714,
            "f1": 0.2601626016260163
        }
    },
    "MER": 0.5141879110796063,
    "chrf": 53.50117577333587,
    "total_tokens": 208676,
    "avg_tokens": 2107.838383838384
}