{
    "word_level": {
        "average_accuracy": 0.4090530229822242,
        "accuracy": 0.3568202348690154
    },
    "bleu": 0.27692533840797096,
    "WER": 0.5327969038499994,
    "morpheme_level": {
        "average_accuracy": 0.274107069369023,
        "accuracy": 0.23385416666666667
    },
    "classes": {
        "stem": {
            "prec": 0.25955967555040554,
            "rec": 0.24724061810154527,
            "f1": 0.2532504239683437
        },
        "gram": {
            "prec": 0.24193548387096775,
            "rec": 0.22189349112426035,
            "f1": 0.23148148148148148
        }
    },
    "MER": 0.537413375332617,
    "chrf": 52.943611584041896,
    "total_tokens": 209687,
    "avg_tokens": 2118.050505050505
}