{
    "word_level": {
        "average_accuracy": 0.40284140003014884,
        "accuracy": 0.35140018066847334
    },
    "bleu": 0.29256799071739853,
    "WER": 0.5372082071317086,
    "morpheme_level": {
        "average_accuracy": 0.2777181703650167,
        "accuracy": 0.23489583333333333
    },
    "classes": {
        "stem": {
            "prec": 0.2662857142857143,
            "rec": 0.2571743929359823,
            "f1": 0.261650758001123
        },
        "gram": {
            "prec": 0.23390557939914164,
            "rec": 0.21499013806706113,
            "f1": 0.224049331963001
        }
    },
    "MER": 0.5168527416253885,
    "chrf": 54.31205277157132,
    "total_tokens": 208376,
    "avg_tokens": 2104.808080808081
}