{
    "word_level": {
        "average_accuracy": 0.5579750709061053,
        "accuracy": 0.5441810344827587
    },
    "bleu": 0.3358536056486804,
    "WER": 0.45226028760511516,
    "morpheme_level": {
        "average_accuracy": 0.4921388118586395,
        "accuracy": 0.4287962234461054
    },
    "classes": {
        "stem": {
            "prec": 0.4657933042212518,
            "rec": 0.4526166902404526,
            "f1": 0.4591104734576758
        },
        "gram": {
            "prec": 0.4697286012526096,
            "rec": 0.39893617021276595,
            "f1": 0.4314477468839885
        }
    },
    "MER": 0.4292896339771341,
    "chrf": 57.349139361471444,
    "total_tokens": 168037,
    "avg_tokens": 724.2974137931035
}