{
    "word_level": {
        "average_accuracy": 0.5309578233069613,
        "accuracy": 0.5290948275862069
    },
    "bleu": 0.3428596053571288,
    "WER": 0.4674901726625867,
    "morpheme_level": {
        "average_accuracy": 0.48613643301143294,
        "accuracy": 0.44531864673485444
    },
    "classes": {
        "stem": {
            "prec": 0.4880450070323488,
            "rec": 0.4908062234794908,
            "f1": 0.4894217207334274
        },
        "gram": {
            "prec": 0.4988610478359909,
            "rec": 0.3882978723404255,
            "f1": 0.4366899302093719
        }
    },
    "MER": 0.43392882261416754,
    "chrf": 57.67232778499021,
    "total_tokens": 166801,
    "avg_tokens": 718.9698275862069
}