{
    "word_level": {
        "average_accuracy": 0.556342520027865,
        "accuracy": 0.5355603448275862
    },
    "bleu": 0.353327592858997,
    "WER": 0.43280215952629747,
    "morpheme_level": {
        "average_accuracy": 0.48678500618155784,
        "accuracy": 0.4154209284028324
    },
    "classes": {
        "stem": {
            "prec": 0.4492753623188406,
            "rec": 0.43847241867043846,
            "f1": 0.4438081603435934
        },
        "gram": {
            "prec": 0.4759825327510917,
            "rec": 0.38652482269503546,
            "f1": 0.426614481409002
        }
    },
    "MER": 0.4169936146229253,
    "chrf": 58.54706721077424,
    "total_tokens": 166815,
    "avg_tokens": 719.0301724137931
}