{
    "word_level": {
        "average_accuracy": 0.5689151365875502,
        "accuracy": 0.5355603448275862
    },
    "bleu": 0.3110287890928741,
    "WER": 0.4391650495098773,
    "morpheme_level": {
        "average_accuracy": 0.5154980735260907,
        "accuracy": 0.4287962234461054
    },
    "classes": {
        "stem": {
            "prec": 0.49137931034482757,
            "rec": 0.4837340876944837,
            "f1": 0.48752672843905914
        },
        "gram": {
            "prec": 0.4403470715835141,
            "rec": 0.3599290780141844,
            "f1": 0.3960975609756098
        }
    },
    "MER": 0.4114818789926549,
    "chrf": 56.88665648030802,
    "total_tokens": 166121,
    "avg_tokens": 716.0387931034483
}