{
    "word_level": {
        "average_accuracy": 0.2300702604274033,
        "accuracy": 0.211340206185567
    },
    "bleu": 0.13743743402701053,
    "WER": 0.7357805136940476,
    "morpheme_level": {
        "average_accuracy": 0.24148906983494786,
        "accuracy": 0.23013245033112584
    },
    "classes": {
        "stem": {
            "prec": 0.2474747474747475,
            "rec": 0.23671497584541062,
            "f1": 0.24197530864197533
        },
        "gram": {
            "prec": 0.25787965616045844,
            "rec": 0.22670025188916876,
            "f1": 0.24128686327077745
        }
    },
    "MER": 0.6570319034994315,
    "chrf": 37.03531618914661,
    "total_tokens": 111570,
    "avg_tokens": 2656.4285714285716
}