{
    "word_level": {
        "average_accuracy": 0.24001924001924008,
        "accuracy": 0.22422680412371135
    },
    "bleu": 0.12535233757852002,
    "WER": 0.7448512379433433,
    "morpheme_level": {
        "average_accuracy": 0.20433032717299973,
        "accuracy": 0.1870860927152318
    },
    "classes": {
        "stem": {
            "prec": 0.1761904761904762,
            "rec": 0.178743961352657,
            "f1": 0.1774580335731415
        },
        "gram": {
            "prec": 0.22686567164179106,
            "rec": 0.19143576826196473,
            "f1": 0.20765027322404372
        }
    },
    "MER": 0.6786458790835446,
    "chrf": 36.60483145081243,
    "total_tokens": 110514,
    "avg_tokens": 2631.285714285714
}