{
    "word_level": {
        "average_accuracy": 0.21826113353368998,
        "accuracy": 0.19072164948453607
    },
    "bleu": 0.1187006168026898,
    "WER": 0.773403815274116,
    "morpheme_level": {
        "average_accuracy": 0.23421725802220097,
        "accuracy": 0.20198675496688742
    },
    "classes": {
        "stem": {
            "prec": 0.20105820105820105,
            "rec": 0.18357487922705315,
            "f1": 0.1919191919191919
        },
        "gram": {
            "prec": 0.23268698060941828,
            "rec": 0.21158690176322417,
            "f1": 0.22163588390501318
        }
    },
    "MER": 0.6954636189700919,
    "chrf": 34.7076180600193,
    "total_tokens": 110748,
    "avg_tokens": 2636.8571428571427
}