{
    "word_level": {
        "average_accuracy": 0.4559688804424767,
        "accuracy": 0.45618556701030927
    },
    "bleu": 0.38576218485832214,
    "WER": 0.4962144285172361,
    "morpheme_level": {
        "average_accuracy": 0.3644875912108709,
        "accuracy": 0.34309623430962344
    },
    "classes": {
        "stem": {
            "prec": 0.37749287749287747,
            "rec": 0.3455019556714472,
            "f1": 0.360789652825051
        },
        "gram": {
            "prec": 0.32657657657657657,
            "rec": 0.338785046728972,
            "f1": 0.3325688073394495
        }
    },
    "MER": 0.5112539922459358,
    "chrf": 57.089188169600746,
    "total_tokens": 315414,
    "avg_tokens": 3584.25
}