{
    "word_level": {
        "average_accuracy": 0.4539647822067607,
        "accuracy": 0.4690721649484536
    },
    "bleu": 0.41156673431396484,
    "WER": 0.49710290567576665,
    "morpheme_level": {
        "average_accuracy": 0.3563102596903258,
        "accuracy": 0.3213389121338912
    },
    "classes": {
        "stem": {
            "prec": 0.35507246376811596,
            "rec": 0.3194263363754889,
            "f1": 0.33630748112560055
        },
        "gram": {
            "prec": 0.3159090909090909,
            "rec": 0.3247663551401869,
            "f1": 0.32027649769585254
        }
    },
    "MER": 0.5003465089197218,
    "chrf": 57.65007980030028,
    "total_tokens": 314604,
    "avg_tokens": 3575.0454545454545
}