{
    "word_level": {
        "average_accuracy": 0.41932117663233975,
        "accuracy": 0.4574742268041237
    },
    "bleu": 0.4093396067619324,
    "WER": 0.5214270012147687,
    "morpheme_level": {
        "average_accuracy": 0.33872487931276285,
        "accuracy": 0.3447698744769874
    },
    "classes": {
        "stem": {
            "prec": 0.3784570596797671,
            "rec": 0.3389830508474576,
            "f1": 0.35763411279229707
        },
        "gram": {
            "prec": 0.3392857142857143,
            "rec": 0.35514018691588783,
            "f1": 0.34703196347031967
        }
    },
    "MER": 0.521312686948857,
    "chrf": 57.03371612488122,
    "total_tokens": 315469,
    "avg_tokens": 3584.875
}