{
    "word_level": {
        "average_accuracy": 0.462138160897046,
        "accuracy": 0.4173441734417344
    },
    "bleu": 0.3793604075908661,
    "WER": 0.4622613642950432,
    "morpheme_level": {
        "average_accuracy": 0.339507824285855,
        "accuracy": 0.2989583333333333
    },
    "classes": {
        "stem": {
            "prec": 0.33142201834862384,
            "rec": 0.3189845474613687,
            "f1": 0.3250843644544432
        },
        "gram": {
            "prec": 0.29533678756476683,
            "rec": 0.28106508875739644,
            "f1": 0.28802425467407783
        }
    },
    "MER": 0.460274396411919,
    "chrf": 60.96429738805963,
    "total_tokens": 545685,
    "avg_tokens": 5511.969696969697
}