{
    "word_level": {
        "average_accuracy": 0.4500840131674399,
        "accuracy": 0.4010840108401084
    },
    "bleu": 0.2655279040336609,
    "WER": 0.46445870093833025,
    "morpheme_level": {
        "average_accuracy": 0.35604245021731157,
        "accuracy": 0.31302083333333336
    },
    "classes": {
        "stem": {
            "prec": 0.34823529411764703,
            "rec": 0.32671081677704195,
            "f1": 0.337129840546697
        },
        "gram": {
            "prec": 0.3074596774193548,
            "rec": 0.30078895463510846,
            "f1": 0.3040877367896311
        }
    },
    "MER": 0.7574920310170565,
    "chrf": 56.52305897267431,
    "total_tokens": 548745,
    "avg_tokens": 5542.878787878788
}