{
    "word_level": {
        "average_accuracy": 0.4554973708691481,
        "accuracy": 0.3839205058717254
    },
    "bleu": 0.3822954297065735,
    "WER": 0.4478697336433961,
    "morpheme_level": {
        "average_accuracy": 0.3288292124854931,
        "accuracy": 0.275
    },
    "classes": {
        "stem": {
            "prec": 0.30833333333333335,
            "rec": 0.2858719646799117,
            "f1": 0.2966781214203895
        },
        "gram": {
            "prec": 0.2730964467005076,
            "rec": 0.26528599605522685,
            "f1": 0.2691345672836418
        }
    },
    "MER": 0.4386712064134073,
    "chrf": 61.20677472281443,
    "total_tokens": 545713,
    "avg_tokens": 5512.252525252526
}