{
    "word_level": {
        "average_accuracy": 0.6051077275215206,
        "accuracy": 0.6045258620689655
    },
    "bleu": 0.4299708759754885,
    "WER": 0.41001719784047375,
    "morpheme_level": {
        "average_accuracy": 0.5491371595358662,
        "accuracy": 0.5019669551534225
    },
    "classes": {
        "stem": {
            "prec": 0.5320056899004267,
            "rec": 0.5289957567185289,
            "f1": 0.5304964539007092
        },
        "gram": {
            "prec": 0.5546218487394958,
            "rec": 0.46808510638297873,
            "f1": 0.5076923076923077
        }
    },
    "MER": 0.36767233006457173,
    "chrf": 64.52430642668575,
    "total_tokens": 368555,
    "avg_tokens": 1588.5991379310344
}