{
    "word_level": {
        "average_accuracy": 0.5929633465193809,
        "accuracy": 0.5883620689655172
    },
    "bleu": 0.43692401637147393,
    "WER": 0.3941287878787879,
    "morpheme_level": {
        "average_accuracy": 0.5497932622932621,
        "accuracy": 0.5019669551534225
    },
    "classes": {
        "stem": {
            "prec": 0.5448079658605974,
            "rec": 0.5417256011315418,
            "f1": 0.5432624113475177
        },
        "gram": {
            "prec": 0.5437100213219617,
            "rec": 0.4521276595744681,
            "f1": 0.4937076476282672
        }
    },
    "MER": 0.36426072131891113,
    "chrf": 64.73673337344991,
    "total_tokens": 370051,
    "avg_tokens": 1595.0474137931035
}