{
    "word_level": {
        "average_accuracy": 0.5945677526496492,
        "accuracy": 0.5797413793103449
    },
    "bleu": 0.4023264653680504,
    "WER": 0.40386998059411866,
    "morpheme_level": {
        "average_accuracy": 0.5501571584545719,
        "accuracy": 0.4956726986624705
    },
    "classes": {
        "stem": {
            "prec": 0.5341880341880342,
            "rec": 0.5304101838755304,
            "f1": 0.5322924059616749
        },
        "gram": {
            "prec": 0.529045643153527,
            "rec": 0.4521276595744681,
            "f1": 0.4875717017208413
        }
    },
    "MER": 0.37790890263950616,
    "chrf": 62.9099229499169,
    "total_tokens": 368653,
    "avg_tokens": 1589.021551724138
}