{
    "word_level": {
        "average_accuracy": 0.09625273953281474,
        "accuracy": 0.09020618556701031
    },
    "bleu": 0.023346655070781708,
    "WER": 0.9195266530322923,
    "morpheme_level": {
        "average_accuracy": 0.09601383119944631,
        "accuracy": 0.08774834437086093
    },
    "classes": {
        "stem": {
            "prec": 0.07468879668049792,
            "rec": 0.08695652173913043,
            "f1": 0.08035714285714285
        },
        "gram": {
            "prec": 0.12027491408934708,
            "rec": 0.08816120906801007,
            "f1": 0.10174418604651163
        }
    },
    "MER": 0.8903422602106682,
    "chrf": 21.230006462658192,
    "total_tokens": 16804,
    "avg_tokens": 400.0952380952381
}