{
    "word_level": {
        "average_accuracy": 0.08591914038342612,
        "accuracy": 0.07474226804123711
    },
    "bleu": 0.0,
    "WER": 0.9175689720332576,
    "morpheme_level": {
        "average_accuracy": 0.09581068709539083,
        "accuracy": 0.08278145695364239
    },
    "classes": {
        "stem": {
            "prec": 0.0759493670886076,
            "rec": 0.08695652173913043,
            "f1": 0.08108108108108107
        },
        "gram": {
            "prec": 0.11267605633802817,
            "rec": 0.08060453400503778,
            "f1": 0.09397944199706314
        }
    },
    "MER": 0.8780735799117367,
    "chrf": 20.983409476658434,
    "total_tokens": 16607,
    "avg_tokens": 395.4047619047619
}