{
    "word_level": {
        "average_accuracy": 0.09390026744350055,
        "accuracy": 0.08505154639175258
    },
    "bleu": 0.0,
    "WER": 0.9338805165872837,
    "morpheme_level": {
        "average_accuracy": 0.09071811754675044,
        "accuracy": 0.08443708609271523
    },
    "classes": {
        "stem": {
            "prec": 0.0728744939271255,
            "rec": 0.08695652173913043,
            "f1": 0.07929515418502203
        },
        "gram": {
            "prec": 0.12359550561797752,
            "rec": 0.08312342569269521,
            "f1": 0.09939759036144578
        }
    },
    "MER": 0.9088306631041899,
    "chrf": 20.50552645905464,
    "total_tokens": 16691,
    "avg_tokens": 397.4047619047619
}