{
    "word_level": {
        "average_accuracy": 0.15772369567489888,
        "accuracy": 0.17654639175257733
    },
    "bleu": 0.14619040489196777,
    "WER": 0.8033124743686241,
    "morpheme_level": {
        "average_accuracy": 0.1411178982826182,
        "accuracy": 0.1506276150627615
    },
    "classes": {
        "stem": {
            "prec": 0.1935933147632312,
            "rec": 0.18122555410691005,
            "f1": 0.18720538720538718
        },
        "gram": {
            "prec": 0.09808612440191387,
            "rec": 0.09579439252336448,
            "f1": 0.09692671394799054
        }
    },
    "MER": 0.8639943338916041,
    "chrf": 35.1606647160498,
    "total_tokens": 33390,
    "avg_tokens": 379.4318181818182
}