{
    "word_level": {
        "average_accuracy": 0.14751026632711126,
        "accuracy": 0.16881443298969073
    },
    "bleu": 0.12054833024740219,
    "WER": 0.8351830207779407,
    "morpheme_level": {
        "average_accuracy": 0.11095882622761312,
        "accuracy": 0.12552301255230125
    },
    "classes": {
        "stem": {
            "prec": 0.1592442645074224,
            "rec": 0.15384615384615385,
            "f1": 0.15649867374005305
        },
        "gram": {
            "prec": 0.08333333333333333,
            "rec": 0.07476635514018691,
            "f1": 0.07881773399014777
        }
    },
    "MER": 0.894331310400829,
    "chrf": 33.25867186510693,
    "total_tokens": 33440,
    "avg_tokens": 380.0
}