{
    "word_level": {
        "average_accuracy": 0.1617276888333038,
        "accuracy": 0.17396907216494845
    },
    "bleu": 0.11890637874603271,
    "WER": 0.8387188927713659,
    "morpheme_level": {
        "average_accuracy": 0.13549358727553207,
        "accuracy": 0.13723849372384936
    },
    "classes": {
        "stem": {
            "prec": 0.1765536723163842,
            "rec": 0.16297262059973924,
            "f1": 0.1694915254237288
        },
        "gram": {
            "prec": 0.09027777777777778,
            "rec": 0.0911214953271028,
            "f1": 0.09069767441860464
        }
    },
    "MER": 0.9029605806364884,
    "chrf": 33.63909884690653,
    "total_tokens": 33421,
    "avg_tokens": 379.78409090909093
}