{
    "word_level": {
        "average_accuracy": 0.14992536655304037,
        "accuracy": 0.17783505154639176
    },
    "bleu": 0.13714376091957092,
    "WER": 0.8311831943349323,
    "morpheme_level": {
        "average_accuracy": 0.11960237964714811,
        "accuracy": 0.13472803347280335
    },
    "classes": {
        "stem": {
            "prec": 0.17056396148555708,
            "rec": 0.16166883963494133,
            "f1": 0.16599732262382866
        },
        "gram": {
            "prec": 0.09319899244332494,
            "rec": 0.08644859813084112,
            "f1": 0.08969696969696969
        }
    },
    "MER": 0.8933382270614012,
    "chrf": 32.4171247935627,
    "total_tokens": 33322,
    "avg_tokens": 378.65909090909093
}