{
    "word_level": {
        "average_accuracy": 0.18753518754282908,
        "accuracy": 0.13188798554652212
    },
    "bleu": 0.07203348235233985,
    "WER": 0.8479062040580263,
    "morpheme_level": {
        "average_accuracy": 0.12528160443687567,
        "accuracy": 0.07864583333333333
    },
    "classes": {
        "stem": {
            "prec": 0.1079913606911447,
            "rec": 0.11037527593818984,
            "f1": 0.1091703056768559
        },
        "gram": {
            "prec": 0.06455696202531645,
            "rec": 0.05029585798816568,
            "f1": 0.05654101995565411
        }
    },
    "MER": 0.8047588193329831,
    "chrf": 27.870250863237672,
    "total_tokens": 41890,
    "avg_tokens": 423.1313131313131
}