{
    "word_level": {
        "average_accuracy": 0.1757457242827776,
        "accuracy": 0.12375790424570912
    },
    "bleu": 0.0686573413536424,
    "WER": 0.8363321621363907,
    "morpheme_level": {
        "average_accuracy": 0.12186941609672869,
        "accuracy": 0.07916666666666666
    },
    "classes": {
        "stem": {
            "prec": 0.10979547900968784,
            "rec": 0.11258278145695365,
            "f1": 0.1111716621253406
        },
        "gram": {
            "prec": 0.06493506493506493,
            "rec": 0.04930966469428008,
            "f1": 0.05605381165919282
        }
    },
    "MER": 0.8076157371117201,
    "chrf": 27.05337544994978,
    "total_tokens": 41561,
    "avg_tokens": 419.80808080808083
}