{
    "word_level": {
        "average_accuracy": 0.17538067538831695,
        "accuracy": 0.12827461607949414
    },
    "bleu": 0.0689822086520591,
    "WER": 0.8647026932030005,
    "morpheme_level": {
        "average_accuracy": 0.11806616603265098,
        "accuracy": 0.07552083333333333
    },
    "classes": {
        "stem": {
            "prec": 0.10319148936170212,
            "rec": 0.10706401766004416,
            "f1": 0.10509209100758396
        },
        "gram": {
            "prec": 0.06477732793522267,
            "rec": 0.047337278106508875,
            "f1": 0.0547008547008547
        }
    },
    "MER": 0.8157378078504639,
    "chrf": 26.679751595189373,
    "total_tokens": 41781,
    "avg_tokens": 422.030303030303
}