{
    "word_level": {
        "average_accuracy": 0.2791752189381501,
        "accuracy": 0.23814655172413793
    },
    "bleu": 0.07597336004020974,
    "WER": 0.7132715703836394,
    "morpheme_level": {
        "average_accuracy": 0.2712173662065905,
        "accuracy": 0.1951219512195122
    },
    "classes": {
        "stem": {
            "prec": 0.2430167597765363,
            "rec": 0.24611032531824611,
            "f1": 0.24455375966268447
        },
        "gram": {
            "prec": 0.17535545023696683,
            "rec": 0.13120567375886524,
            "f1": 0.15010141987829614
        }
    },
    "MER": 0.724181894494395,
    "chrf": 31.296762910352065,
    "total_tokens": 71599,
    "avg_tokens": 308.6163793103448
}