{
    "word_level": {
        "average_accuracy": 0.2592366086978158,
        "accuracy": 0.22629310344827586
    },
    "bleu": 0.06929898209760195,
    "WER": 0.7317783748818234,
    "morpheme_level": {
        "average_accuracy": 0.25727753448658636,
        "accuracy": 0.1990558615263572
    },
    "classes": {
        "stem": {
            "prec": 0.252112676056338,
            "rec": 0.2531824611032532,
            "f1": 0.2526464361326747
        },
        "gram": {
            "prec": 0.17330210772833723,
            "rec": 0.13120567375886524,
            "f1": 0.1493440968718466
        }
    },
    "MER": 0.7246353682237303,
    "chrf": 30.87912301648496,
    "total_tokens": 71612,
    "avg_tokens": 308.67241379310343
}