{
    "word_level": {
        "average_accuracy": 0.2633759080957358,
        "accuracy": 0.23168103448275862
    },
    "bleu": 0.07553439608265083,
    "WER": 0.7411003507986266,
    "morpheme_level": {
        "average_accuracy": 0.2577457803212115,
        "accuracy": 0.1982690794649882
    },
    "classes": {
        "stem": {
            "prec": 0.2445414847161572,
            "rec": 0.2376237623762376,
            "f1": 0.24103299856527974
        },
        "gram": {
            "prec": 0.18876404494382024,
            "rec": 0.14893617021276595,
            "f1": 0.16650148662041625
        }
    },
    "MER": 0.7405557026785475,
    "chrf": 30.91562198066627,
    "total_tokens": 71737,
    "avg_tokens": 309.21120689655174
}