{
    "word_level": {
        "average_accuracy": 0.131475468975469,
        "accuracy": 0.11082474226804123
    },
    "bleu": 0.03803007066911511,
    "WER": 0.8397878941581949,
    "morpheme_level": {
        "average_accuracy": 0.1363479067368208,
        "accuracy": 0.12086092715231789
    },
    "classes": {
        "stem": {
            "prec": 0.09174311926605505,
            "rec": 0.0966183574879227,
            "f1": 0.09411764705882353
        },
        "gram": {
            "prec": 0.17725752508361203,
            "rec": 0.13350125944584382,
            "f1": 0.15229885057471265
        }
    },
    "MER": 0.7711588646862443,
    "chrf": 27.021502290631943,
    "total_tokens": 42617,
    "avg_tokens": 1014.6904761904761
}