{
    "word_level": {
        "average_accuracy": 0.1462262935477221,
        "accuracy": 0.13144329896907217
    },
    "bleu": 0.04168255828577656,
    "WER": 0.8303520796941849,
    "morpheme_level": {
        "average_accuracy": 0.1425878850055763,
        "accuracy": 0.12582781456953643
    },
    "classes": {
        "stem": {
            "prec": 0.13793103448275862,
            "rec": 0.13526570048309178,
            "f1": 0.13658536585365852
        },
        "gram": {
            "prec": 0.13953488372093023,
            "rec": 0.12090680100755667,
            "f1": 0.12955465587044535
        }
    },
    "MER": 0.7853534807892961,
    "chrf": 27.45807532893878,
    "total_tokens": 42581,
    "avg_tokens": 1013.8333333333334
}