{
    "word_level": {
        "average_accuracy": 0.17451323565045368,
        "accuracy": 0.15721649484536082
    },
    "bleu": 0.04137419740497954,
    "WER": 0.8149932234988626,
    "morpheme_level": {
        "average_accuracy": 0.1566065542261876,
        "accuracy": 0.13410596026490065
    },
    "classes": {
        "stem": {
            "prec": 0.1115702479338843,
            "rec": 0.13043478260869565,
            "f1": 0.12026726057906459
        },
        "gram": {
            "prec": 0.17880794701986755,
            "rec": 0.13602015113350127,
            "f1": 0.15450643776824033
        }
    },
    "MER": 0.7982643137915059,
    "chrf": 28.494504099547235,
    "total_tokens": 42266,
    "avg_tokens": 1006.3333333333334
}