{
    "word_level": {
        "average_accuracy": 0.0863965811743218,
        "accuracy": 0.06701030927835051
    },
    "bleu": 0.0464496064917736,
    "WER": 0.9122100886138319,
    "morpheme_level": {
        "average_accuracy": 0.09350196503077869,
        "accuracy": 0.06861924686192468
    },
    "classes": {
        "stem": {
            "prec": 0.08739255014326648,
            "rec": 0.07953063885267275,
            "f1": 0.0832764505119454
        },
        "gram": {
            "prec": 0.05660377358490566,
            "rec": 0.04906542056074766,
            "f1": 0.052565707133917394
        }
    },
    "MER": 0.9449267710378035,
    "chrf": 25.56303078160218,
    "total_tokens": 96002,
    "avg_tokens": 1090.9318181818182
}