{
    "word_level": {
        "average_accuracy": 0.09993564813083528,
        "accuracy": 0.08762886597938144
    },
    "bleu": 0.06511913239955902,
    "WER": 0.8988101271440172,
    "morpheme_level": {
        "average_accuracy": 0.09060832050268791,
        "accuracy": 0.07112970711297072
    },
    "classes": {
        "stem": {
            "prec": 0.09449929478138223,
            "rec": 0.08735332464146023,
            "f1": 0.09078590785907859
        },
        "gram": {
            "prec": 0.04904632152588556,
            "rec": 0.04205607476635514,
            "f1": 0.045283018867924525
        }
    },
    "MER": 0.9286818365568714,
    "chrf": 26.239685028352845,
    "total_tokens": 95370,
    "avg_tokens": 1083.75
}