{
    "word_level": {
        "average_accuracy": 0.09461890198855442,
        "accuracy": 0.07603092783505154
    },
    "bleu": 0.04469835385680199,
    "WER": 0.9019246302167425,
    "morpheme_level": {
        "average_accuracy": 0.10412446960126735,
        "accuracy": 0.0803347280334728
    },
    "classes": {
        "stem": {
            "prec": 0.11028315946348734,
            "rec": 0.09647979139504563,
            "f1": 0.10292072322670376
        },
        "gram": {
            "prec": 0.052884615384615384,
            "rec": 0.0514018691588785,
            "f1": 0.052132701421800945
        }
    },
    "MER": 0.9413178410303196,
    "chrf": 25.996665752806337,
    "total_tokens": 96206,
    "avg_tokens": 1093.25
}