{
    "word_level": {
        "average_accuracy": 0.22596407856847503,
        "accuracy": 0.2041553748870822
    },
    "bleu": 0.09510540467016045,
    "WER": 0.7361629394569432,
    "morpheme_level": {
        "average_accuracy": 0.12800283449067704,
        "accuracy": 0.10729166666666666
    },
    "classes": {
        "stem": {
            "prec": 0.13714285714285715,
            "rec": 0.13245033112582782,
            "f1": 0.13475575519371144
        },
        "gram": {
            "prec": 0.10225921521997622,
            "rec": 0.08481262327416174,
            "f1": 0.09272237196765501
        }
    },
    "MER": 0.7302709889109028,
    "chrf": 35.543762645816614,
    "total_tokens": 155487,
    "avg_tokens": 1570.5757575757575
}