{
    "word_level": {
        "average_accuracy": 0.18661004733882616,
        "accuracy": 0.16982836495031617
    },
    "bleu": 0.08203208006043695,
    "WER": 0.8017982221903022,
    "morpheme_level": {
        "average_accuracy": 0.12318955935357273,
        "accuracy": 0.10260416666666666
    },
    "classes": {
        "stem": {
            "prec": 0.1286549707602339,
            "rec": 0.12141280353200883,
            "f1": 0.12492901760363428
        },
        "gram": {
            "prec": 0.10223266745005875,
            "rec": 0.08579881656804733,
            "f1": 0.09329758713136728
        }
    },
    "MER": 0.7635319727298798,
    "chrf": 33.97275885473838,
    "total_tokens": 154355,
    "avg_tokens": 1559.141414141414
}