{
    "word_level": {
        "average_accuracy": 0.19302096250861706,
        "accuracy": 0.16711833785004518
    },
    "bleu": 0.07096228407190712,
    "WER": 0.773942071240767,
    "morpheme_level": {
        "average_accuracy": 0.12106841661273135,
        "accuracy": 0.10104166666666667
    },
    "classes": {
        "stem": {
            "prec": 0.12714776632302405,
            "rec": 0.12251655629139073,
            "f1": 0.12478920741989881
        },
        "gram": {
            "prec": 0.09987966305655836,
            "rec": 0.08185404339250493,
            "f1": 0.0899728997289973
        }
    },
    "MER": 0.7474106449407409,
    "chrf": 33.143137590635455,
    "total_tokens": 155692,
    "avg_tokens": 1572.6464646464647
}