{
    "word_level": {
        "average_accuracy": 0.24760894038911282,
        "accuracy": 0.24461206896551724
    },
    "bleu": 0.058277721653206896,
    "WER": 0.7756271147434943,
    "morpheme_level": {
        "average_accuracy": 0.21528897347862877,
        "accuracy": 0.1880409126671912
    },
    "classes": {
        "stem": {
            "prec": 0.2535410764872521,
            "rec": 0.2531824611032532,
            "f1": 0.25336164189667376
        },
        "gram": {
            "prec": 0.16,
            "rec": 0.10638297872340426,
            "f1": 0.12779552715654952
        }
    },
    "MER": 0.7770408291421221,
    "chrf": 32.59229427519171,
    "total_tokens": 162907,
    "avg_tokens": 702.1853448275862
}