{
    "word_level": {
        "average_accuracy": 0.2584429579041649,
        "accuracy": 0.25538793103448276
    },
    "bleu": 0.08490286868448055,
    "WER": 0.7700668943125835,
    "morpheme_level": {
        "average_accuracy": 0.23481790001186564,
        "accuracy": 0.2069236821400472
    },
    "classes": {
        "stem": {
            "prec": 0.2605042016806723,
            "rec": 0.26308345120226306,
            "f1": 0.2617874736101337
        },
        "gram": {
            "prec": 0.19948186528497408,
            "rec": 0.13652482269503546,
            "f1": 0.16210526315789472
        }
    },
    "MER": 0.7387164499772262,
    "chrf": 33.48927940385602,
    "total_tokens": 162909,
    "avg_tokens": 702.1939655172414
}