{
    "word_level": {
        "average_accuracy": 0.251905912574016,
        "accuracy": 0.24030172413793102
    },
    "bleu": 0.05114517792810526,
    "WER": 0.7811674317062244,
    "morpheme_level": {
        "average_accuracy": 0.221261927727445,
        "accuracy": 0.1872541306058222
    },
    "classes": {
        "stem": {
            "prec": 0.23672883787661406,
            "rec": 0.2333804809052334,
            "f1": 0.235042735042735
        },
        "gram": {
            "prec": 0.19109947643979058,
            "rec": 0.12943262411347517,
            "f1": 0.1543340380549683
        }
    },
    "MER": 0.7659696625213869,
    "chrf": 32.25948349632495,
    "total_tokens": 162615,
    "avg_tokens": 700.926724137931
}