{
    "word_level": {
        "average_accuracy": 0.019512729334157906,
        "accuracy": 0.01675257731958763
    },
    "bleu": 0.0,
    "WER": 0.9977191581044961,
    "morpheme_level": {
        "average_accuracy": 0.04502529364199316,
        "accuracy": 0.039735099337748346
    },
    "classes": {
        "stem": {
            "prec": 0.06307977736549165,
            "rec": 0.0821256038647343,
            "f1": 0.07135362014690451
        },
        "gram": {
            "prec": 0.03125,
            "rec": 0.017632241813602016,
            "f1": 0.022544283413848634
        }
    },
    "MER": 0.8789195230159054,
    "chrf": 100.0,
    "total_tokens": 61726,
    "avg_tokens": 734.8333333333334
}