{
    "word_level": {
        "average_accuracy": 0.02820459789444752,
        "accuracy": 0.027061855670103094
    },
    "bleu": 0.0,
    "WER": 1.031310859670822,
    "morpheme_level": {
        "average_accuracy": 0.03734856245827099,
        "accuracy": 0.03228476821192053
    },
    "classes": {
        "stem": {
            "prec": 0.05423728813559322,
            "rec": 0.07729468599033816,
            "f1": 0.06374501992031872
        },
        "gram": {
            "prec": 0.016548463356973995,
            "rec": 0.008816120906801008,
            "f1": 0.011503697617091206
        }
    },
    "MER": 0.9266198144847054,
    "chrf": 100.0,
    "total_tokens": 61922,
    "avg_tokens": 737.1666666666666
}