{
    "word_level": {
        "average_accuracy": 0.0322166798670558,
        "accuracy": 0.029639175257731958
    },
    "bleu": 0.0,
    "WER": 0.9998877853906045,
    "morpheme_level": {
        "average_accuracy": 0.044621907565424765,
        "accuracy": 0.037251655629139076
    },
    "classes": {
        "stem": {
            "prec": 0.058823529411764705,
            "rec": 0.08454106280193237,
            "f1": 0.06937561942517344
        },
        "gram": {
            "prec": 0.023696682464454975,
            "rec": 0.012594458438287154,
            "f1": 0.01644736842105263
        }
    },
    "MER": 0.9059840717735806,
    "chrf": 100.0,
    "total_tokens": 55844,
    "avg_tokens": 664.8095238095239
}