{
    "word_level": {
        "average_accuracy": 0.02377860235003092,
        "accuracy": 0.019329896907216496
    },
    "bleu": 0.0,
    "WER": 1.0351762342363844,
    "morpheme_level": {
        "average_accuracy": 0.03965239570372929,
        "accuracy": 0.03145695364238411
    },
    "classes": {
        "stem": {
            "prec": 0.05745062836624776,
            "rec": 0.07729468599033816,
            "f1": 0.06591143151390319
        },
        "gram": {
            "prec": 0.013333333333333334,
            "rec": 0.007556675062972292,
            "f1": 0.00964630225080386
        }
    },
    "MER": 0.9354161881051303,
    "chrf": 100.0,
    "total_tokens": 61878,
    "avg_tokens": 736.6428571428571
}