{
    "word_level": {
        "average_accuracy": 0.1838224936439222,
        "accuracy": 0.15463917525773196
    },
    "bleu": 0.05699359698595417,
    "WER": 0.7665614478114481,
    "morpheme_level": {
        "average_accuracy": 0.1680656583801056,
        "accuracy": 0.152317880794702
    },
    "classes": {
        "stem": {
            "prec": 0.15025906735751296,
            "rec": 0.14009661835748793,
            "f1": 0.145
        },
        "gram": {
            "prec": 0.19090909090909092,
            "rec": 0.15869017632241814,
            "f1": 0.1733149931224209
        }
    },
    "MER": 0.692720976219914,
    "chrf": 31.358961404122258,
    "total_tokens": 169423,
    "avg_tokens": 4033.8809523809523
}