{
    "word_level": {
        "average_accuracy": 0.23211170964930364,
        "accuracy": 0.22164948453608246
    },
    "bleu": 0.11897664361891312,
    "WER": 0.7393623850390769,
    "morpheme_level": {
        "average_accuracy": 0.2116729038187358,
        "accuracy": 0.19205298013245034
    },
    "classes": {
        "stem": {
            "prec": 0.17391304347826086,
            "rec": 0.17391304347826086,
            "f1": 0.17391304347826086
        },
        "gram": {
            "prec": 0.24691358024691357,
            "rec": 0.20151133501259447,
            "f1": 0.22191400832177532
        }
    },
    "MER": 0.6789340884970025,
    "chrf": 35.81990023108369,
    "total_tokens": 169742,
    "avg_tokens": 4041.4761904761904
}