{
    "word_level": {
        "average_accuracy": 0.20647008936482622,
        "accuracy": 0.19072164948453607
    },
    "bleu": 0.11554732817960572,
    "WER": 0.715428316462151,
    "morpheme_level": {
        "average_accuracy": 0.1919452619086534,
        "accuracy": 0.1771523178807947
    },
    "classes": {
        "stem": {
            "prec": 0.15270935960591134,
            "rec": 0.1497584541062802,
            "f1": 0.15121951219512192
        },
        "gram": {
            "prec": 0.24203821656050956,
            "rec": 0.19143576826196473,
            "f1": 0.21378340365682139
        }
    },
    "MER": 0.6592375200674948,
    "chrf": 33.421275014757846,
    "total_tokens": 168708,
    "avg_tokens": 4016.8571428571427
}