{
    "word_level": {
        "average_accuracy": 0.19809472060474737,
        "accuracy": 0.21262886597938144
    },
    "bleu": 0.1924816071987152,
    "WER": 0.749066497729599,
    "morpheme_level": {
        "average_accuracy": 0.18202215885731574,
        "accuracy": 0.18577405857740587
    },
    "classes": {
        "stem": {
            "prec": 0.22205663189269748,
            "rec": 0.19426336375488917,
            "f1": 0.20723226703755215
        },
        "gram": {
            "prec": 0.17096018735362997,
            "rec": 0.1705607476635514,
            "f1": 0.17076023391812864
        }
    },
    "MER": 0.7887430281211948,
    "chrf": 38.33688953634081,
    "total_tokens": 392325,
    "avg_tokens": 4458.238636363636
}