{
    "word_level": {
        "average_accuracy": 0.12519123961303102,
        "accuracy": 0.11984536082474227
    },
    "bleu": 0.12975303828716278,
    "WER": 0.826449305635469,
    "morpheme_level": {
        "average_accuracy": 0.1356272562453079,
        "accuracy": 0.11046025104602511
    },
    "classes": {
        "stem": {
            "prec": 0.14307004470938897,
            "rec": 0.12516297262059975,
            "f1": 0.13351877607788595
        },
        "gram": {
            "prec": 0.08490566037735849,
            "rec": 0.08411214953271028,
            "f1": 0.08450704225352113
        }
    },
    "MER": 0.8419169363898288,
    "chrf": 32.99828293990189,
    "total_tokens": 392749,
    "avg_tokens": 4463.056818181818
}