{
    "word_level": {
        "average_accuracy": 0.19601379163544938,
        "accuracy": 0.19845360824742267
    },
    "bleu": 0.17676189541816711,
    "WER": 0.7573380225535972,
    "morpheme_level": {
        "average_accuracy": 0.17029463580573553,
        "accuracy": 0.14644351464435146
    },
    "classes": {
        "stem": {
            "prec": 0.1753155680224404,
            "rec": 0.16297262059973924,
            "f1": 0.16891891891891891
        },
        "gram": {
            "prec": 0.11933174224343675,
            "rec": 0.11682242990654206,
            "f1": 0.11806375442739078
        }
    },
    "MER": 0.7994317753975964,
    "chrf": 36.49106789661163,
    "total_tokens": 390175,
    "avg_tokens": 4433.806818181818
}