{
    "word_level": {
        "average_accuracy": 0.3281512806139855,
        "accuracy": 0.2827461607949413
    },
    "bleu": 0.20600203638702835,
    "WER": 0.5964948184638278,
    "morpheme_level": {
        "average_accuracy": 0.22018942214752443,
        "accuracy": 0.17760416666666667
    },
    "classes": {
        "stem": {
            "prec": 0.20759193357058126,
            "rec": 0.19315673289183222,
            "f1": 0.20011435105774725
        },
        "gram": {
            "prec": 0.1873589164785553,
            "rec": 0.16370808678500987,
            "f1": 0.17473684210526316
        }
    },
    "MER": 0.5787085089357444,
    "chrf": 46.32809921105696,
    "total_tokens": 681813,
    "avg_tokens": 6887.0
}