{
    "word_level": {
        "average_accuracy": 0.29367394590433454,
        "accuracy": 0.24119241192411925
    },
    "bleu": 0.17381787655593672,
    "WER": 0.6335628003023571,
    "morpheme_level": {
        "average_accuracy": 0.2128221164568041,
        "accuracy": 0.1703125
    },
    "classes": {
        "stem": {
            "prec": 0.21311475409836064,
            "rec": 0.20088300220750552,
            "f1": 0.20681818181818182
        },
        "gram": {
            "prec": 0.16628440366972477,
            "rec": 0.14299802761341224,
            "f1": 0.1537645811240721
        }
    },
    "MER": 0.5996257552743428,
    "chrf": 45.19830179989868,
    "total_tokens": 679557,
    "avg_tokens": 6864.212121212121
}