{
    "word_level": {
        "average_accuracy": 0.3094697181306785,
        "accuracy": 0.2601626016260163
    },
    "bleu": 0.1688246945140287,
    "WER": 0.6160350657106588,
    "morpheme_level": {
        "average_accuracy": 0.20362917113755696,
        "accuracy": 0.1578125
    },
    "classes": {
        "stem": {
            "prec": 0.18771726535341832,
            "rec": 0.17880794701986755,
            "f1": 0.18315432447710572
        },
        "gram": {
            "prec": 0.16666666666666666,
            "rec": 0.1390532544378698,
            "f1": 0.15161290322580642
        }
    },
    "MER": 0.6113271535623914,
    "chrf": 44.316896854648505,
    "total_tokens": 685337,
    "avg_tokens": 6922.595959595959
}