{
    "word_level": {
        "average_accuracy": 0.36641196447230956,
        "accuracy": 0.3459051724137931
    },
    "bleu": 0.17718685410577478,
    "WER": 0.627474405383888,
    "morpheme_level": {
        "average_accuracy": 0.34988825231282134,
        "accuracy": 0.3036978756884343
    },
    "classes": {
        "stem": {
            "prec": 0.3333333333333333,
            "rec": 0.32673267326732675,
            "f1": 0.33
        },
        "gram": {
            "prec": 0.3664302600472813,
            "rec": 0.274822695035461,
            "f1": 0.3140830800405268
        }
    },
    "MER": 0.5823621062845203,
    "chrf": 45.47668252439645,
    "total_tokens": 592611,
    "avg_tokens": 2554.3577586206898
}