{
    "word_level": {
        "average_accuracy": 0.38872204184704207,
        "accuracy": 0.3599137931034483
    },
    "bleu": 0.17575535604141404,
    "WER": 0.6048209931830623,
    "morpheme_level": {
        "average_accuracy": 0.3560198063430822,
        "accuracy": 0.2974036191974823
    },
    "classes": {
        "stem": {
            "prec": 0.3392070484581498,
            "rec": 0.32673267326732675,
            "f1": 0.33285302593659943
        },
        "gram": {
            "prec": 0.35083532219570407,
            "rec": 0.26063829787234044,
            "f1": 0.29908443540183116
        }
    },
    "MER": 0.5726782317299558,
    "chrf": 43.49551511751291,
    "total_tokens": 591786,
    "avg_tokens": 2550.801724137931
}