{
    "word_level": {
        "average_accuracy": 0.3926179902473007,
        "accuracy": 0.3739224137931034
    },
    "bleu": 0.15194995173592904,
    "WER": 0.6177881027018958,
    "morpheme_level": {
        "average_accuracy": 0.35138650262572696,
        "accuracy": 0.2942564909520063
    },
    "classes": {
        "stem": {
            "prec": 0.34672619047619047,
            "rec": 0.32956152758132956,
            "f1": 0.3379260333575055
        },
        "gram": {
            "prec": 0.31194690265486724,
            "rec": 0.25,
            "f1": 0.27755905511811024
        }
    },
    "MER": 0.595619711945143,
    "chrf": 43.14801645460861,
    "total_tokens": 593426,
    "avg_tokens": 2557.8706896551726
}