{
    "word_level": {
        "average_accuracy": 0.1564548546691404,
        "accuracy": 0.14175257731958762
    },
    "bleu": 0.06693362444639206,
    "WER": 0.8315937073925798,
    "morpheme_level": {
        "average_accuracy": 0.17290127775498895,
        "accuracy": 0.1423841059602649
    },
    "classes": {
        "stem": {
            "prec": 0.13513513513513514,
            "rec": 0.12077294685990338,
            "f1": 0.12755102040816327
        },
        "gram": {
            "prec": 0.16804407713498623,
            "rec": 0.15365239294710328,
            "f1": 0.16052631578947368
        }
    },
    "MER": 0.7795792189806346,
    "chrf": 31.47487176636954,
    "total_tokens": 36203,
    "avg_tokens": 861.9761904761905
}