{
    "word_level": {
        "average_accuracy": 0.16930692532196295,
        "accuracy": 0.15463917525773196
    },
    "bleu": 0.0647505447268486,
    "WER": 0.8251370896577664,
    "morpheme_level": {
        "average_accuracy": 0.17599670174834106,
        "accuracy": 0.14072847682119205
    },
    "classes": {
        "stem": {
            "prec": 0.1256544502617801,
            "rec": 0.11594202898550725,
            "f1": 0.12060301507537688
        },
        "gram": {
            "prec": 0.17134831460674158,
            "rec": 0.15365239294710328,
            "f1": 0.16201859229747675
        }
    },
    "MER": 0.7720310318730412,
    "chrf": 31.357993491620896,
    "total_tokens": 36191,
    "avg_tokens": 861.6904761904761
}