{
    "word_level": {
        "average_accuracy": 0.16733448429877004,
        "accuracy": 0.14690721649484537
    },
    "bleu": 0.0715502166398164,
    "WER": 0.82493657484259,
    "morpheme_level": {
        "average_accuracy": 0.18379100339626736,
        "accuracy": 0.15562913907284767
    },
    "classes": {
        "stem": {
            "prec": 0.15135135135135136,
            "rec": 0.13526570048309178,
            "f1": 0.14285714285714285
        },
        "gram": {
            "prec": 0.18487394957983194,
            "rec": 0.16624685138539042,
            "f1": 0.17506631299734748
        }
    },
    "MER": 0.7701226127004075,
    "chrf": 31.383140040339235,
    "total_tokens": 36160,
    "avg_tokens": 860.952380952381
}