{
    "word_level": {
        "average_accuracy": 0.3335593610242675,
        "accuracy": 0.31829896907216493
    },
    "bleu": 0.2725208103656769,
    "WER": 0.6222390703423456,
    "morpheme_level": {
        "average_accuracy": 0.3029123895755087,
        "accuracy": 0.2686192468619247
    },
    "classes": {
        "stem": {
            "prec": 0.29985443959243085,
            "rec": 0.2685788787483703,
            "f1": 0.28335625859697383
        },
        "gram": {
            "prec": 0.24891774891774893,
            "rec": 0.26869158878504673,
            "f1": 0.25842696629213485
        }
    },
    "MER": 0.6029743206133756,
    "chrf": 48.890092806274,
    "total_tokens": 74748,
    "avg_tokens": 849.4090909090909
}