{
    "word_level": {
        "average_accuracy": 0.3378038248275548,
        "accuracy": 0.32989690721649484
    },
    "bleu": 0.27235347032546997,
    "WER": 0.6325249190807345,
    "morpheme_level": {
        "average_accuracy": 0.2950833016670864,
        "accuracy": 0.2560669456066946
    },
    "classes": {
        "stem": {
            "prec": 0.28928046989721,
            "rec": 0.25684485006518903,
            "f1": 0.2720994475138122
        },
        "gram": {
            "prec": 0.23542116630669546,
            "rec": 0.2546728971962617,
            "f1": 0.244668911335578
        }
    },
    "MER": 0.6140378055017973,
    "chrf": 47.815607066088,
    "total_tokens": 74745,
    "avg_tokens": 849.375
}