{
    "word_level": {
        "average_accuracy": 0.33203420669998207,
        "accuracy": 0.3247422680412371
    },
    "bleu": 0.26696741580963135,
    "WER": 0.6211970002244066,
    "morpheme_level": {
        "average_accuracy": 0.2961018294928898,
        "accuracy": 0.2669456066945607
    },
    "classes": {
        "stem": {
            "prec": 0.2952243125904486,
            "rec": 0.26597131681877445,
            "f1": 0.27983539094650206
        },
        "gram": {
            "prec": 0.25219298245614036,
            "rec": 0.26869158878504673,
            "f1": 0.2601809954751131
        }
    },
    "MER": 0.6149749690662302,
    "chrf": 48.75079313064805,
    "total_tokens": 74788,
    "avg_tokens": 849.8636363636364
}