{
    "word_level": {
        "average_accuracy": 0.4094854314213584,
        "accuracy": 0.34598012646793136
    },
    "bleu": 0.2936551827082219,
    "WER": 0.5463369215794572,
    "morpheme_level": {
        "average_accuracy": 0.31120696288729643,
        "accuracy": 0.24479166666666666
    },
    "classes": {
        "stem": {
            "prec": 0.2903225806451613,
            "rec": 0.2781456953642384,
            "f1": 0.2841037204058624
        },
        "gram": {
            "prec": 0.22851153039832284,
            "rec": 0.21499013806706113,
            "f1": 0.22154471544715446
        }
    },
    "MER": 0.5146762625825341,
    "chrf": 53.78015028035416,
    "total_tokens": 119622,
    "avg_tokens": 1208.3030303030303
}