{
    "word_level": {
        "average_accuracy": 0.40191949267725874,
        "accuracy": 0.33965672990063234
    },
    "bleu": 0.29165934269598254,
    "WER": 0.5564878925415548,
    "morpheme_level": {
        "average_accuracy": 0.31013564636110397,
        "accuracy": 0.24635416666666668
    },
    "classes": {
        "stem": {
            "prec": 0.28114285714285714,
            "rec": 0.271523178807947,
            "f1": 0.2762492981471083
        },
        "gram": {
            "prec": 0.24226254002134473,
            "rec": 0.22386587771203156,
            "f1": 0.2327011788826243
        }
    },
    "MER": 0.5218445981515043,
    "chrf": 53.39644832074571,
    "total_tokens": 119586,
    "avg_tokens": 1207.939393939394
}