{
    "word_level": {
        "average_accuracy": 0.3949426404405322,
        "accuracy": 0.33604336043360433
    },
    "bleu": 0.2858879268169403,
    "WER": 0.5620990475253125,
    "morpheme_level": {
        "average_accuracy": 0.3130235415887243,
        "accuracy": 0.253125
    },
    "classes": {
        "stem": {
            "prec": 0.29377880184331795,
            "rec": 0.2814569536423841,
            "f1": 0.2874859075535513
        },
        "gram": {
            "prec": 0.23937823834196892,
            "rec": 0.22781065088757396,
            "f1": 0.2334512379989894
        }
    },
    "MER": 0.522581043956154,
    "chrf": 52.970268833454945,
    "total_tokens": 119720,
    "avg_tokens": 1209.2929292929293
}