{
    "word_level": {
        "average_accuracy": 0.4843434343434344,
        "accuracy": 0.47521551724137934
    },
    "bleu": 0.2884558581142568,
    "WER": 0.49080537518037537,
    "morpheme_level": {
        "average_accuracy": 0.4504579711476263,
        "accuracy": 0.4028324154209284
    },
    "classes": {
        "stem": {
            "prec": 0.4523121387283237,
            "rec": 0.44271570014144274,
            "f1": 0.44746247319513943
        },
        "gram": {
            "prec": 0.4189473684210526,
            "rec": 0.3528368794326241,
            "f1": 0.383060635226179
        }
    },
    "MER": 0.45887188721240457,
    "chrf": 55.30207883162609,
    "total_tokens": 111003,
    "avg_tokens": 478.46120689655174
}