{
    "word_level": {
        "average_accuracy": 0.4957994352390905,
        "accuracy": 0.4730603448275862
    },
    "bleu": 0.28622871577385606,
    "WER": 0.4809105525700355,
    "morpheme_level": {
        "average_accuracy": 0.45972588235519285,
        "accuracy": 0.4036191974822974
    },
    "classes": {
        "stem": {
            "prec": 0.4620991253644315,
            "rec": 0.44837340876944837,
            "f1": 0.4551328068916009
        },
        "gram": {
            "prec": 0.40081799591002043,
            "rec": 0.3475177304964539,
            "f1": 0.3722697056030389
        }
    },
    "MER": 0.4399883162814199,
    "chrf": 55.12071835359783,
    "total_tokens": 111037,
    "avg_tokens": 478.60775862068965
}