{
    "word_level": {
        "average_accuracy": 0.4973867368263921,
        "accuracy": 0.4665948275862069
    },
    "bleu": 0.2851981946900325,
    "WER": 0.47319982460068677,
    "morpheme_level": {
        "average_accuracy": 0.47209521800039045,
        "accuracy": 0.4044059795436664
    },
    "classes": {
        "stem": {
            "prec": 0.4608695652173913,
            "rec": 0.4497878359264498,
            "f1": 0.45526127415891193
        },
        "gram": {
            "prec": 0.4074844074844075,
            "rec": 0.3475177304964539,
            "f1": 0.3751196172248804
        }
    },
    "MER": 0.44772459341424875,
    "chrf": 54.86174375146153,
    "total_tokens": 111036,
    "avg_tokens": 478.6034482758621
}