{
    "word_level": {
        "average_accuracy": 0.24500962000961998,
        "accuracy": 0.20618556701030927
    },
    "bleu": 0.12388571351766586,
    "WER": 0.7223881764295298,
    "morpheme_level": {
        "average_accuracy": 0.24727332955975428,
        "accuracy": 0.2152317880794702
    },
    "classes": {
        "stem": {
            "prec": 0.21739130434782608,
            "rec": 0.21739130434782608,
            "f1": 0.21739130434782608
        },
        "gram": {
            "prec": 0.2401129943502825,
            "rec": 0.2141057934508816,
            "f1": 0.22636484687083888
        }
    },
    "MER": 0.6810490673776373,
    "chrf": 35.91582252647629,
    "total_tokens": 176291,
    "avg_tokens": 4197.4047619047615
}