{
    "word_level": {
        "average_accuracy": 0.26295977588270825,
        "accuracy": 0.2345360824742268
    },
    "bleu": 0.13301514089107513,
    "WER": 0.7096764503249465,
    "morpheme_level": {
        "average_accuracy": 0.2347499161127701,
        "accuracy": 0.20364238410596028
    },
    "classes": {
        "stem": {
            "prec": 0.19387755102040816,
            "rec": 0.18357487922705315,
            "f1": 0.18858560794044663
        },
        "gram": {
            "prec": 0.24079320113314448,
            "rec": 0.2141057934508816,
            "f1": 0.22666666666666668
        }
    },
    "MER": 0.6747198264484694,
    "chrf": 37.63130150831761,
    "total_tokens": 176305,
    "avg_tokens": 4197.738095238095
}