{
    "word_level": {
        "average_accuracy": 0.25163049669628623,
        "accuracy": 0.22422680412371135
    },
    "bleu": 0.13801237392950047,
    "WER": 0.7209765259107365,
    "morpheme_level": {
        "average_accuracy": 0.23862371327974266,
        "accuracy": 0.2119205298013245
    },
    "classes": {
        "stem": {
            "prec": 0.21761658031088082,
            "rec": 0.2028985507246377,
            "f1": 0.21000000000000002
        },
        "gram": {
            "prec": 0.23822714681440443,
            "rec": 0.21662468513853905,
            "f1": 0.22691292875989444
        }
    },
    "MER": 0.6829585095686496,
    "chrf": 36.66135593845889,
    "total_tokens": 176291,
    "avg_tokens": 4197.4047619047615
}