{
    "word_level": {
        "average_accuracy": 0.4854297506954591,
        "accuracy": 0.5
    },
    "bleu": 0.19558891654014587,
    "WER": 0.4875703665142168,
    "morpheme_level": {
        "average_accuracy": 0.4074888371517101,
        "accuracy": 0.3581589958158996
    },
    "classes": {
        "stem": {
            "prec": 0.39825581395348836,
            "rec": 0.35723598435462844,
            "f1": 0.3766323024054983
        },
        "gram": {
            "prec": 0.32558139534883723,
            "rec": 0.3598130841121495,
            "f1": 0.341842397336293
        }
    },
    "MER": 1.1085688006107373,
    "chrf": 52.903392718439754,
    "total_tokens": 506168,
    "avg_tokens": 5751.909090909091
}