{
    "word_level": {
        "average_accuracy": 0.48405362036712296,
        "accuracy": 0.5038659793814433
    },
    "bleu": 0.20141692459583282,
    "WER": 0.4843200083006231,
    "morpheme_level": {
        "average_accuracy": 0.3908859095215695,
        "accuracy": 0.33807531380753136
    },
    "classes": {
        "stem": {
            "prec": 0.37920937042459735,
            "rec": 0.3376792698826597,
            "f1": 0.35724137931034483
        },
        "gram": {
            "prec": 0.30982905982905984,
            "rec": 0.338785046728972,
            "f1": 0.3236607142857143
        }
    },
    "MER": 1.1000129757869703,
    "chrf": 53.380749660650885,
    "total_tokens": 506169,
    "avg_tokens": 5751.920454545455
}