{
    "word_level": {
        "average_accuracy": 0.4965947458510962,
        "accuracy": 0.5064432989690721
    },
    "bleu": 0.4320710599422455,
    "WER": 0.4777572877673144,
    "morpheme_level": {
        "average_accuracy": 0.4022134708491309,
        "accuracy": 0.3422594142259414
    },
    "classes": {
        "stem": {
            "prec": 0.37790697674418605,
            "rec": 0.3389830508474576,
            "f1": 0.35738831615120276
        },
        "gram": {
            "prec": 0.31905781584582443,
            "rec": 0.34813084112149534,
            "f1": 0.33296089385474864
        }
    },
    "MER": 0.48071066669698115,
    "chrf": 59.9743152416027,
    "total_tokens": 502247,
    "avg_tokens": 5707.352272727273
}