{
    "word_level": {
        "average_accuracy": 0.4797629072343244,
        "accuracy": 0.41915085817524844
    },
    "bleu": 0.4139804542064667,
    "WER": 0.4297140457096653,
    "morpheme_level": {
        "average_accuracy": 0.3827706423036673,
        "accuracy": 0.3338541666666667
    },
    "classes": {
        "stem": {
            "prec": 0.38341346153846156,
            "rec": 0.35209713024282563,
            "f1": 0.3670886075949367
        },
        "gram": {
            "prec": 0.3108108108108108,
            "rec": 0.3175542406311637,
            "f1": 0.31414634146341464
        }
    },
    "MER": 0.39290987950835154,
    "chrf": 65.57144524444199,
    "total_tokens": 887290,
    "avg_tokens": 8962.525252525253
}