{
    "word_level": {
        "average_accuracy": 0.48810450645673087,
        "accuracy": 0.43089430894308944
    },
    "bleu": 0.4177532494068146,
    "WER": 0.42051135738281253,
    "morpheme_level": {
        "average_accuracy": 0.39033986927466063,
        "accuracy": 0.34427083333333336
    },
    "classes": {
        "stem": {
            "prec": 0.3939393939393939,
            "rec": 0.358719646799117,
            "f1": 0.3755054881571346
        },
        "gram": {
            "prec": 0.3233878729547642,
            "rec": 0.33136094674556216,
            "f1": 0.3273258645884072
        }
    },
    "MER": 0.3905424513633846,
    "chrf": 65.31387966957767,
    "total_tokens": 887218,
    "avg_tokens": 8961.79797979798
}