{
    "word_level": {
        "average_accuracy": 0.45997626756057514,
        "accuracy": 0.3992773261065944
    },
    "bleu": 0.41508904099464417,
    "WER": 0.4244189999573082,
    "morpheme_level": {
        "average_accuracy": 0.3884572596301613,
        "accuracy": 0.3416666666666667
    },
    "classes": {
        "stem": {
            "prec": 0.3894230769230769,
            "rec": 0.3576158940397351,
            "f1": 0.3728423475258918
        },
        "gram": {
            "prec": 0.3204633204633205,
            "rec": 0.32741617357001973,
            "f1": 0.32390243902439025
        }
    },
    "MER": 0.38936683523800625,
    "chrf": 65.18897917382091,
    "total_tokens": 887248,
    "avg_tokens": 8962.10101010101
}