{
    "word_level": {
        "average_accuracy": 0.6451895805344078,
        "accuracy": 0.6368534482758621
    },
    "bleu": 0.4904040173121311,
    "WER": 0.34086679603920994,
    "morpheme_level": {
        "average_accuracy": 0.6368957371651337,
        "accuracy": 0.5869394177812746
    },
    "classes": {
        "stem": {
            "prec": 0.6146131805157593,
            "rec": 0.6067892503536068,
            "f1": 0.61067615658363
        },
        "gram": {
            "prec": 0.6215686274509804,
            "rec": 0.5620567375886525,
            "f1": 0.590316573556797
        }
    },
    "MER": 0.2994440485281004,
    "chrf": 69.63136494399552,
    "total_tokens": 549726,
    "avg_tokens": 2369.5086206896553
}