{
    "word_level": {
        "average_accuracy": 0.6451485296312881,
        "accuracy": 0.6336206896551724
    },
    "bleu": 0.5060261117885142,
    "WER": 0.33924528536597504,
    "morpheme_level": {
        "average_accuracy": 0.639435235502046,
        "accuracy": 0.5955940204563336
    },
    "classes": {
        "stem": {
            "prec": 0.6136363636363636,
            "rec": 0.611032531824611,
            "f1": 0.6123316796598158
        },
        "gram": {
            "prec": 0.65,
            "rec": 0.5762411347517731,
            "f1": 0.6109022556390977
        }
    },
    "MER": 0.3051501240617622,
    "chrf": 70.12168204706337,
    "total_tokens": 549698,
    "avg_tokens": 2369.387931034483
}