{
    "word_level": {
        "average_accuracy": 0.6465921530576701,
        "accuracy": 0.6400862068965517
    },
    "bleu": 0.49997763148701896,
    "WER": 0.34080350923023345,
    "morpheme_level": {
        "average_accuracy": 0.6401081019076709,
        "accuracy": 0.6011014948859166
    },
    "classes": {
        "stem": {
            "prec": 0.6237482117310443,
            "rec": 0.6166902404526167,
            "f1": 0.620199146514936
        },
        "gram": {
            "prec": 0.6431372549019608,
            "rec": 0.5815602836879432,
            "f1": 0.6108007448789572
        }
    },
    "MER": 0.3075589700050908,
    "chrf": 69.85142865311299,
    "total_tokens": 549693,
    "avg_tokens": 2369.3663793103447
}