{
    "word_level": {
        "average_accuracy": 0.2455981901000698,
        "accuracy": 0.21649484536082475
    },
    "bleu": 0.11330343782901764,
    "WER": 0.7323659753640958,
    "morpheme_level": {
        "average_accuracy": 0.2451712472324927,
        "accuracy": 0.20860927152317882
    },
    "classes": {
        "stem": {
            "prec": 0.2079207920792079,
            "rec": 0.2028985507246377,
            "f1": 0.2053789731051345
        },
        "gram": {
            "prec": 0.22888283378746593,
            "rec": 0.21158690176322417,
            "f1": 0.21989528795811514
        }
    },
    "MER": 0.6915735898538741,
    "chrf": 36.27743515669236,
    "total_tokens": 124594,
    "avg_tokens": 2966.5238095238096
}