{
    "word_level": {
        "average_accuracy": 0.22770239541856085,
        "accuracy": 0.2036082474226804
    },
    "bleu": 0.11677489429712296,
    "WER": 0.7417583686850605,
    "morpheme_level": {
        "average_accuracy": 0.2490249099096848,
        "accuracy": 0.2119205298013245
    },
    "classes": {
        "stem": {
            "prec": 0.21393034825870647,
            "rec": 0.20772946859903382,
            "f1": 0.2107843137254902
        },
        "gram": {
            "prec": 0.23415977961432508,
            "rec": 0.2141057934508816,
            "f1": 0.22368421052631582
        }
    },
    "MER": 0.6821189926753716,
    "chrf": 35.66155935867947,
    "total_tokens": 124526,
    "avg_tokens": 2964.904761904762
}