{
    "word_level": {
        "average_accuracy": 0.23133996155612696,
        "accuracy": 0.20876288659793815
    },
    "bleu": 0.1209617555141449,
    "WER": 0.7233729842282475,
    "morpheme_level": {
        "average_accuracy": 0.24040340323078818,
        "accuracy": 0.20364238410596028
    },
    "classes": {
        "stem": {
            "prec": 0.18556701030927836,
            "rec": 0.17391304347826086,
            "f1": 0.17955112219451372
        },
        "gram": {
            "prec": 0.23901098901098902,
            "rec": 0.21914357682619648,
            "f1": 0.22864651773981604
        }
    },
    "MER": 0.6812586992360978,
    "chrf": 36.737950328560395,
    "total_tokens": 124534,
    "avg_tokens": 2965.095238095238
}