{
    "word_level": {
        "average_accuracy": 0.45380942356209725,
        "accuracy": 0.4574742268041237
    },
    "bleu": 0.3966747522354126,
    "WER": 0.5116458913250358,
    "morpheme_level": {
        "average_accuracy": 0.3956491289374593,
        "accuracy": 0.37489539748953976
    },
    "classes": {
        "stem": {
            "prec": 0.4234104046242775,
            "rec": 0.3820078226857888,
            "f1": 0.4016449623029473
        },
        "gram": {
            "prec": 0.3362255965292842,
            "rec": 0.3621495327102804,
            "f1": 0.3487064116985377
        }
    },
    "MER": 0.49074675117051286,
    "chrf": 57.58330561580488,
    "total_tokens": 315599,
    "avg_tokens": 3586.3522727272725
}