{
    "word_level": {
        "average_accuracy": 0.45253777854045213,
        "accuracy": 0.4639175257731959
    },
    "bleu": 0.40504708886146545,
    "WER": 0.5135447500420764,
    "morpheme_level": {
        "average_accuracy": 0.4027884089099963,
        "accuracy": 0.38242677824267785
    },
    "classes": {
        "stem": {
            "prec": 0.4297994269340974,
            "rec": 0.39113428943937417,
            "f1": 0.40955631399317405
        },
        "gram": {
            "prec": 0.3435448577680525,
            "rec": 0.36682242990654207,
            "f1": 0.3548022598870057
        }
    },
    "MER": 0.48311304686234335,
    "chrf": 58.031964717719084,
    "total_tokens": 315595,
    "avg_tokens": 3586.306818181818
}