{
    "word_level": {
        "average_accuracy": 0.46091481816749186,
        "accuracy": 0.4652061855670103
    },
    "bleu": 0.40055087208747864,
    "WER": 0.5011584620876065,
    "morpheme_level": {
        "average_accuracy": 0.4065623927677123,
        "accuracy": 0.3807531380753138
    },
    "classes": {
        "stem": {
            "prec": 0.43484626647144947,
            "rec": 0.38722294654498046,
            "f1": 0.4096551724137931
        },
        "gram": {
            "prec": 0.33832976445396146,
            "rec": 0.3691588785046729,
            "f1": 0.353072625698324
        }
    },
    "MER": 0.48500780614346617,
    "chrf": 58.26863720778235,
    "total_tokens": 315638,
    "avg_tokens": 3586.7954545454545
}