{
    "word_level": {
        "average_accuracy": 0.48783792156152345,
        "accuracy": 0.42999096657633246
    },
    "bleu": 0.40166449546813965,
    "WER": 0.4393923138188158,
    "morpheme_level": {
        "average_accuracy": 0.39533964896304735,
        "accuracy": 0.334375
    },
    "classes": {
        "stem": {
            "prec": 0.39691943127962087,
            "rec": 0.369757174392936,
            "f1": 0.38285714285714284
        },
        "gram": {
            "prec": 0.307,
            "rec": 0.3027613412228797,
            "f1": 0.3048659384309831
        }
    },
    "MER": 0.4071943504073668,
    "chrf": 63.56551316212974,
    "total_tokens": 547268,
    "avg_tokens": 5527.959595959596
}