{
    "word_level": {
        "average_accuracy": 0.4952386453838159,
        "accuracy": 0.44534778681120146
    },
    "bleu": 0.4130029082298279,
    "WER": 0.43253264728435686,
    "morpheme_level": {
        "average_accuracy": 0.39720406239161427,
        "accuracy": 0.3390625
    },
    "classes": {
        "stem": {
            "prec": 0.39602803738317754,
            "rec": 0.3741721854304636,
            "f1": 0.3847900113507378
        },
        "gram": {
            "prec": 0.31451612903225806,
            "rec": 0.3076923076923077,
            "f1": 0.3110667996011965
        }
    },
    "MER": 0.386505391087765,
    "chrf": 64.48835960911481,
    "total_tokens": 547219,
    "avg_tokens": 5527.464646464647
}