{
    "word_level": {
        "average_accuracy": 0.4962714019773164,
        "accuracy": 0.4444444444444444
    },
    "bleu": 0.41367295384407043,
    "WER": 0.4316351492491801,
    "morpheme_level": {
        "average_accuracy": 0.38198746910126274,
        "accuracy": 0.32083333333333336
    },
    "classes": {
        "stem": {
            "prec": 0.37825059101654845,
            "rec": 0.35320088300220753,
            "f1": 0.365296803652968
        },
        "gram": {
            "prec": 0.2951146560319043,
            "rec": 0.29191321499013806,
            "f1": 0.29350520575111555
        }
    },
    "MER": 0.3875436480272825,
    "chrf": 64.49469232169933,
    "total_tokens": 547235,
    "avg_tokens": 5527.626262626262
}