{
    "word_level": {
        "average_accuracy": 0.6268259877096083,
        "accuracy": 0.6217672413793104
    },
    "bleu": 0.4671726946599704,
    "WER": 0.3611118885903368,
    "morpheme_level": {
        "average_accuracy": 0.6070822795499519,
        "accuracy": 0.5696302124311565
    },
    "classes": {
        "stem": {
            "prec": 0.5936599423631124,
            "rec": 0.5827439886845828,
            "f1": 0.5881513204853677
        },
        "gram": {
            "prec": 0.6058252427184466,
            "rec": 0.5531914893617021,
            "f1": 0.5783132530120483
        }
    },
    "MER": 0.32492588230734804,
    "chrf": 67.81808886302831,
    "total_tokens": 352046,
    "avg_tokens": 1517.4396551724137
}