{
    "word_level": {
        "average_accuracy": 0.6399520139821864,
        "accuracy": 0.6293103448275862
    },
    "bleu": 0.46720213189392146,
    "WER": 0.3509261332537195,
    "morpheme_level": {
        "average_accuracy": 0.6079403773908083,
        "accuracy": 0.5578284815106216
    },
    "classes": {
        "stem": {
            "prec": 0.5822416302765647,
            "rec": 0.5657708628005658,
            "f1": 0.5738880918220947
        },
        "gram": {
            "prec": 0.597678916827853,
            "rec": 0.5478723404255319,
            "f1": 0.5716928769657723
        }
    },
    "MER": 0.32392884294823965,
    "chrf": 67.84993578112902,
    "total_tokens": 352031,
    "avg_tokens": 1517.375
}