{
    "word_level": {
        "average_accuracy": 0.6330041486291486,
        "accuracy": 0.625
    },
    "bleu": 0.47037808710683177,
    "WER": 0.3614471376324825,
    "morpheme_level": {
        "average_accuracy": 0.6092047978362632,
        "accuracy": 0.5688434303697876
    },
    "classes": {
        "stem": {
            "prec": 0.5888252148997135,
            "rec": 0.5813295615275813,
            "f1": 0.5850533807829181
        },
        "gram": {
            "prec": 0.6105675146771037,
            "rec": 0.5531914893617021,
            "f1": 0.5804651162790697
        }
    },
    "MER": 0.3220316859864275,
    "chrf": 67.65448747469142,
    "total_tokens": 352042,
    "avg_tokens": 1517.4224137931035
}