{
    "word_level": {
        "average_accuracy": 0.1291597952312238,
        "accuracy": 0.10824742268041238
    },
    "bleu": 0.0,
    "WER": 0.9158619402040454,
    "morpheme_level": {
        "average_accuracy": 0.11171279174213519,
        "accuracy": 0.09105960264900662
    },
    "classes": {
        "stem": {
            "prec": 0.08370044052863436,
            "rec": 0.09178743961352658,
            "f1": 0.08755760368663594
        },
        "gram": {
            "prec": 0.11650485436893204,
            "rec": 0.0906801007556675,
            "f1": 0.10198300283286119
        }
    },
    "MER": 0.8753721214113875,
    "chrf": 24.757171573793993,
    "total_tokens": 19721,
    "avg_tokens": 469.54761904761904
}