{
    "word_level": {
        "average_accuracy": 0.12058080808080807,
        "accuracy": 0.11082474226804123
    },
    "bleu": 0.0,
    "WER": 0.9079460013670538,
    "morpheme_level": {
        "average_accuracy": 0.10508088315789395,
        "accuracy": 0.09933774834437085
    },
    "classes": {
        "stem": {
            "prec": 0.09292035398230089,
            "rec": 0.10144927536231885,
            "f1": 0.09699769053117782
        },
        "gram": {
            "prec": 0.12380952380952381,
            "rec": 0.0982367758186398,
            "f1": 0.1095505617977528
        }
    },
    "MER": 0.90771436716066,
    "chrf": 24.100806795120004,
    "total_tokens": 19801,
    "avg_tokens": 471.45238095238096
}