{
    "word_level": {
        "average_accuracy": 0.11890799780837376,
        "accuracy": 0.1056701030927835
    },
    "bleu": 0.0,
    "WER": 0.8979524026516505,
    "morpheme_level": {
        "average_accuracy": 0.11630823516816337,
        "accuracy": 0.10099337748344371
    },
    "classes": {
        "stem": {
            "prec": 0.0881057268722467,
            "rec": 0.0966183574879227,
            "f1": 0.09216589861751152
        },
        "gram": {
            "prec": 0.12974683544303797,
            "rec": 0.10327455919395466,
            "f1": 0.1150070126227209
        }
    },
    "MER": 0.8459984767692065,
    "chrf": 24.86254338261699,
    "total_tokens": 19666,
    "avg_tokens": 468.23809523809524
}