{
    "word_level": {
        "average_accuracy": 0.22803767675091208,
        "accuracy": 0.22293814432989692
    },
    "bleu": 0.16077928245067596,
    "WER": 0.7520921894835664,
    "morpheme_level": {
        "average_accuracy": 0.1584686701945884,
        "accuracy": 0.13723849372384936
    },
    "classes": {
        "stem": {
            "prec": 0.17409470752089137,
            "rec": 0.16297262059973924,
            "f1": 0.16835016835016836
        },
        "gram": {
            "prec": 0.10263157894736842,
            "rec": 0.0911214953271028,
            "f1": 0.09653465346534654
        }
    },
    "MER": 0.7897560916400629,
    "chrf": 38.119793812403984,
    "total_tokens": 37182,
    "avg_tokens": 422.52272727272725
}