{
    "word_level": {
        "average_accuracy": 0.2306667822710603,
        "accuracy": 0.22164948453608246
    },
    "bleu": 0.1511659026145935,
    "WER": 0.7668688789260312,
    "morpheme_level": {
        "average_accuracy": 0.152344986272653,
        "accuracy": 0.12719665271966527
    },
    "classes": {
        "stem": {
            "prec": 0.16054421768707483,
            "rec": 0.15384615384615385,
            "f1": 0.15712383488681758
        },
        "gram": {
            "prec": 0.08785529715762273,
            "rec": 0.0794392523364486,
            "f1": 0.0834355828220859
        }
    },
    "MER": 0.793122379680394,
    "chrf": 38.08398762562565,
    "total_tokens": 37156,
    "avg_tokens": 422.22727272727275
}