{
    "word_level": {
        "average_accuracy": 0.2368128478840377,
        "accuracy": 0.2345360824742268
    },
    "bleu": 0.1674807220697403,
    "WER": 0.7611913315372537,
    "morpheme_level": {
        "average_accuracy": 0.15979629388095826,
        "accuracy": 0.14393305439330545
    },
    "classes": {
        "stem": {
            "prec": 0.18373071528751753,
            "rec": 0.17079530638852672,
            "f1": 0.177027027027027
        },
        "gram": {
            "prec": 0.10148514851485149,
            "rec": 0.09579439252336448,
            "f1": 0.0985576923076923
        }
    },
    "MER": 0.7822066174787463,
    "chrf": 38.49903210474055,
    "total_tokens": 37133,
    "avg_tokens": 421.96590909090907
}