{
    "word_level": {
        "average_accuracy": 0.22523490413216657,
        "accuracy": 0.17615176151761516
    },
    "bleu": 0.09563116332322949,
    "WER": 0.8107276282090254,
    "morpheme_level": {
        "average_accuracy": 0.1365599074943711,
        "accuracy": 0.09375
    },
    "classes": {
        "stem": {
            "prec": 0.11834961997828447,
            "rec": 0.12030905077262694,
            "f1": 0.11932129173508484
        },
        "gram": {
            "prec": 0.0874384236453202,
            "rec": 0.07001972386587771,
            "f1": 0.07776560788608981
        }
    },
    "MER": 0.7610006473307694,
    "chrf": 32.65794029482448,
    "total_tokens": 50171,
    "avg_tokens": 506.77777777777777
}