{
    "word_level": {
        "average_accuracy": 0.21544202030912044,
        "accuracy": 0.16892502258355918
    },
    "bleu": 0.09941270983443087,
    "WER": 0.768256181303815,
    "morpheme_level": {
        "average_accuracy": 0.1415738302018821,
        "accuracy": 0.09895833333333333
    },
    "classes": {
        "stem": {
            "prec": 0.12039045553145336,
            "rec": 0.12251655629139073,
            "f1": 0.12144420131291028
        },
        "gram": {
            "prec": 0.09962168978562422,
            "rec": 0.07790927021696252,
            "f1": 0.08743774211400111
        }
    },
    "MER": 0.7405995816473611,
    "chrf": 32.9076426550086,
    "total_tokens": 50226,
    "avg_tokens": 507.3333333333333
}