{
    "word_level": {
        "average_accuracy": 0.2338466965167784,
        "accuracy": 0.18066847335140018
    },
    "bleu": 0.09569738330842849,
    "WER": 0.7598429458345218,
    "morpheme_level": {
        "average_accuracy": 0.1427982790456851,
        "accuracy": 0.09635416666666667
    },
    "classes": {
        "stem": {
            "prec": 0.12388392857142858,
            "rec": 0.12251655629139073,
            "f1": 0.12319644839067703
        },
        "gram": {
            "prec": 0.09113300492610837,
            "rec": 0.07297830374753451,
            "f1": 0.08105147864184009
        }
    },
    "MER": 0.7467197989330753,
    "chrf": 32.29478981911109,
    "total_tokens": 49702,
    "avg_tokens": 502.04040404040404
}