{
    "word_level": {
        "average_accuracy": 0.22256779337067387,
        "accuracy": 0.16260162601626016
    },
    "bleu": 0.09326401412264441,
    "WER": 0.7642985747676847,
    "morpheme_level": {
        "average_accuracy": 0.14624341958318993,
        "accuracy": 0.0984375
    },
    "classes": {
        "stem": {
            "prec": 0.1248630887185104,
            "rec": 0.12582781456953643,
            "f1": 0.12534359538207807
        },
        "gram": {
            "prec": 0.09566326530612244,
            "rec": 0.07396449704142012,
            "f1": 0.08342602892102335
        }
    },
    "MER": 0.740537520208202,
    "chrf": 31.754206448849132,
    "total_tokens": 49817,
    "avg_tokens": 503.2020202020202
}