{
    "word_level": {
        "average_accuracy": 0.21529602814666818,
        "accuracy": 0.16350496838301717
    },
    "bleu": 0.08666309700394999,
    "WER": 0.7932360347270512,
    "morpheme_level": {
        "average_accuracy": 0.15173513318457044,
        "accuracy": 0.103125
    },
    "classes": {
        "stem": {
            "prec": 0.13751375137513752,
            "rec": 0.13796909492273732,
            "f1": 0.13774104683195593
        },
        "gram": {
            "prec": 0.08859223300970874,
            "rec": 0.07199211045364892,
            "f1": 0.07943416757344941
        }
    },
    "MER": 0.7601249749799648,
    "chrf": 31.899707760498803,
    "total_tokens": 50019,
    "avg_tokens": 505.24242424242425
}