{
    "word_level": {
        "average_accuracy": 0.35651387644922156,
        "accuracy": 0.3254310344827586
    },
    "bleu": 0.12492170859865724,
    "WER": 0.6337827163258196,
    "morpheme_level": {
        "average_accuracy": 0.3268664226099572,
        "accuracy": 0.25413060582218727
    },
    "classes": {
        "stem": {
            "prec": 0.3125,
            "rec": 0.3041018387553041,
            "f1": 0.30824372759856633
        },
        "gram": {
            "prec": 0.24324324324324326,
            "rec": 0.19148936170212766,
            "f1": 0.21428571428571427
        }
    },
    "MER": 0.6436657750774132,
    "chrf": 37.71051337649868,
    "total_tokens": 77487,
    "avg_tokens": 333.99568965517244
}