{
    "word_level": {
        "average_accuracy": 0.3419288326615914,
        "accuracy": 0.30603448275862066
    },
    "bleu": 0.1252011055261648,
    "WER": 0.6465940190078121,
    "morpheme_level": {
        "average_accuracy": 0.3182876390850531,
        "accuracy": 0.24783634933123525
    },
    "classes": {
        "stem": {
            "prec": 0.30491329479768786,
            "rec": 0.2984441301272984,
            "f1": 0.30164403145103647
        },
        "gram": {
            "prec": 0.25,
            "rec": 0.18439716312056736,
            "f1": 0.21224489795918366
        }
    },
    "MER": 0.6536681888513785,
    "chrf": 37.40119512906726,
    "total_tokens": 77471,
    "avg_tokens": 333.92672413793105
}