{
    "word_level": {
        "average_accuracy": 0.3448519990545855,
        "accuracy": 0.31573275862068967
    },
    "bleu": 0.10942714888008946,
    "WER": 0.6596191284768871,
    "morpheme_level": {
        "average_accuracy": 0.3188850541221231,
        "accuracy": 0.25649095200629424
    },
    "classes": {
        "stem": {
            "prec": 0.3170028818443804,
            "rec": 0.31117397454031115,
            "f1": 0.3140613847251963
        },
        "gram": {
            "prec": 0.24423963133640553,
            "rec": 0.1879432624113475,
            "f1": 0.2124248496993988
        }
    },
    "MER": 0.6337654443257892,
    "chrf": 37.53878940280545,
    "total_tokens": 77461,
    "avg_tokens": 333.8836206896552
}