{
    "word_level": {
        "average_accuracy": 0.2228538291978141,
        "accuracy": 0.19845360824742267
    },
    "bleu": 0.13104297219276698,
    "WER": 0.7425725433714155,
    "morpheme_level": {
        "average_accuracy": 0.20856935252751357,
        "accuracy": 0.173841059602649
    },
    "classes": {
        "stem": {
            "prec": 0.1971153846153846,
            "rec": 0.19806763285024154,
            "f1": 0.19759036144578312
        },
        "gram": {
            "prec": 0.187683284457478,
            "rec": 0.16120906801007556,
            "f1": 0.17344173441734417
        }
    },
    "MER": 0.6920819074290493,
    "chrf": 35.106057958363884,
    "total_tokens": 223794,
    "avg_tokens": 5328.428571428572
}