{
    "word_level": {
        "average_accuracy": 0.23552226977978855,
        "accuracy": 0.19845360824742267
    },
    "bleu": 0.09805246750096784,
    "WER": 0.7475636918776017,
    "morpheme_level": {
        "average_accuracy": 0.20786203787414095,
        "accuracy": 0.16887417218543047
    },
    "classes": {
        "stem": {
            "prec": 0.15841584158415842,
            "rec": 0.15458937198067632,
            "f1": 0.15647921760391198
        },
        "gram": {
            "prec": 0.20958083832335328,
            "rec": 0.17632241813602015,
            "f1": 0.19151846785225718
        }
    },
    "MER": 0.692065484701702,
    "chrf": 33.32018804843512,
    "total_tokens": 223772,
    "avg_tokens": 5327.9047619047615
}