{
    "word_level": {
        "average_accuracy": 0.23397061376384687,
        "accuracy": 0.21391752577319587
    },
    "bleu": 0.10564917242554059,
    "WER": 0.7471432459214415,
    "morpheme_level": {
        "average_accuracy": 0.19311329189413146,
        "accuracy": 0.16887417218543047
    },
    "classes": {
        "stem": {
            "prec": 0.17,
            "rec": 0.1642512077294686,
            "f1": 0.1670761670761671
        },
        "gram": {
            "prec": 0.2073170731707317,
            "rec": 0.1712846347607053,
            "f1": 0.18758620689655173
        }
    },
    "MER": 0.7011183680465735,
    "chrf": 33.35193396226991,
    "total_tokens": 223746,
    "avg_tokens": 5327.285714285715
}