{
    "word_level": {
        "average_accuracy": 0.18067772696532095,
        "accuracy": 0.15463917525773196
    },
    "bleu": 0.05723449158009022,
    "WER": 0.8431025932435707,
    "morpheme_level": {
        "average_accuracy": 0.1465186296565927,
        "accuracy": 0.11754966887417219
    },
    "classes": {
        "stem": {
            "prec": 0.12,
            "rec": 0.13043478260869565,
            "f1": 0.12499999999999997
        },
        "gram": {
            "prec": 0.14102564102564102,
            "rec": 0.11083123425692695,
            "f1": 0.12411847672778564
        }
    },
    "MER": 0.8024424654250265,
    "chrf": 27.802043778551756,
    "total_tokens": 27750,
    "avg_tokens": 660.7142857142857
}