{
    "word_level": {
        "average_accuracy": 0.16868515082800795,
        "accuracy": 0.15206185567010308
    },
    "bleu": 0.06467940731225603,
    "WER": 0.8254266392894213,
    "morpheme_level": {
        "average_accuracy": 0.15513267237590833,
        "accuracy": 0.12251655629139073
    },
    "classes": {
        "stem": {
            "prec": 0.11926605504587157,
            "rec": 0.12560386473429952,
            "f1": 0.1223529411764706
        },
        "gram": {
            "prec": 0.14953271028037382,
            "rec": 0.12090680100755667,
            "f1": 0.13370473537604455
        }
    },
    "MER": 0.8312669197701238,
    "chrf": 28.458803562026464,
    "total_tokens": 27905,
    "avg_tokens": 664.4047619047619
}