{
    "word_level": {
        "average_accuracy": 0.16227023637737925,
        "accuracy": 0.13659793814432988
    },
    "bleu": 0.05214861295965794,
    "WER": 0.8320030324729573,
    "morpheme_level": {
        "average_accuracy": 0.15704442911034358,
        "accuracy": 0.12582781456953643
    },
    "classes": {
        "stem": {
            "prec": 0.12280701754385964,
            "rec": 0.13526570048309178,
            "f1": 0.12873563218390804
        },
        "gram": {
            "prec": 0.1568627450980392,
            "rec": 0.12090680100755667,
            "f1": 0.13655761024182075
        }
    },
    "MER": 0.7853732697435389,
    "chrf": 28.159297517194226,
    "total_tokens": 27799,
    "avg_tokens": 661.8809523809524
}