{
    "word_level": {
        "average_accuracy": 0.31183694351307983,
        "accuracy": 0.32603092783505155
    },
    "bleu": 0.25297510623931885,
    "WER": 0.6937366310110294,
    "morpheme_level": {
        "average_accuracy": 0.2602591746013678,
        "accuracy": 0.2401673640167364
    },
    "classes": {
        "stem": {
            "prec": 0.266304347826087,
            "rec": 0.25554106910039115,
            "f1": 0.26081170991350633
        },
        "gram": {
            "prec": 0.23214285714285715,
            "rec": 0.21261682242990654,
            "f1": 0.22195121951219512
        }
    },
    "MER": 0.700846377248977,
    "chrf": 44.92732959869114,
    "total_tokens": 50735,
    "avg_tokens": 576.5340909090909
}