{
    "word_level": {
        "average_accuracy": 0.2993418117499,
        "accuracy": 0.30927835051546393
    },
    "bleu": 0.22881212830543518,
    "WER": 0.6996901491219674,
    "morpheme_level": {
        "average_accuracy": 0.24857112882153337,
        "accuracy": 0.22761506276150628
    },
    "classes": {
        "stem": {
            "prec": 0.2591093117408907,
            "rec": 0.2503259452411995,
            "f1": 0.25464190981432366
        },
        "gram": {
            "prec": 0.21164021164021163,
            "rec": 0.18691588785046728,
            "f1": 0.19851116625310172
        }
    },
    "MER": 0.7092870457741692,
    "chrf": 42.8464715640315,
    "total_tokens": 50779,
    "avg_tokens": 577.0340909090909
}