{
    "word_level": {
        "average_accuracy": 0.29434169737478555,
        "accuracy": 0.3131443298969072
    },
    "bleu": 0.24747304618358612,
    "WER": 0.7007287735980918,
    "morpheme_level": {
        "average_accuracy": 0.23409073909302586,
        "accuracy": 0.20502092050209206
    },
    "classes": {
        "stem": {
            "prec": 0.24571428571428572,
            "rec": 0.2242503259452412,
            "f1": 0.23449216087252897
        },
        "gram": {
            "prec": 0.18114143920595532,
            "rec": 0.1705607476635514,
            "f1": 0.17569193742478942
        }
    },
    "MER": 0.6977211949596202,
    "chrf": 42.92761218636924,
    "total_tokens": 50808,
    "avg_tokens": 577.3636363636364
}