{
    "word_level": {
        "average_accuracy": 0.3060320676147935,
        "accuracy": 0.24751580849141824
    },
    "bleu": 0.16070859925007294,
    "WER": 0.6739160898976391,
    "morpheme_level": {
        "average_accuracy": 0.22526614788162352,
        "accuracy": 0.16197916666666667
    },
    "classes": {
        "stem": {
            "prec": 0.20515695067264575,
            "rec": 0.20198675496688742,
            "f1": 0.20355951056729701
        },
        "gram": {
            "prec": 0.1523809523809524,
            "rec": 0.126232741617357,
            "f1": 0.13807982740021577
        }
    },
    "MER": 0.6457306691578995,
    "chrf": 39.69733527391495,
    "total_tokens": 73784,
    "avg_tokens": 745.2929292929293
}