{
    "word_level": {
        "average_accuracy": 0.30232213398905505,
        "accuracy": 0.2565492321589883
    },
    "bleu": 0.15284969907135992,
    "WER": 0.6841959609106034,
    "morpheme_level": {
        "average_accuracy": 0.20484408292557013,
        "accuracy": 0.16770833333333332
    },
    "classes": {
        "stem": {
            "prec": 0.21082299887260428,
            "rec": 0.206401766004415,
            "f1": 0.20858895705521469
        },
        "gram": {
            "prec": 0.15771028037383178,
            "rec": 0.13313609467455623,
            "f1": 0.1443850267379679
        }
    },
    "MER": 0.6733391264723713,
    "chrf": 40.078096326257075,
    "total_tokens": 73360,
    "avg_tokens": 741.010101010101
}