{
    "word_level": {
        "average_accuracy": 0.29597633602144496,
        "accuracy": 0.23757904245709124
    },
    "bleu": 0.15898606877986568,
    "WER": 0.6808633876344458,
    "morpheme_level": {
        "average_accuracy": 0.20976143357091273,
        "accuracy": 0.15885416666666666
    },
    "classes": {
        "stem": {
            "prec": 0.1905829596412556,
            "rec": 0.18763796909492272,
            "f1": 0.18909899888765297
        },
        "gram": {
            "prec": 0.15570934256055363,
            "rec": 0.13313609467455623,
            "f1": 0.14354066985645933
        }
    },
    "MER": 0.6513874881181813,
    "chrf": 40.17426458759536,
    "total_tokens": 73731,
    "avg_tokens": 744.7575757575758
}