{
    "word_level": {
        "average_accuracy": 0.2944096424984234,
        "accuracy": 0.23306233062330622
    },
    "bleu": 0.15446545869439846,
    "WER": 0.6764504773202296,
    "morpheme_level": {
        "average_accuracy": 0.211298460642073,
        "accuracy": 0.15625
    },
    "classes": {
        "stem": {
            "prec": 0.17763157894736842,
            "rec": 0.17880794701986755,
            "f1": 0.1782178217821782
        },
        "gram": {
            "prec": 0.16178194607268465,
            "rec": 0.13609467455621302,
            "f1": 0.14783074450990896
        }
    },
    "MER": 0.6540540146991498,
    "chrf": 40.069566852481216,
    "total_tokens": 73906,
    "avg_tokens": 746.5252525252525
}