{
    "word_level": {
        "average_accuracy": 0.30221893670843836,
        "accuracy": 0.24932249322493225
    },
    "bleu": 0.15411595143721799,
    "WER": 0.6837068856006339,
    "morpheme_level": {
        "average_accuracy": 0.20435553499497147,
        "accuracy": 0.1578125
    },
    "classes": {
        "stem": {
            "prec": 0.1953125,
            "rec": 0.19315673289183222,
            "f1": 0.1942286348501665
        },
        "gram": {
            "prec": 0.14814814814814814,
            "rec": 0.126232741617357,
            "f1": 0.13631522896698617
        }
    },
    "MER": 0.6639199161525801,
    "chrf": 39.95553128851323,
    "total_tokens": 73912,
    "avg_tokens": 746.5858585858585
}