{
    "word_level": {
        "average_accuracy": 0.40181510300044787,
        "accuracy": 0.40948275862068967
    },
    "bleu": 0.22728995906156685,
    "WER": 0.5708140518485346,
    "morpheme_level": {
        "average_accuracy": 0.3578521873241701,
        "accuracy": 0.3202202989771833
    },
    "classes": {
        "stem": {
            "prec": 0.359375,
            "rec": 0.3578500707213578,
            "f1": 0.35861091424521613
        },
        "gram": {
            "prec": 0.3657957244655582,
            "rec": 0.2730496453900709,
            "f1": 0.31269035532994927
        }
    },
    "MER": 0.575777688547085,
    "chrf": 46.521712133233926,
    "total_tokens": 95429,
    "avg_tokens": 411.3318965517241
}