{
    "word_level": {
        "average_accuracy": 0.44456837463302973,
        "accuracy": 0.43211206896551724
    },
    "bleu": 0.20441040695503204,
    "WER": 0.5587550380653828,
    "morpheme_level": {
        "average_accuracy": 0.3899285998962726,
        "accuracy": 0.32494099134539733
    },
    "classes": {
        "stem": {
            "prec": 0.3723554301833568,
            "rec": 0.3734087694483734,
            "f1": 0.3728813559322034
        },
        "gram": {
            "prec": 0.3547619047619048,
            "rec": 0.2641843971631206,
            "f1": 0.3028455284552845
        }
    },
    "MER": 0.5482925001243962,
    "chrf": 46.37702814674803,
    "total_tokens": 95425,
    "avg_tokens": 411.3146551724138
}