{
    "word_level": {
        "average_accuracy": 0.42188215280887714,
        "accuracy": 0.4073275862068966
    },
    "bleu": 0.21582967721907984,
    "WER": 0.5414730743394535,
    "morpheme_level": {
        "average_accuracy": 0.37265382486287646,
        "accuracy": 0.3092053501180173
    },
    "classes": {
        "stem": {
            "prec": 0.3753623188405797,
            "rec": 0.36633663366336633,
            "f1": 0.37079455977093767
        },
        "gram": {
            "prec": 0.3145539906103286,
            "rec": 0.2375886524822695,
            "f1": 0.2707070707070707
        }
    },
    "MER": 0.5476553200152336,
    "chrf": 45.889980000243504,
    "total_tokens": 95318,
    "avg_tokens": 410.8534482758621
}