{
    "word_level": {
        "average_accuracy": 0.41075533661740554,
        "accuracy": 0.39870689655172414
    },
    "bleu": 0.2170493207735953,
    "WER": 0.5765479611384783,
    "morpheme_level": {
        "average_accuracy": 0.36698591757859,
        "accuracy": 0.3060582218725413
    },
    "classes": {
        "stem": {
            "prec": 0.36681222707423583,
            "rec": 0.3564356435643564,
            "f1": 0.3615494978479197
        },
        "gram": {
            "prec": 0.315668202764977,
            "rec": 0.2429078014184397,
            "f1": 0.2745490981963928
        }
    },
    "MER": 0.5664410780790092,
    "chrf": 45.67366820673539,
    "total_tokens": 95636,
    "avg_tokens": 412.2241379310345
}