{
    "word_level": {
        "average_accuracy": 0.22199180310082564,
        "accuracy": 0.1958762886597938
    },
    "bleu": 0.12547903388918794,
    "WER": 0.7504571764910112,
    "morpheme_level": {
        "average_accuracy": 0.19942482218528795,
        "accuracy": 0.18874172185430463
    },
    "classes": {
        "stem": {
            "prec": 0.1836734693877551,
            "rec": 0.17391304347826086,
            "f1": 0.17866004962779158
        },
        "gram": {
            "prec": 0.22413793103448276,
            "rec": 0.1964735516372796,
            "f1": 0.20939597315436242
        }
    },
    "MER": 0.7025424628175416,
    "chrf": 35.827585513104275,
    "total_tokens": 162468,
    "avg_tokens": 3868.285714285714
}