{
    "word_level": {
        "average_accuracy": 0.2328102453102453,
        "accuracy": 0.20618556701030927
    },
    "bleu": 0.0914862042999844,
    "WER": 0.7542918217260324,
    "morpheme_level": {
        "average_accuracy": 0.20267452312016468,
        "accuracy": 0.1771523178807947
    },
    "classes": {
        "stem": {
            "prec": 0.16908212560386474,
            "rec": 0.16908212560386474,
            "f1": 0.16908212560386474
        },
        "gram": {
            "prec": 0.20689655172413793,
            "rec": 0.181360201511335,
            "f1": 0.19328859060402684
        }
    },
    "MER": 0.6869277536624481,
    "chrf": 35.55119028726942,
    "total_tokens": 163333,
    "avg_tokens": 3888.8809523809523
}