{
    "word_level": {
        "average_accuracy": 0.2401981459782212,
        "accuracy": 0.21649484536082475
    },
    "bleu": 0.12127098760235906,
    "WER": 0.7384179469235862,
    "morpheme_level": {
        "average_accuracy": 0.21459908645768117,
        "accuracy": 0.18874172185430463
    },
    "classes": {
        "stem": {
            "prec": 0.1794871794871795,
            "rec": 0.16908212560386474,
            "f1": 0.17412935323383083
        },
        "gram": {
            "prec": 0.2257142857142857,
            "rec": 0.19899244332493704,
            "f1": 0.21151271753681394
        }
    },
    "MER": 0.6852160657085414,
    "chrf": 35.059564574889215,
    "total_tokens": 162584,
    "avg_tokens": 3871.0476190476193
}