{
    "word_level": {
        "average_accuracy": 0.5033340304229342,
        "accuracy": 0.529639175257732
    },
    "bleu": 0.4430457353591919,
    "WER": 0.4714546315983483,
    "morpheme_level": {
        "average_accuracy": 0.42139794971293,
        "accuracy": 0.39581589958158997
    },
    "classes": {
        "stem": {
            "prec": 0.42917847025495753,
            "rec": 0.39504563233376794,
            "f1": 0.4114052953156823
        },
        "gram": {
            "prec": 0.3811659192825112,
            "rec": 0.397196261682243,
            "f1": 0.3890160183066361
        }
    },
    "MER": 0.48108034612836903,
    "chrf": 61.12429724750395,
    "total_tokens": 494962,
    "avg_tokens": 5624.568181818182
}