{
    "word_level": {
        "average_accuracy": 0.4971988025714629,
        "accuracy": 0.5347938144329897
    },
    "bleu": 0.4495745897293091,
    "WER": 0.46107186504078224,
    "morpheme_level": {
        "average_accuracy": 0.40838329717824157,
        "accuracy": 0.3899581589958159
    },
    "classes": {
        "stem": {
            "prec": 0.4243281471004243,
            "rec": 0.39113428943937417,
            "f1": 0.407055630936228
        },
        "gram": {
            "prec": 0.3672566371681416,
            "rec": 0.3878504672897196,
            "f1": 0.3772727272727273
        }
    },
    "MER": 0.47007856496202616,
    "chrf": 61.05522826182279,
    "total_tokens": 493825,
    "avg_tokens": 5611.647727272727
}