{
    "word_level": {
        "average_accuracy": 0.4649959118792674,
        "accuracy": 0.4948453608247423
    },
    "bleu": 0.41699865460395813,
    "WER": 0.4900914176064577,
    "morpheme_level": {
        "average_accuracy": 0.3743977335216252,
        "accuracy": 0.3606694560669456
    },
    "classes": {
        "stem": {
            "prec": 0.39705882352941174,
            "rec": 0.3520208604954368,
            "f1": 0.3731859018659295
        },
        "gram": {
            "prec": 0.3411016949152542,
            "rec": 0.37616822429906543,
            "f1": 0.3577777777777777
        }
    },
    "MER": 0.5222655699413901,
    "chrf": 59.20403795376912,
    "total_tokens": 495062,
    "avg_tokens": 5625.704545454545
}