{
    "word_level": {
        "average_accuracy": 0.48548606272497075,
        "accuracy": 0.4290876242095754
    },
    "bleu": 0.4008336663246155,
    "WER": 0.4291162948194726,
    "morpheme_level": {
        "average_accuracy": 0.33705345147051213,
        "accuracy": 0.29791666666666666
    },
    "classes": {
        "stem": {
            "prec": 0.3373205741626794,
            "rec": 0.31125827814569534,
            "f1": 0.3237657864523536
        },
        "gram": {
            "prec": 0.28913260219341974,
            "rec": 0.2859960552268245,
            "f1": 0.28755577590480913
        }
    },
    "MER": 0.425816943481465,
    "chrf": 62.446877678109246,
    "total_tokens": 867465,
    "avg_tokens": 8762.272727272728
}