{
    "word_level": {
        "average_accuracy": 0.45597885306004793,
        "accuracy": 0.4083107497741644
    },
    "bleu": 0.40483931864924955,
    "WER": 0.4462523895625195,
    "morpheme_level": {
        "average_accuracy": 0.3634659413295997,
        "accuracy": 0.3072916666666667
    },
    "classes": {
        "stem": {
            "prec": 0.3474178403755869,
            "rec": 0.32671081677704195,
            "f1": 0.3367463026166098
        },
        "gram": {
            "prec": 0.3003064351378958,
            "rec": 0.28994082840236685,
            "f1": 0.2950326141495233
        }
    },
    "MER": 0.4161941888816257,
    "chrf": 62.60798677075839,
    "total_tokens": 871190,
    "avg_tokens": 8799.89898989899
}