{
    "word_level": {
        "average_accuracy": 0.47914441762252385,
        "accuracy": 0.42005420054200543
    },
    "bleu": 0.40369364619255066,
    "WER": 0.426321774058139,
    "morpheme_level": {
        "average_accuracy": 0.3734725032896,
        "accuracy": 0.3260416666666667
    },
    "classes": {
        "stem": {
            "prec": 0.37889688249400477,
            "rec": 0.3487858719646799,
            "f1": 0.36321839080459767
        },
        "gram": {
            "prec": 0.30753968253968256,
            "rec": 0.3057199211045365,
            "f1": 0.3066271018793274
        }
    },
    "MER": 0.4299745175601967,
    "chrf": 62.847563311285306,
    "total_tokens": 867525,
    "avg_tokens": 8762.878787878788
}