{
    "word_level": {
        "average_accuracy": 0.6145760250286108,
        "accuracy": 0.6217672413793104
    },
    "bleu": 0.45705866733804756,
    "WER": 0.38171913096482063,
    "morpheme_level": {
        "average_accuracy": 0.5737942493330422,
        "accuracy": 0.5373721479150275
    },
    "classes": {
        "stem": {
            "prec": 0.5687943262411348,
            "rec": 0.5671852899575672,
            "f1": 0.5679886685552408
        },
        "gram": {
            "prec": 0.5743380855397149,
            "rec": 0.5,
            "f1": 0.5345971563981042
        }
    },
    "MER": 0.35069001879346723,
    "chrf": 66.480025510112,
    "total_tokens": 566877,
    "avg_tokens": 2443.435344827586
}