{
    "word_level": {
        "average_accuracy": 0.6310134908195253,
        "accuracy": 0.6142241379310345
    },
    "bleu": 0.42027434280162224,
    "WER": 0.3757205677464301,
    "morpheme_level": {
        "average_accuracy": 0.58917402042402,
        "accuracy": 0.5310778914240756
    },
    "classes": {
        "stem": {
            "prec": 0.5664335664335665,
            "rec": 0.5728429985855729,
            "f1": 0.569620253164557
        },
        "gram": {
            "prec": 0.5684210526315789,
            "rec": 0.4787234042553192,
            "f1": 0.519730510105871
        }
    },
    "MER": 0.33404013371685826,
    "chrf": 64.05309961039781,
    "total_tokens": 567183,
    "avg_tokens": 2444.7543103448274
}