{
    "word_level": {
        "average_accuracy": 0.5990970356272078,
        "accuracy": 0.6023706896551724
    },
    "bleu": 0.43624103453841406,
    "WER": 0.40561262253072633,
    "morpheme_level": {
        "average_accuracy": 0.5660989453554106,
        "accuracy": 0.5342250196695515
    },
    "classes": {
        "stem": {
            "prec": 0.5564853556485355,
            "rec": 0.5643564356435643,
            "f1": 0.5603932584269662
        },
        "gram": {
            "prec": 0.5982905982905983,
            "rec": 0.49645390070921985,
            "f1": 0.5426356589147286
        }
    },
    "MER": 0.3631873634028807,
    "chrf": 64.72084928154935,
    "total_tokens": 566477,
    "avg_tokens": 2441.7112068965516
}