{
    "word_level": {
        "average_accuracy": 0.11316223459080603,
        "accuracy": 0.09020618556701031
    },
    "bleu": 0.0,
    "WER": 0.8752666523813142,
    "morpheme_level": {
        "average_accuracy": 0.14418753859165367,
        "accuracy": 0.11258278145695365
    },
    "classes": {
        "stem": {
            "prec": 0.11555555555555555,
            "rec": 0.12560386473429952,
            "f1": 0.12037037037037036
        },
        "gram": {
            "prec": 0.134185303514377,
            "rec": 0.10579345088161209,
            "f1": 0.11830985915492957
        }
    },
    "MER": 0.8260359792946732,
    "chrf": 25.741044221741223,
    "total_tokens": 18522,
    "avg_tokens": 441.0
}