{
    "word_level": {
        "average_accuracy": 0.12482034812861881,
        "accuracy": 0.10824742268041238
    },
    "bleu": 0.031203410623984063,
    "WER": 0.8629553682185263,
    "morpheme_level": {
        "average_accuracy": 0.144835105310649,
        "accuracy": 0.11754966887417219
    },
    "classes": {
        "stem": {
            "prec": 0.11607142857142858,
            "rec": 0.12560386473429952,
            "f1": 0.12064965197215778
        },
        "gram": {
            "prec": 0.140625,
            "rec": 0.11335012594458438,
            "f1": 0.12552301255230125
        }
    },
    "MER": 0.8297134551977111,
    "chrf": 26.317796144152368,
    "total_tokens": 18505,
    "avg_tokens": 440.5952380952381
}