{
    "word_level": {
        "average_accuracy": 0.12638974781831921,
        "accuracy": 0.10051546391752578
    },
    "bleu": 0.0,
    "WER": 0.8607452071737786,
    "morpheme_level": {
        "average_accuracy": 0.15005868286707275,
        "accuracy": 0.12086092715231789
    },
    "classes": {
        "stem": {
            "prec": 0.1031390134529148,
            "rec": 0.1111111111111111,
            "f1": 0.10697674418604651
        },
        "gram": {
            "prec": 0.1529051987767584,
            "rec": 0.12594458438287154,
            "f1": 0.13812154696132597
        }
    },
    "MER": 0.8175100221854072,
    "chrf": 26.132295767559782,
    "total_tokens": 18510,
    "avg_tokens": 440.7142857142857
}