{
    "word_level": {
        "average_accuracy": 0.192699613521806,
        "accuracy": 0.18814432989690721
    },
    "bleu": 0.13735616207122803,
    "WER": 0.7622631098065589,
    "morpheme_level": {
        "average_accuracy": 0.15755772547612187,
        "accuracy": 0.14476987447698744
    },
    "classes": {
        "stem": {
            "prec": 0.16918844566712518,
            "rec": 0.16036505867014342,
            "f1": 0.1646586345381526
        },
        "gram": {
            "prec": 0.12755102040816327,
            "rec": 0.11682242990654206,
            "f1": 0.12195121951219513
        }
    },
    "MER": 0.7874404639413083,
    "chrf": 37.556178814781504,
    "total_tokens": 36568,
    "avg_tokens": 415.54545454545456
}