{
    "word_level": {
        "average_accuracy": 0.2014039162017103,
        "accuracy": 0.20489690721649484
    },
    "bleu": 0.17563635110855103,
    "WER": 0.7543821185448857,
    "morpheme_level": {
        "average_accuracy": 0.17555195885295447,
        "accuracy": 0.17405857740585773
    },
    "classes": {
        "stem": {
            "prec": 0.2065063649222065,
            "rec": 0.19035202086049544,
            "f1": 0.19810040705563092
        },
        "gram": {
            "prec": 0.1497584541062802,
            "rec": 0.14485981308411214,
            "f1": 0.14726840855106887
        }
    },
    "MER": 0.7611712670219564,
    "chrf": 39.58884530316312,
    "total_tokens": 36445,
    "avg_tokens": 414.14772727272725
}