{
    "word_level": {
        "average_accuracy": 0.2004454514147028,
        "accuracy": 0.21262886597938144
    },
    "bleu": 0.16736957430839539,
    "WER": 0.7658769134203625,
    "morpheme_level": {
        "average_accuracy": 0.17583896218720663,
        "accuracy": 0.1723849372384937
    },
    "classes": {
        "stem": {
            "prec": 0.20625889046941678,
            "rec": 0.18904823989569752,
            "f1": 0.19727891156462582
        },
        "gram": {
            "prec": 0.14523809523809525,
            "rec": 0.1425233644859813,
            "f1": 0.1438679245283019
        }
    },
    "MER": 0.7699783507445168,
    "chrf": 38.82795758018066,
    "total_tokens": 36421,
    "avg_tokens": 413.875
}