{
    "word_level": {
        "average_accuracy": 0.20701948614805576,
        "accuracy": 0.16169828364950317
    },
    "bleu": 0.15180695387320853,
    "WER": 0.7557568538650854,
    "morpheme_level": {
        "average_accuracy": 0.15373046313367458,
        "accuracy": 0.1140625
    },
    "classes": {
        "stem": {
            "prec": 0.15088105726872247,
            "rec": 0.15121412803532008,
            "f1": 0.15104740904079383
        },
        "gram": {
            "prec": 0.0970414201183432,
            "rec": 0.08086785009861933,
            "f1": 0.08821947283485745
        }
    },
    "MER": 0.7287228165798038,
    "chrf": 37.10332372761783,
    "total_tokens": 49905,
    "avg_tokens": 504.09090909090907
}