{
    "word_level": {
        "average_accuracy": 0.1954846945151764,
        "accuracy": 0.14634146341463414
    },
    "bleu": 0.14953135194497744,
    "WER": 0.7691795979429583,
    "morpheme_level": {
        "average_accuracy": 0.14952766003040086,
        "accuracy": 0.10729166666666666
    },
    "classes": {
        "stem": {
            "prec": 0.1425364758698092,
            "rec": 0.1401766004415011,
            "f1": 0.14134668892598776
        },
        "gram": {
            "prec": 0.09175377468060394,
            "rec": 0.07790927021696252,
            "f1": 0.08426666666666667
        }
    },
    "MER": 0.7312501588315735,
    "chrf": 36.61982896312349,
    "total_tokens": 49999,
    "avg_tokens": 505.04040404040404
}