{
    "word_level": {
        "average_accuracy": 0.20403402917418523,
        "accuracy": 0.15989159891598917
    },
    "bleu": 0.153011805096852,
    "WER": 0.7602000895852745,
    "morpheme_level": {
        "average_accuracy": 0.15036286010701827,
        "accuracy": 0.1125
    },
    "classes": {
        "stem": {
            "prec": 0.1423841059602649,
            "rec": 0.1423841059602649,
            "f1": 0.1423841059602649
        },
        "gram": {
            "prec": 0.10199296600234467,
            "rec": 0.08579881656804733,
            "f1": 0.09319764327798608
        }
    },
    "MER": 0.7258404233736341,
    "chrf": 38.01339154648626,
    "total_tokens": 50176,
    "avg_tokens": 506.82828282828285
}