{
    "word_level": {
        "average_accuracy": 0.3820441172811862,
        "accuracy": 0.34051724137931033
    },
    "bleu": 0.14593031657049602,
    "WER": 0.6294227683236305,
    "morpheme_level": {
        "average_accuracy": 0.34672727296649714,
        "accuracy": 0.2738001573564123
    },
    "classes": {
        "stem": {
            "prec": 0.3328550932568149,
            "rec": 0.32814710042432815,
            "f1": 0.33048433048433046
        },
        "gram": {
            "prec": 0.2555066079295154,
            "rec": 0.20567375886524822,
            "f1": 0.22789783889980356
        }
    },
    "MER": 0.6178171684637203,
    "chrf": 42.526140033878804,
    "total_tokens": 74704,
    "avg_tokens": 322.0
}