{
    "word_level": {
        "average_accuracy": 0.36734618350997683,
        "accuracy": 0.33836206896551724
    },
    "bleu": 0.15209260474349728,
    "WER": 0.63686153405981,
    "morpheme_level": {
        "average_accuracy": 0.3437131415040899,
        "accuracy": 0.2816679779701023
    },
    "classes": {
        "stem": {
            "prec": 0.33523537803138376,
            "rec": 0.3323903818953324,
            "f1": 0.3338068181818182
        },
        "gram": {
            "prec": 0.2721238938053097,
            "rec": 0.21808510638297873,
            "f1": 0.24212598425196852
        }
    },
    "MER": 0.6317964303416892,
    "chrf": 43.07367796973,
    "total_tokens": 74681,
    "avg_tokens": 321.9008620689655
}