{
    "word_level": {
        "average_accuracy": 0.39663429243170617,
        "accuracy": 0.34698275862068967
    },
    "bleu": 0.1495091451324554,
    "WER": 0.6138011892322237,
    "morpheme_level": {
        "average_accuracy": 0.36925908741641505,
        "accuracy": 0.2871754523996853
    },
    "classes": {
        "stem": {
            "prec": 0.34893617021276596,
            "rec": 0.347949080622348,
            "f1": 0.34844192634560905
        },
        "gram": {
            "prec": 0.265625,
            "rec": 0.21099290780141844,
            "f1": 0.23517786561264822
        }
    },
    "MER": 0.5946152745721711,
    "chrf": 43.06148392029087,
    "total_tokens": 74640,
    "avg_tokens": 321.7241379310345
}