{
    "word_level": {
        "average_accuracy": 0.01983082706766917,
        "accuracy": 0.023195876288659795
    },
    "bleu": 0.0,
    "WER": 1.167451818579638,
    "morpheme_level": {
        "average_accuracy": 0.007816257816257817,
        "accuracy": 0.006622516556291391
    },
    "classes": {
        "stem": {
            "prec": 0.00980392156862745,
            "rec": 0.01932367149758454,
            "f1": 0.013008130081300813
        },
        "gram": {
            "prec": 0.0,
            "rec": 0.0,
            "f1": 0
        }
    },
    "MER": 1.0622617856152874,
    "chrf": 7.56659039373333,
    "total_tokens": 14794,
    "avg_tokens": 352.23809523809524
}