{
    "word_level": {
        "average_accuracy": 0.01983082706766917,
        "accuracy": 0.023195876288659795
    },
    "bleu": 0.0,
    "WER": 1.1762850036346277,
    "morpheme_level": {
        "average_accuracy": 0.007816257816257817,
        "accuracy": 0.006622516556291391
    },
    "classes": {
        "stem": {
            "prec": 0.010025062656641603,
            "rec": 0.01932367149758454,
            "f1": 0.013201320132013201
        },
        "gram": {
            "prec": 0.0,
            "rec": 0.0,
            "f1": 0
        }
    },
    "MER": 1.0709919443454463,
    "chrf": 7.391170834783395,
    "total_tokens": 14751,
    "avg_tokens": 351.2142857142857
}