{
    "word_level": {
        "average_accuracy": 0.01983082706766917,
        "accuracy": 0.023195876288659795
    },
    "bleu": 0.0,
    "WER": 1.1669321662742713,
    "morpheme_level": {
        "average_accuracy": 0.007816257816257817,
        "accuracy": 0.006622516556291391
    },
    "classes": {
        "stem": {
            "prec": 0.009925558312655087,
            "rec": 0.01932367149758454,
            "f1": 0.013114754098360656
        },
        "gram": {
            "prec": 0.0,
            "rec": 0.0,
            "f1": 0
        }
    },
    "MER": 1.0591498390822884,
    "chrf": 7.25221754282704,
    "total_tokens": 14747,
    "avg_tokens": 351.1190476190476
}