{
    "word_level": {
        "average_accuracy": 0.026999293042073783,
        "accuracy": 0.03479381443298969
    },
    "bleu": 0.0,
    "WER": 1.0367803208378072,
    "morpheme_level": {
        "average_accuracy": 0.01038864708562851,
        "accuracy": 0.007531380753138075
    },
    "classes": {
        "stem": {
            "prec": 0.008955223880597015,
            "rec": 0.011734028683181226,
            "f1": 0.010158013544018058
        },
        "gram": {
            "prec": 0.0,
            "rec": 0.0,
            "f1": 0
        }
    },
    "MER": 1.1943871305423166,
    "chrf": 8.321464948324286,
    "total_tokens": 30448,
    "avg_tokens": 346.0
}