{
    "word_level": {
        "average_accuracy": 0.040268009619613895,
        "accuracy": 0.041237113402061855
    },
    "bleu": 0.0,
    "WER": 1.0299608368458635,
    "morpheme_level": {
        "average_accuracy": 0.02366837418114508,
        "accuracy": 0.014225941422594143
    },
    "classes": {
        "stem": {
            "prec": 0.014955134596211365,
            "rec": 0.01955671447196871,
            "f1": 0.01694915254237288
        },
        "gram": {
            "prec": 0.01639344262295082,
            "rec": 0.004672897196261682,
            "f1": 0.007272727272727272
        }
    },
    "MER": 1.195831423371091,
    "chrf": 8.586938490918088,
    "total_tokens": 30094,
    "avg_tokens": 341.97727272727275
}