{
    "word_level": {
        "average_accuracy": 0.027667742239934744,
        "accuracy": 0.03608247422680412
    },
    "bleu": 0.0,
    "WER": 1.0490845607155765,
    "morpheme_level": {
        "average_accuracy": 0.010141073308642968,
        "accuracy": 0.007531380753138075
    },
    "classes": {
        "stem": {
            "prec": 0.009054325955734407,
            "rec": 0.011734028683181226,
            "f1": 0.010221465076660989
        },
        "gram": {
            "prec": 0.0,
            "rec": 0.0,
            "f1": 0
        }
    },
    "MER": 1.213944443714181,
    "chrf": 8.479414492737193,
    "total_tokens": 30288,
    "avg_tokens": 344.1818181818182
}