{
    "word_level": {
        "average_accuracy": 0.046865528914734854,
        "accuracy": 0.04607046070460705
    },
    "bleu": 0.0,
    "WER": 0.9729156158664097,
    "morpheme_level": {
        "average_accuracy": 0.016503395429420385,
        "accuracy": 0.0125
    },
    "classes": {
        "stem": {
            "prec": 0.017045454545454544,
            "rec": 0.026490066225165563,
            "f1": 0.020743301642178046
        },
        "gram": {
            "prec": 0.0,
            "rec": 0.0,
            "f1": 0
        }
    },
    "MER": 1.0105878206969157,
    "chrf": 7.152307197856997,
    "total_tokens": 36423,
    "avg_tokens": 367.90909090909093
}