{
    "word_level": {
        "average_accuracy": 0.04232007436928031,
        "accuracy": 0.044263775971093045
    },
    "bleu": 0.0,
    "WER": 0.9823432252940193,
    "morpheme_level": {
        "average_accuracy": 0.017688505488769796,
        "accuracy": 0.013020833333333334
    },
    "classes": {
        "stem": {
            "prec": 0.017780938833570414,
            "rec": 0.02759381898454746,
            "f1": 0.02162629757785467
        },
        "gram": {
            "prec": 0.0,
            "rec": 0.0,
            "f1": 0
        }
    },
    "MER": 1.0199176677780073,
    "chrf": 7.2218609434029055,
    "total_tokens": 36554,
    "avg_tokens": 369.2323232323232
}