{
    "word_level": {
        "average_accuracy": 0.046630200722417414,
        "accuracy": 0.04607046070460705
    },
    "bleu": 0.0,
    "WER": 0.9786503828914993,
    "morpheme_level": {
        "average_accuracy": 0.016503395429420385,
        "accuracy": 0.0125
    },
    "classes": {
        "stem": {
            "prec": 0.01702127659574468,
            "rec": 0.026490066225165563,
            "f1": 0.02072538860103627
        },
        "gram": {
            "prec": 0.0,
            "rec": 0.0,
            "f1": 0
        }
    },
    "MER": 1.017687503891955,
    "chrf": 7.1397436837158645,
    "total_tokens": 36120,
    "avg_tokens": 364.8484848484849
}