{
    "word_level": {
        "average_accuracy": 0.02213001318604767,
        "accuracy": 0.03125
    },
    "bleu": 0.0,
    "WER": 1.1058530191073292,
    "morpheme_level": {
        "average_accuracy": 0.021180758896276134,
        "accuracy": 0.025963808025177025
    },
    "classes": {
        "stem": {
            "prec": 0.037628278221208664,
            "rec": 0.04667609618104668,
            "f1": 0.041666666666666664
        },
        "gram": {
            "prec": 0.0,
            "rec": 0.0,
            "f1": 0
        }
    },
    "MER": 1.2213599499159846,
    "chrf": 9.844849253558884,
    "total_tokens": 65402,
    "avg_tokens": 281.9051724137931
}