{
    "word_level": {
        "average_accuracy": 0.01935223540826989,
        "accuracy": 0.03017241379310345
    },
    "bleu": 0.0,
    "WER": 1.091519412101308,
    "morpheme_level": {
        "average_accuracy": 0.020682239216721972,
        "accuracy": 0.029110936270653028
    },
    "classes": {
        "stem": {
            "prec": 0.04157303370786517,
            "rec": 0.05233380480905234,
            "f1": 0.04633688165309957
        },
        "gram": {
            "prec": 0.0,
            "rec": 0.0,
            "f1": 0
        }
    },
    "MER": 1.2132116566383804,
    "chrf": 9.723663791419975,
    "total_tokens": 65769,
    "avg_tokens": 283.48706896551727
}