{
    "word_level": {
        "average_accuracy": 0.019081983629397427,
        "accuracy": 0.03017241379310345
    },
    "bleu": 0.0,
    "WER": 1.1025723677663333,
    "morpheme_level": {
        "average_accuracy": 0.02019102784188991,
        "accuracy": 0.02753737214791503
    },
    "classes": {
        "stem": {
            "prec": 0.03954802259887006,
            "rec": 0.04950495049504951,
            "f1": 0.04396984924623116
        },
        "gram": {
            "prec": 0.0,
            "rec": 0.0,
            "f1": 0
        }
    },
    "MER": 1.225900428594394,
    "chrf": 9.950329311025458,
    "total_tokens": 65535,
    "avg_tokens": 282.4784482758621
}