{
    "word_level": {
        "average_accuracy": 0.05019493177387914,
        "accuracy": 0.03865979381443299
    },
    "bleu": 0.0,
    "WER": 0.9834901331611858,
    "morpheme_level": {
        "average_accuracy": 0.07884547318257876,
        "accuracy": 0.06291390728476821
    },
    "classes": {
        "stem": {
            "prec": 0.06818181818181818,
            "rec": 0.08695652173913043,
            "f1": 0.07643312101910828
        },
        "gram": {
            "prec": 0.08064516129032258,
            "rec": 0.05037783375314862,
            "f1": 0.062015503875968984
        }
    },
    "MER": 0.9356468860073635,
    "chrf": 19.02372307283579,
    "total_tokens": 30329,
    "avg_tokens": 722.1190476190476
}