{
    "word_level": {
        "average_accuracy": 0.03582504240398977,
        "accuracy": 0.02577319587628866
    },
    "bleu": 0.0,
    "WER": 0.9897684778323875,
    "morpheme_level": {
        "average_accuracy": 0.060974452345809727,
        "accuracy": 0.04470198675496689
    },
    "classes": {
        "stem": {
            "prec": 0.052083333333333336,
            "rec": 0.07246376811594203,
            "f1": 0.060606060606060615
        },
        "gram": {
            "prec": 0.05286343612334802,
            "rec": 0.030226700251889168,
            "f1": 0.038461538461538464
        }
    },
    "MER": 0.9348836359893705,
    "chrf": 19.389656198132364,
    "total_tokens": 30183,
    "avg_tokens": 718.6428571428571
}