{
    "word_level": {
        "average_accuracy": 0.022587222023312245,
        "accuracy": 0.023195876288659795
    },
    "bleu": 0.0,
    "WER": 1.0160134960416916,
    "morpheme_level": {
        "average_accuracy": 0.05857533064179215,
        "accuracy": 0.05132450331125828
    },
    "classes": {
        "stem": {
            "prec": 0.06397306397306397,
            "rec": 0.09178743961352658,
            "f1": 0.0753968253968254
        },
        "gram": {
            "prec": 0.05217391304347826,
            "rec": 0.030226700251889168,
            "f1": 0.03827751196172249
        }
    },
    "MER": 0.9510346796223623,
    "chrf": 18.430665847795215,
    "total_tokens": 30127,
    "avg_tokens": 717.3095238095239
}