{
    "word_level": {
        "average_accuracy": 0.03886670927112104,
        "accuracy": 0.027061855670103094
    },
    "bleu": 0.0,
    "WER": 1.011797091777038,
    "morpheme_level": {
        "average_accuracy": 0.05194828817735515,
        "accuracy": 0.03347280334728033
    },
    "classes": {
        "stem": {
            "prec": 0.04236006051437216,
            "rec": 0.03650586701434159,
            "f1": 0.0392156862745098
        },
        "gram": {
            "prec": 0.031088082901554404,
            "rec": 0.028037383177570093,
            "f1": 0.02948402948402948
        }
    },
    "MER": 1.0323975292345333,
    "chrf": 19.262264283576936,
    "total_tokens": 60856,
    "avg_tokens": 691.5454545454545
}