{
    "word_level": {
        "average_accuracy": 0.046629128447310264,
        "accuracy": 0.03350515463917526
    },
    "bleu": 0.020227582843377234,
    "WER": 0.9786665419770366,
    "morpheme_level": {
        "average_accuracy": 0.056254045772586435,
        "accuracy": 0.035146443514644354
    },
    "classes": {
        "stem": {
            "prec": 0.05092592592592592,
            "rec": 0.04302477183833116,
            "f1": 0.04664310954063604
        },
        "gram": {
            "prec": 0.023195876288659795,
            "rec": 0.02102803738317757,
            "f1": 0.022058823529411763
        }
    },
    "MER": 1.0019396178524904,
    "chrf": 20.248023780996814,
    "total_tokens": 61042,
    "avg_tokens": 693.6590909090909
}