{
    "word_level": {
        "average_accuracy": 0.04042305883883424,
        "accuracy": 0.030927835051546393
    },
    "bleu": 0.0,
    "WER": 1.0122209700919589,
    "morpheme_level": {
        "average_accuracy": 0.04794695408481295,
        "accuracy": 0.03430962343096234
    },
    "classes": {
        "stem": {
            "prec": 0.05345911949685535,
            "rec": 0.04432855280312908,
            "f1": 0.04846756949394156
        },
        "gram": {
            "prec": 0.018666666666666668,
            "rec": 0.016355140186915886,
            "f1": 0.017434620174346202
        }
    },
    "MER": 1.040844615939694,
    "chrf": 19.24565203270468,
    "total_tokens": 61139,
    "avg_tokens": 694.7613636363636
}