{
    "word_level": {
        "average_accuracy": 0.09835890985623603,
        "accuracy": 0.07317073170731707
    },
    "bleu": 0.013847406631749111,
    "WER": 0.9373246771145715,
    "morpheme_level": {
        "average_accuracy": 0.0714094325402682,
        "accuracy": 0.05364583333333333
    },
    "classes": {
        "stem": {
            "prec": 0.0893042575285566,
            "rec": 0.09492273730684327,
            "f1": 0.09202782236490101
        },
        "gram": {
            "prec": 0.024079320113314446,
            "rec": 0.016765285996055226,
            "f1": 0.019767441860465113
        }
    },
    "MER": 0.8781609542343057,
    "chrf": 22.173826081974187,
    "total_tokens": 90981,
    "avg_tokens": 919.0
}