{
    "word_level": {
        "average_accuracy": 0.0812302956969436,
        "accuracy": 0.06323396567299007
    },
    "bleu": 0.012761432844869629,
    "WER": 0.9936446199676696,
    "morpheme_level": {
        "average_accuracy": 0.062089456752648896,
        "accuracy": 0.05572916666666667
    },
    "classes": {
        "stem": {
            "prec": 0.08817204301075268,
            "rec": 0.09050772626931568,
            "f1": 0.08932461873638343
        },
        "gram": {
            "prec": 0.0327653997378768,
            "rec": 0.02465483234714004,
            "f1": 0.028137310073157007
        }
    },
    "MER": 0.8936963308047638,
    "chrf": 21.8915906039468,
    "total_tokens": 92119,
    "avg_tokens": 930.4949494949495
}