{
    "word_level": {
        "average_accuracy": 0.09793199266911783,
        "accuracy": 0.07136404697380307
    },
    "bleu": 0.0,
    "WER": 0.9373462973418268,
    "morpheme_level": {
        "average_accuracy": 0.06927998184762228,
        "accuracy": 0.04791666666666667
    },
    "classes": {
        "stem": {
            "prec": 0.08289054197662062,
            "rec": 0.08609271523178808,
            "f1": 0.08446128857606931
        },
        "gram": {
            "prec": 0.020260492040520984,
            "rec": 0.013806706114398421,
            "f1": 0.016422287390029325
        }
    },
    "MER": 0.8619518314344692,
    "chrf": 20.95687370997136,
    "total_tokens": 91449,
    "avg_tokens": 923.7272727272727
}