{
    "word_level": {
        "average_accuracy": 0.12283300990197535,
        "accuracy": 0.1400862068965517
    },
    "bleu": 0.02101108245551586,
    "WER": 0.9524471936109866,
    "morpheme_level": {
        "average_accuracy": 0.11740743691174718,
        "accuracy": 0.11959087332808813
    },
    "classes": {
        "stem": {
            "prec": 0.17699115044247787,
            "rec": 0.16973125884016974,
            "f1": 0.17328519855595667
        },
        "gram": {
            "prec": 0.07158836689038031,
            "rec": 0.05673758865248227,
            "f1": 0.06330365974282888
        }
    },
    "MER": 0.9592178654678655,
    "chrf": 24.183429546934292,
    "total_tokens": 114680,
    "avg_tokens": 494.3103448275862
}