{
    "word_level": {
        "average_accuracy": 0.10503899835796385,
        "accuracy": 0.11961206896551724
    },
    "bleu": 0.0,
    "WER": 0.9726397285664526,
    "morpheme_level": {
        "average_accuracy": 0.11310864662157764,
        "accuracy": 0.1054287962234461
    },
    "classes": {
        "stem": {
            "prec": 0.1527165932452276,
            "rec": 0.1471004243281471,
            "f1": 0.14985590778097982
        },
        "gram": {
            "prec": 0.06880733944954129,
            "rec": 0.05319148936170213,
            "f1": 0.060000000000000005
        }
    },
    "MER": 0.9788359987713439,
    "chrf": 24.354833356789896,
    "total_tokens": 114920,
    "avg_tokens": 495.3448275862069
}