{
    "word_level": {
        "average_accuracy": 0.12808052818828672,
        "accuracy": 0.13254310344827586
    },
    "bleu": 0.0,
    "WER": 0.9381072112753147,
    "morpheme_level": {
        "average_accuracy": 0.12837244173451065,
        "accuracy": 0.11329661683713611
    },
    "classes": {
        "stem": {
            "prec": 0.16666666666666666,
            "rec": 0.15841584158415842,
            "f1": 0.16243654822335027
        },
        "gram": {
            "prec": 0.07565011820330969,
            "rec": 0.05673758865248227,
            "f1": 0.06484295845997974
        }
    },
    "MER": 0.9569952557021524,
    "chrf": 23.631735052257525,
    "total_tokens": 114618,
    "avg_tokens": 494.0431034482759
}