{
    "word_level": {
        "average_accuracy": 0.2047213090446173,
        "accuracy": 0.19072164948453607
    },
    "bleu": 0.1208824870099173,
    "WER": 0.7446430831769179,
    "morpheme_level": {
        "average_accuracy": 0.2061344109350955,
        "accuracy": 0.1870860927152318
    },
    "classes": {
        "stem": {
            "prec": 0.18396226415094338,
            "rec": 0.18840579710144928,
            "f1": 0.18615751789976137
        },
        "gram": {
            "prec": 0.22981366459627328,
            "rec": 0.18639798488664988,
            "f1": 0.20584144645340752
        }
    },
    "MER": 0.6756291140568291,
    "chrf": 35.443921816955914,
    "total_tokens": 110659,
    "avg_tokens": 2634.7380952380954
}