{
    "word_level": {
        "average_accuracy": 0.23086949426235134,
        "accuracy": 0.20103092783505155
    },
    "bleu": 0.11119182407855988,
    "WER": 0.74878698821368,
    "morpheme_level": {
        "average_accuracy": 0.19512091084764774,
        "accuracy": 0.1672185430463576
    },
    "classes": {
        "stem": {
            "prec": 0.15920398009950248,
            "rec": 0.15458937198067632,
            "f1": 0.15686274509803924
        },
        "gram": {
            "prec": 0.20116618075801748,
            "rec": 0.17380352644836272,
            "f1": 0.18648648648648647
        }
    },
    "MER": 0.702541497349854,
    "chrf": 35.42848421762939,
    "total_tokens": 110020,
    "avg_tokens": 2619.5238095238096
}