{
    "word_level": {
        "average_accuracy": 0.24874750006328952,
        "accuracy": 0.2190721649484536
    },
    "bleu": 0.12947382818811431,
    "WER": 0.730639482002264,
    "morpheme_level": {
        "average_accuracy": 0.22411845729154345,
        "accuracy": 0.19370860927152317
    },
    "classes": {
        "stem": {
            "prec": 0.19900497512437812,
            "rec": 0.1932367149758454,
            "f1": 0.19607843137254902
        },
        "gram": {
            "prec": 0.22126436781609196,
            "rec": 0.19395465994962216,
            "f1": 0.20671140939597313
        }
    },
    "MER": 0.6668179080012873,
    "chrf": 34.883916696472426,
    "total_tokens": 110848,
    "avg_tokens": 2639.2380952380954
}