{
    "word_level": {
        "average_accuracy": 0.4641306280928607,
        "accuracy": 0.4690721649484536
    },
    "bleu": 0.42494913935661316,
    "WER": 0.48155124314048126,
    "morpheme_level": {
        "average_accuracy": 0.39736070765333,
        "accuracy": 0.3472803347280335
    },
    "classes": {
        "stem": {
            "prec": 0.3714689265536723,
            "rec": 0.3428943937418514,
            "f1": 0.35661016949152535
        },
        "gram": {
            "prec": 0.35023041474654376,
            "rec": 0.35514018691588783,
            "f1": 0.35266821345707655
        }
    },
    "MER": 0.477649478460501,
    "chrf": 58.49940192796777,
    "total_tokens": 316522,
    "avg_tokens": 3596.840909090909
}