{
    "word_level": {
        "average_accuracy": 0.4493825754938722,
        "accuracy": 0.4574742268041237
    },
    "bleu": 0.3936149477958679,
    "WER": 0.5157263354539425,
    "morpheme_level": {
        "average_accuracy": 0.37307304711021627,
        "accuracy": 0.3297071129707113
    },
    "classes": {
        "stem": {
            "prec": 0.35581061692969873,
            "rec": 0.32333767926988266,
            "f1": 0.33879781420765026
        },
        "gram": {
            "prec": 0.3237250554323725,
            "rec": 0.3411214953271028,
            "f1": 0.3321956769055745
        }
    },
    "MER": 0.5067674412543186,
    "chrf": 57.23406995738101,
    "total_tokens": 315696,
    "avg_tokens": 3587.4545454545455
}