{
    "word_level": {
        "average_accuracy": 0.46855888068287793,
        "accuracy": 0.4742268041237113
    },
    "bleu": 0.4112403988838196,
    "WER": 0.4902557286832021,
    "morpheme_level": {
        "average_accuracy": 0.40168625622977566,
        "accuracy": 0.36150627615062764
    },
    "classes": {
        "stem": {
            "prec": 0.3915574963609898,
            "rec": 0.35071707953063885,
            "f1": 0.3700137551581843
        },
        "gram": {
            "prec": 0.35667396061269147,
            "rec": 0.3808411214953271,
            "f1": 0.368361581920904
        }
    },
    "MER": 0.4898241035859774,
    "chrf": 57.58434100455215,
    "total_tokens": 316318,
    "avg_tokens": 3594.5227272727275
}