{
    "word_level": {
        "average_accuracy": 0.4238555187152497,
        "accuracy": 0.3523035230352303
    },
    "bleu": 0.36114406627604395,
    "WER": 0.4693547986382635,
    "morpheme_level": {
        "average_accuracy": 0.31590520988924103,
        "accuracy": 0.26875
    },
    "classes": {
        "stem": {
            "prec": 0.31889290012033694,
            "rec": 0.2924944812362031,
            "f1": 0.3051237766263673
        },
        "gram": {
            "prec": 0.25430597771023306,
            "rec": 0.24753451676528598,
            "f1": 0.2508745627186407
        }
    },
    "MER": 0.46937075906502135,
    "chrf": 59.304159580626525,
    "total_tokens": 544757,
    "avg_tokens": 5502.595959595959
}