{
    "word_level": {
        "average_accuracy": 0.4670054098880899,
        "accuracy": 0.4173441734417344
    },
    "bleu": 0.37900593876838684,
    "WER": 0.44967879482685663,
    "morpheme_level": {
        "average_accuracy": 0.32471619389317197,
        "accuracy": 0.2713541666666667
    },
    "classes": {
        "stem": {
            "prec": 0.30778301886792453,
            "rec": 0.28807947019867547,
            "f1": 0.2976054732041049
        },
        "gram": {
            "prec": 0.2661207778915046,
            "rec": 0.2564102564102564,
            "f1": 0.26117528879959817
        }
    },
    "MER": 0.4561085822696551,
    "chrf": 60.669329611595955,
    "total_tokens": 547561,
    "avg_tokens": 5530.919191919192
}