{
    "word_level": {
        "average_accuracy": 0.4900199448090783,
        "accuracy": 0.4245709123757904
    },
    "bleu": 0.3793918788433075,
    "WER": 0.4377770215195889,
    "morpheme_level": {
        "average_accuracy": 0.34351747041285463,
        "accuracy": 0.29739583333333336
    },
    "classes": {
        "stem": {
            "prec": 0.34528076463560337,
            "rec": 0.3189845474613687,
            "f1": 0.33161216293746415
        },
        "gram": {
            "prec": 0.2874617737003058,
            "rec": 0.2781065088757396,
            "f1": 0.2827067669172932
        }
    },
    "MER": 0.4471278322448884,
    "chrf": 60.837602785067006,
    "total_tokens": 544252,
    "avg_tokens": 5497.49494949495
}