{
    "word_level": {
        "average_accuracy": 0.628080683684132,
        "accuracy": 0.6002155172413793
    },
    "bleu": 0.43417635842334373,
    "WER": 0.3660243133303479,
    "morpheme_level": {
        "average_accuracy": 0.5791532282372797,
        "accuracy": 0.5114083398898505
    },
    "classes": {
        "stem": {
            "prec": 0.5406562054208274,
            "rec": 0.536067892503536,
            "f1": 0.5383522727272727
        },
        "gram": {
            "prec": 0.5717299578059072,
            "rec": 0.4804964539007092,
            "f1": 0.5221579961464354
        }
    },
    "MER": 0.33543917768055703,
    "chrf": 64.35074213970086,
    "total_tokens": 368245,
    "avg_tokens": 1587.2629310344828
}