{
    "word_level": {
        "average_accuracy": 0.5939883751306163,
        "accuracy": 0.5872844827586207
    },
    "bleu": 0.41725596894915884,
    "WER": 0.4240020276658209,
    "morpheme_level": {
        "average_accuracy": 0.5570789363892811,
        "accuracy": 0.5082612116443745
    },
    "classes": {
        "stem": {
            "prec": 0.5317679558011049,
            "rec": 0.5445544554455446,
            "f1": 0.5380852550663873
        },
        "gram": {
            "prec": 0.564935064935065,
            "rec": 0.4627659574468085,
            "f1": 0.5087719298245613
        }
    },
    "MER": 0.37452354278862915,
    "chrf": 63.24589934025009,
    "total_tokens": 370090,
    "avg_tokens": 1595.2155172413793
}