{
    "word_level": {
        "average_accuracy": 0.5871137483206447,
        "accuracy": 0.5797413793103449
    },
    "bleu": 0.4221402904872149,
    "WER": 0.400484836045181,
    "morpheme_level": {
        "average_accuracy": 0.5537835847103086,
        "accuracy": 0.5074744295830055
    },
    "classes": {
        "stem": {
            "prec": 0.546742209631728,
            "rec": 0.545968882602546,
            "f1": 0.5463552724699221
        },
        "gram": {
            "prec": 0.5384615384615384,
            "rec": 0.4592198581560284,
            "f1": 0.49569377990430624
        }
    },
    "MER": 0.3633391273477482,
    "chrf": 63.267003419511255,
    "total_tokens": 367948,
    "avg_tokens": 1585.9827586206898
}