{
    "word_level": {
        "average_accuracy": 0.18808513437272836,
        "accuracy": 0.16237113402061856
    },
    "bleu": 0.06396121001149412,
    "WER": 0.8194820339087259,
    "morpheme_level": {
        "average_accuracy": 0.1633770792272465,
        "accuracy": 0.1357615894039735
    },
    "classes": {
        "stem": {
            "prec": 0.13304721030042918,
            "rec": 0.1497584541062802,
            "f1": 0.14090909090909087
        },
        "gram": {
            "prec": 0.16666666666666666,
            "rec": 0.12846347607052896,
            "f1": 0.14509246088193456
        }
    },
    "MER": 0.7949844899378565,
    "chrf": 28.45274777516831,
    "total_tokens": 41150,
    "avg_tokens": 979.7619047619048
}