{
    "word_level": {
        "average_accuracy": 0.17230321022614256,
        "accuracy": 0.15721649484536082
    },
    "bleu": 0.07309493342834758,
    "WER": 0.8338033485589879,
    "morpheme_level": {
        "average_accuracy": 0.18374142703724647,
        "accuracy": 0.15066225165562913
    },
    "classes": {
        "stem": {
            "prec": 0.16203703703703703,
            "rec": 0.16908212560386474,
            "f1": 0.16548463356973994
        },
        "gram": {
            "prec": 0.1761006289308176,
            "rec": 0.14105793450881612,
            "f1": 0.15664335664335663
        }
    },
    "MER": 0.7741488972422269,
    "chrf": 28.908497237194634,
    "total_tokens": 41256,
    "avg_tokens": 982.2857142857143
}