{
    "word_level": {
        "average_accuracy": 0.17877562774179317,
        "accuracy": 0.16237113402061856
    },
    "bleu": 0.059358999133110046,
    "WER": 1.0182765264532183,
    "morpheme_level": {
        "average_accuracy": 0.18469776797093954,
        "accuracy": 0.15728476821192053
    },
    "classes": {
        "stem": {
            "prec": 0.12612612612612611,
            "rec": 0.13526570048309178,
            "f1": 0.1305361305361305
        },
        "gram": {
            "prec": 0.2126984126984127,
            "rec": 0.16876574307304787,
            "f1": 0.18820224719101125
        }
    },
    "MER": 0.8995204968513167,
    "chrf": 28.656022808698033,
    "total_tokens": 41998,
    "avg_tokens": 999.952380952381
}