{
    "word_level": {
        "average_accuracy": 0.3363910593690006,
        "accuracy": 0.35309278350515466
    },
    "bleu": 0.29509127140045166,
    "WER": 0.6575428253737078,
    "morpheme_level": {
        "average_accuracy": 0.2778933250246225,
        "accuracy": 0.2510460251046025
    },
    "classes": {
        "stem": {
            "prec": 0.27624309392265195,
            "rec": 0.2607561929595828,
            "f1": 0.2682763246143528
        },
        "gram": {
            "prec": 0.25510204081632654,
            "rec": 0.2336448598130841,
            "f1": 0.24390243902439027
        }
    },
    "MER": 0.6294191122280058,
    "chrf": 47.57086081991396,
    "total_tokens": 73225,
    "avg_tokens": 832.1022727272727
}