{
    "word_level": {
        "average_accuracy": 0.3286927042191079,
        "accuracy": 0.34536082474226804
    },
    "bleu": 0.2792517657749347,
    "WER": 0.6566999392617706,
    "morpheme_level": {
        "average_accuracy": 0.29695195103001887,
        "accuracy": 0.2744769874476987
    },
    "classes": {
        "stem": {
            "prec": 0.313953488372093,
            "rec": 0.2816166883963494,
            "f1": 0.29690721649484536
        },
        "gram": {
            "prec": 0.27053140096618356,
            "rec": 0.2616822429906542,
            "f1": 0.2660332541567696
        }
    },
    "MER": 0.6436403846730507,
    "chrf": 44.57748386137971,
    "total_tokens": 73253,
    "avg_tokens": 832.4204545454545
}