{
    "word_level": {
        "average_accuracy": 0.34415691483706196,
        "accuracy": 0.35180412371134023
    },
    "bleu": 0.28965258598327637,
    "WER": 0.644261039757363,
    "morpheme_level": {
        "average_accuracy": 0.28485192504551143,
        "accuracy": 0.2502092050209205
    },
    "classes": {
        "stem": {
            "prec": 0.28205128205128205,
            "rec": 0.258148631029987,
            "f1": 0.269571136827774
        },
        "gram": {
            "prec": 0.24396135265700483,
            "rec": 0.23598130841121495,
            "f1": 0.23990498812351543
        }
    },
    "MER": 0.6260428939363113,
    "chrf": 46.69474499490208,
    "total_tokens": 74063,
    "avg_tokens": 841.625
}