{
    "word_level": {
        "average_accuracy": 0.32786695539870675,
        "accuracy": 0.3337628865979381
    },
    "bleu": 0.2966001331806183,
    "WER": 0.6439314551864684,
    "morpheme_level": {
        "average_accuracy": 0.29485250975452915,
        "accuracy": 0.2510460251046025
    },
    "classes": {
        "stem": {
            "prec": 0.2747875354107649,
            "rec": 0.2529335071707953,
            "f1": 0.26340801086218607
        },
        "gram": {
            "prec": 0.26433915211970077,
            "rec": 0.24766355140186916,
            "f1": 0.255729794933655
        }
    },
    "MER": 0.620800796621054,
    "chrf": 45.981767260321796,
    "total_tokens": 73660,
    "avg_tokens": 837.0454545454545
}