{
    "word_level": {
        "average_accuracy": 0.38722178650273614,
        "accuracy": 0.3206865401987353
    },
    "bleu": 0.22924210704820933,
    "WER": 0.5678097886888313,
    "morpheme_level": {
        "average_accuracy": 0.2639719612518886,
        "accuracy": 0.20364583333333333
    },
    "classes": {
        "stem": {
            "prec": 0.23146067415730337,
            "rec": 0.22737306843267108,
            "f1": 0.22939866369710468
        },
        "gram": {
            "prec": 0.20716685330347145,
            "rec": 0.18244575936883628,
            "f1": 0.19402202412165706
        }
    },
    "MER": 0.566377924515177,
    "chrf": 47.96725627418997,
    "total_tokens": 117137,
    "avg_tokens": 1183.20202020202
}