{
    "word_level": {
        "average_accuracy": 0.37303728607454734,
        "accuracy": 0.31255645889792233
    },
    "bleu": 0.22081814146164833,
    "WER": 0.5759482888184049,
    "morpheme_level": {
        "average_accuracy": 0.22251298126910962,
        "accuracy": 0.1734375
    },
    "classes": {
        "stem": {
            "prec": 0.19781420765027322,
            "rec": 0.1997792494481236,
            "f1": 0.1987918725974739
        },
        "gram": {
            "prec": 0.18052256532066507,
            "rec": 0.14990138067061143,
            "f1": 0.16379310344827586
        }
    },
    "MER": 0.5628225395469011,
    "chrf": 46.788311644521194,
    "total_tokens": 116889,
    "avg_tokens": 1180.6969696969697
}