{
    "word_level": {
        "average_accuracy": 0.38951329891460695,
        "accuracy": 0.32429990966576333
    },
    "bleu": 0.22151521130913024,
    "WER": 0.5839005026483264,
    "morpheme_level": {
        "average_accuracy": 0.24175055617613653,
        "accuracy": 0.18802083333333333
    },
    "classes": {
        "stem": {
            "prec": 0.2203765227021041,
            "rec": 0.2196467991169978,
            "f1": 0.22001105583195138
        },
        "gram": {
            "prec": 0.18243243243243243,
            "rec": 0.15976331360946747,
            "f1": 0.17034700315457413
        }
    },
    "MER": 0.5698933155323639,
    "chrf": 46.541450380222535,
    "total_tokens": 116470,
    "avg_tokens": 1176.4646464646464
}