{
    "word_level": {
        "average_accuracy": 0.47906637184654427,
        "accuracy": 0.48060344827586204
    },
    "bleu": 0.2804871974826108,
    "WER": 0.5063879248146491,
    "morpheme_level": {
        "average_accuracy": 0.43352568767439464,
        "accuracy": 0.3831628638867034
    },
    "classes": {
        "stem": {
            "prec": 0.42735042735042733,
            "rec": 0.4243281471004243,
            "f1": 0.42583392476933996
        },
        "gram": {
            "prec": 0.4288990825688073,
            "rec": 0.33156028368794327,
            "f1": 0.374
        }
    },
    "MER": 0.511028949498777,
    "chrf": 51.71820830856283,
    "total_tokens": 125593,
    "avg_tokens": 541.3491379310345
}