{
    "word_level": {
        "average_accuracy": 0.45968008284818623,
        "accuracy": 0.4547413793103448
    },
    "bleu": 0.2710344671848204,
    "WER": 0.5042481464895259,
    "morpheme_level": {
        "average_accuracy": 0.4181675962925965,
        "accuracy": 0.37214791502753736
    },
    "classes": {
        "stem": {
            "prec": 0.42105263157894735,
            "rec": 0.4073550212164074,
            "f1": 0.41409058231488133
        },
        "gram": {
            "prec": 0.4083885209713024,
            "rec": 0.3280141843971631,
            "f1": 0.36381514257620456
        }
    },
    "MER": 0.5205633327400568,
    "chrf": 51.169734742711526,
    "total_tokens": 125633,
    "avg_tokens": 541.5215517241379
}