{
    "word_level": {
        "average_accuracy": 0.47547768323630396,
        "accuracy": 0.46336206896551724
    },
    "bleu": 0.28426410463939533,
    "WER": 0.5156826889585513,
    "morpheme_level": {
        "average_accuracy": 0.4404308574567196,
        "accuracy": 0.3831628638867034
    },
    "classes": {
        "stem": {
            "prec": 0.4273743016759777,
            "rec": 0.4328147100424328,
            "f1": 0.43007730147575546
        },
        "gram": {
            "prec": 0.43825665859564167,
            "rec": 0.32092198581560283,
            "f1": 0.3705220061412487
        }
    },
    "MER": 0.497146471823196,
    "chrf": 52.09207093988291,
    "total_tokens": 125361,
    "avg_tokens": 540.3491379310345
}