{
    "word_level": {
        "average_accuracy": 0.03506235827664399,
        "accuracy": 0.028350515463917526
    },
    "bleu": 0.0,
    "WER": 1.0364907579193294,
    "morpheme_level": {
        "average_accuracy": 0.0773679018914332,
        "accuracy": 0.052980132450331126
    },
    "classes": {
        "stem": {
            "prec": 0.07017543859649122,
            "rec": 0.0966183574879227,
            "f1": 0.0813008130081301
        },
        "gram": {
            "prec": 0.04669260700389105,
            "rec": 0.030226700251889168,
            "f1": 0.03669724770642201
        }
    },
    "MER": 0.9861677479932551,
    "chrf": 17.99022817732806,
    "total_tokens": 17126,
    "avg_tokens": 407.76190476190476
}