{
    "word_level": {
        "average_accuracy": 0.024659863945578227,
        "accuracy": 0.020618556701030927
    },
    "bleu": 0.0,
    "WER": 1.0336623485119725,
    "morpheme_level": {
        "average_accuracy": 0.0404468968669053,
        "accuracy": 0.03642384105960265
    },
    "classes": {
        "stem": {
            "prec": 0.033783783783783786,
            "rec": 0.04830917874396135,
            "f1": 0.039761431411530816
        },
        "gram": {
            "prec": 0.05581395348837209,
            "rec": 0.030226700251889168,
            "f1": 0.039215686274509796
        }
    },
    "MER": 1.009956587355156,
    "chrf": 16.367682365045845,
    "total_tokens": 16723,
    "avg_tokens": 398.1666666666667
}