{
    "word_level": {
        "average_accuracy": 0.042918556311413454,
        "accuracy": 0.030927835051546393
    },
    "bleu": 0.015573319047689438,
    "WER": 0.9971368039507137,
    "morpheme_level": {
        "average_accuracy": 0.07278076059139835,
        "accuracy": 0.057947019867549666
    },
    "classes": {
        "stem": {
            "prec": 0.0625,
            "rec": 0.08695652173913043,
            "f1": 0.07272727272727272
        },
        "gram": {
            "prec": 0.06666666666666667,
            "rec": 0.042821158690176324,
            "f1": 0.052147239263803685
        }
    },
    "MER": 0.9400215733049647,
    "chrf": 17.786624323642712,
    "total_tokens": 17009,
    "avg_tokens": 404.9761904761905
}