{
    "word_level": {
        "average_accuracy": 0.03476858074117432,
        "accuracy": 0.028350515463917526
    },
    "bleu": 0.0,
    "WER": 0.9807844018154845,
    "morpheme_level": {
        "average_accuracy": 0.05596167400294195,
        "accuracy": 0.03765690376569038
    },
    "classes": {
        "stem": {
            "prec": 0.055800293685756244,
            "rec": 0.04954367666232073,
            "f1": 0.052486187845303865
        },
        "gram": {
            "prec": 0.019021739130434784,
            "rec": 0.016355140186915886,
            "f1": 0.01758793969849246
        }
    },
    "MER": 1.0322847418644985,
    "chrf": 19.288619892927773,
    "total_tokens": 34883,
    "avg_tokens": 396.39772727272725
}