{
    "word_level": {
        "average_accuracy": 0.04181064034005211,
        "accuracy": 0.030927835051546393
    },
    "bleu": 0.016595475375652313,
    "WER": 0.9901778867270175,
    "morpheme_level": {
        "average_accuracy": 0.05401560128155609,
        "accuracy": 0.038493723849372385
    },
    "classes": {
        "stem": {
            "prec": 0.06097560975609756,
            "rec": 0.05215123859191656,
            "f1": 0.05621925509486999
        },
        "gram": {
            "prec": 0.014778325123152709,
            "rec": 0.014018691588785047,
            "f1": 0.014388489208633093
        }
    },
    "MER": 1.066186479342967,
    "chrf": 19.55727400254036,
    "total_tokens": 35182,
    "avg_tokens": 399.79545454545456
}