{
    "word_level": {
        "average_accuracy": 0.04204216722599075,
        "accuracy": 0.037371134020618556
    },
    "bleu": 0.0,
    "WER": 0.9807963118624884,
    "morpheme_level": {
        "average_accuracy": 0.06255191114042787,
        "accuracy": 0.04769874476987448
    },
    "classes": {
        "stem": {
            "prec": 0.07033639143730887,
            "rec": 0.05997392438070404,
            "f1": 0.06474313863476425
        },
        "gram": {
            "prec": 0.02956989247311828,
            "rec": 0.02570093457943925,
            "f1": 0.0275
        }
    },
    "MER": 1.026595356433785,
    "chrf": 19.952522658316454,
    "total_tokens": 34352,
    "avg_tokens": 390.3636363636364
}