{
    "word_level": {
        "average_accuracy": 0.09210641253487378,
        "accuracy": 0.07136404697380307
    },
    "bleu": 0.013637444368338886,
    "WER": 0.9663188542267626,
    "morpheme_level": {
        "average_accuracy": 0.06462152869504849,
        "accuracy": 0.046875
    },
    "classes": {
        "stem": {
            "prec": 0.08494623655913978,
            "rec": 0.08719646799116998,
            "f1": 0.08605664488017428
        },
        "gram": {
            "prec": 0.015068493150684932,
            "rec": 0.010848126232741617,
            "f1": 0.01261467889908257
        }
    },
    "MER": 0.873276362946371,
    "chrf": 20.353924571033648,
    "total_tokens": 46860,
    "avg_tokens": 473.3333333333333
}