{
    "word_level": {
        "average_accuracy": 0.10003996345524954,
        "accuracy": 0.07588075880758807
    },
    "bleu": 0.015221601454345025,
    "WER": 0.948356863733275,
    "morpheme_level": {
        "average_accuracy": 0.058008724993703804,
        "accuracy": 0.044270833333333336
    },
    "classes": {
        "stem": {
            "prec": 0.06993736951983298,
            "rec": 0.0739514348785872,
            "f1": 0.07188841201716739
        },
        "gram": {
            "prec": 0.027522935779816515,
            "rec": 0.01775147928994083,
            "f1": 0.02158273381294964
        }
    },
    "MER": 0.8830249084213457,
    "chrf": 19.665385274407416,
    "total_tokens": 45672,
    "avg_tokens": 461.3333333333333
}