{
    "word_level": {
        "average_accuracy": 0.06421539661552826,
        "accuracy": 0.05058717253839205
    },
    "bleu": 0.014567272318906664,
    "WER": 0.9984662547779563,
    "morpheme_level": {
        "average_accuracy": 0.06809507431677066,
        "accuracy": 0.051041666666666666
    },
    "classes": {
        "stem": {
            "prec": 0.08817204301075268,
            "rec": 0.09050772626931568,
            "f1": 0.08932461873638343
        },
        "gram": {
            "prec": 0.0213903743315508,
            "rec": 0.015779092702169626,
            "f1": 0.018161180476730987
        }
    },
    "MER": 0.9018024667201877,
    "chrf": 20.481576663841757,
    "total_tokens": 46854,
    "avg_tokens": 473.27272727272725
}