{
    "word_level": {
        "average_accuracy": 0.1542265325670497,
        "accuracy": 0.1627155172413793
    },
    "bleu": 0.026547754605153604,
    "WER": 0.9218218204209587,
    "morpheme_level": {
        "average_accuracy": 0.13592515602213878,
        "accuracy": 0.12431156569630213
    },
    "classes": {
        "stem": {
            "prec": 0.17613636363636365,
            "rec": 0.1753889674681754,
            "f1": 0.17576187101346563
        },
        "gram": {
            "prec": 0.08232445520581114,
            "rec": 0.06028368794326241,
            "f1": 0.06960081883316274
        }
    },
    "MER": 0.9771699205966446,
    "chrf": 24.055131563111015,
    "total_tokens": 75623,
    "avg_tokens": 325.96120689655174
}