{
    "word_level": {
        "average_accuracy": 0.13616242474001086,
        "accuracy": 0.15193965517241378
    },
    "bleu": 0.029578464107961448,
    "WER": 0.9312926058615714,
    "morpheme_level": {
        "average_accuracy": 0.13572674332372603,
        "accuracy": 0.12824547600314712
    },
    "classes": {
        "stem": {
            "prec": 0.19490254872563717,
            "rec": 0.18387553041018387,
            "f1": 0.1892285298398835
        },
        "gram": {
            "prec": 0.075,
            "rec": 0.05851063829787234,
            "f1": 0.06573705179282868
        }
    },
    "MER": 0.9930289538048159,
    "chrf": 23.766138726944995,
    "total_tokens": 75540,
    "avg_tokens": 325.6034482758621
}