{
    "word_level": {
        "average_accuracy": 0.12058873836891074,
        "accuracy": 0.13254310344827586
    },
    "bleu": 0.02254139631986618,
    "WER": 0.9300405533164153,
    "morpheme_level": {
        "average_accuracy": 0.11212913044809592,
        "accuracy": 0.11014948859166011
    },
    "classes": {
        "stem": {
            "prec": 0.16591928251121077,
            "rec": 0.157001414427157,
            "f1": 0.1613372093023256
        },
        "gram": {
            "prec": 0.0645879732739421,
            "rec": 0.051418439716312055,
            "f1": 0.05725567620927936
        }
    },
    "MER": 1.0027680353650184,
    "chrf": 23.971302112617053,
    "total_tokens": 75680,
    "avg_tokens": 326.2068965517241
}