{
    "word_level": {
        "average_accuracy": 0.12324048306191165,
        "accuracy": 0.10824742268041238
    },
    "bleu": 0.03671975722961751,
    "WER": 0.8223679915879165,
    "morpheme_level": {
        "average_accuracy": 0.11494954413091353,
        "accuracy": 0.09271523178807947
    },
    "classes": {
        "stem": {
            "prec": 0.0851063829787234,
            "rec": 0.0966183574879227,
            "f1": 0.09049773755656108
        },
        "gram": {
            "prec": 0.13636363636363635,
            "rec": 0.0906801007556675,
            "f1": 0.10892586989409984
        }
    },
    "MER": 0.772391146292014,
    "chrf": 25.85464114026455,
    "total_tokens": 41919,
    "avg_tokens": 998.0714285714286
}