{
    "word_level": {
        "average_accuracy": 0.12515460729746444,
        "accuracy": 0.11082474226804123
    },
    "bleu": 0.02852656941541594,
    "WER": 0.9038575424853621,
    "morpheme_level": {
        "average_accuracy": 0.1408228664037886,
        "accuracy": 0.11589403973509933
    },
    "classes": {
        "stem": {
            "prec": 0.10619469026548672,
            "rec": 0.11594202898550725,
            "f1": 0.11085450346420324
        },
        "gram": {
            "prec": 0.1402439024390244,
            "rec": 0.11586901763224182,
            "f1": 0.1268965517241379
        }
    },
    "MER": 0.8247482786638395,
    "chrf": 26.372493532590852,
    "total_tokens": 42045,
    "avg_tokens": 1001.0714285714286
}