{
    "word_level": {
        "average_accuracy": 0.11462924085104535,
        "accuracy": 0.10309278350515463
    },
    "bleu": 0.027448134685677285,
    "WER": 0.8764439959928684,
    "morpheme_level": {
        "average_accuracy": 0.12387219502855902,
        "accuracy": 0.1076158940397351
    },
    "classes": {
        "stem": {
            "prec": 0.10300429184549356,
            "rec": 0.11594202898550725,
            "f1": 0.1090909090909091
        },
        "gram": {
            "prec": 0.13268608414239483,
            "rec": 0.10327455919395466,
            "f1": 0.1161473087818697
        }
    },
    "MER": 0.8032177832418428,
    "chrf": 26.502851232533054,
    "total_tokens": 41852,
    "avg_tokens": 996.4761904761905
}