{
    "word_level": {
        "average_accuracy": 0.06891900991165695,
        "accuracy": 0.061855670103092786
    },
    "bleu": 0.044861988727004636,
    "WER": 0.9578182189562536,
    "morpheme_level": {
        "average_accuracy": 0.06927063155074693,
        "accuracy": 0.05690376569037657
    },
    "classes": {
        "stem": {
            "prec": 0.07817109144542773,
            "rec": 0.06910039113428944,
            "f1": 0.07335640138408304
        },
        "gram": {
            "prec": 0.038560411311053984,
            "rec": 0.035046728971962614,
            "f1": 0.03671970624235006
        }
    },
    "MER": 0.9924417651550527,
    "chrf": 24.57878152489899,
    "total_tokens": 87822,
    "avg_tokens": 997.9772727272727
}