{
    "word_level": {
        "average_accuracy": 0.06407562769528012,
        "accuracy": 0.06056701030927835
    },
    "bleu": 0.026451292670348663,
    "WER": 0.934578761692732,
    "morpheme_level": {
        "average_accuracy": 0.09020790590766667,
        "accuracy": 0.06861924686192468
    },
    "classes": {
        "stem": {
            "prec": 0.09451219512195122,
            "rec": 0.08083441981747067,
            "f1": 0.08713984539704848
        },
        "gram": {
            "prec": 0.04950495049504951,
            "rec": 0.04672897196261682,
            "f1": 0.04807692307692308
        }
    },
    "MER": 0.9431652371627393,
    "chrf": 24.110306265447544,
    "total_tokens": 88111,
    "avg_tokens": 1001.2613636363636
}