{
    "word_level": {
        "average_accuracy": 0.08063490804132518,
        "accuracy": 0.08118556701030928
    },
    "bleu": 0.0649648462999701,
    "WER": 0.9246609788554974,
    "morpheme_level": {
        "average_accuracy": 0.07619394038793138,
        "accuracy": 0.05690376569037657
    },
    "classes": {
        "stem": {
            "prec": 0.07750759878419453,
            "rec": 0.06649282920469361,
            "f1": 0.07157894736842106
        },
        "gram": {
            "prec": 0.04176904176904177,
            "rec": 0.0397196261682243,
            "f1": 0.0407185628742515
        }
    },
    "MER": 0.9072172494766074,
    "chrf": 24.702498856322833,
    "total_tokens": 87719,
    "avg_tokens": 996.8068181818181
}