{
    "word_level": {
        "average_accuracy": 0.15002660259795708,
        "accuracy": 0.12285456187895212
    },
    "bleu": 0.04132947428485139,
    "WER": 0.8281645190541334,
    "morpheme_level": {
        "average_accuracy": 0.1054113578337562,
        "accuracy": 0.08645833333333333
    },
    "classes": {
        "stem": {
            "prec": 0.11771300448430494,
            "rec": 0.11589403973509933,
            "f1": 0.1167964404894327
        },
        "gram": {
            "prec": 0.07760814249363868,
            "rec": 0.0601577909270217,
            "f1": 0.06777777777777777
        }
    },
    "MER": 0.8008657006904142,
    "chrf": 29.60979270804596,
    "total_tokens": 139227,
    "avg_tokens": 1406.3333333333333
}