{
    "word_level": {
        "average_accuracy": 0.14949835894236566,
        "accuracy": 0.13550135501355012
    },
    "bleu": 0.043903297486530594,
    "WER": 0.8179676239319835,
    "morpheme_level": {
        "average_accuracy": 0.10544890193873711,
        "accuracy": 0.08072916666666667
    },
    "classes": {
        "stem": {
            "prec": 0.11757990867579908,
            "rec": 0.11368653421633554,
            "f1": 0.11560044893378227
        },
        "gram": {
            "prec": 0.06524466750313676,
            "rec": 0.05128205128205128,
            "f1": 0.05742683600220872
        }
    },
    "MER": 0.7805274562339576,
    "chrf": 29.560066028413097,
    "total_tokens": 140530,
    "avg_tokens": 1419.4949494949494
}