{
    "word_level": {
        "average_accuracy": 0.13578308985007548,
        "accuracy": 0.10659439927732611
    },
    "bleu": 0.0443983309095068,
    "WER": 0.8138513780226398,
    "morpheme_level": {
        "average_accuracy": 0.11308282425604099,
        "accuracy": 0.08645833333333333
    },
    "classes": {
        "stem": {
            "prec": 0.12793427230046947,
            "rec": 0.12030905077262694,
            "f1": 0.12400455062571103
        },
        "gram": {
            "prec": 0.0707196029776675,
            "rec": 0.05621301775147929,
            "f1": 0.06263736263736264
        }
    },
    "MER": 0.7912809145692162,
    "chrf": 29.485782972211872,
    "total_tokens": 139962,
    "avg_tokens": 1413.7575757575758
}