{
    "word_level": {
        "average_accuracy": 0.2085917674279744,
        "accuracy": 0.21551724137931033
    },
    "bleu": 0.04874287233796488,
    "WER": 0.8375391849529781,
    "morpheme_level": {
        "average_accuracy": 0.1936183608058609,
        "accuracy": 0.16758457907159716
    },
    "classes": {
        "stem": {
            "prec": 0.2383808095952024,
            "rec": 0.2248939179632249,
            "f1": 0.2314410480349345
        },
        "gram": {
            "prec": 0.1232876712328767,
            "rec": 0.09574468085106383,
            "f1": 0.10778443113772455
        }
    },
    "MER": 0.8379987888069785,
    "chrf": 29.398038411071486,
    "total_tokens": 153597,
    "avg_tokens": 662.0560344827586
}