{
    "word_level": {
        "average_accuracy": 0.2238784084689257,
        "accuracy": 0.2273706896551724
    },
    "bleu": 0.04869147227295827,
    "WER": 0.8120650781211125,
    "morpheme_level": {
        "average_accuracy": 0.1800417075740352,
        "accuracy": 0.15420928402832415
    },
    "classes": {
        "stem": {
            "prec": 0.21251819505094613,
            "rec": 0.2065063649222065,
            "f1": 0.20946915351506457
        },
        "gram": {
            "prec": 0.12594458438287154,
            "rec": 0.08865248226950355,
            "f1": 0.1040582726326743
        }
    },
    "MER": 0.797732128982129,
    "chrf": 31.207126221177088,
    "total_tokens": 153913,
    "avg_tokens": 663.4181034482758
}