{
    "word_level": {
        "average_accuracy": 0.208042556102901,
        "accuracy": 0.21875
    },
    "bleu": 0.07156849349608276,
    "WER": 0.8415108598298257,
    "morpheme_level": {
        "average_accuracy": 0.1859961996815445,
        "accuracy": 0.16837136113296616
    },
    "classes": {
        "stem": {
            "prec": 0.23020527859237536,
            "rec": 0.22206506364922207,
            "f1": 0.22606191504679624
        },
        "gram": {
            "prec": 0.14285714285714285,
            "rec": 0.10106382978723404,
            "f1": 0.11838006230529594
        }
    },
    "MER": 0.8345762475072823,
    "chrf": 30.42219201867399,
    "total_tokens": 153099,
    "avg_tokens": 659.9094827586207
}