{
    "word_level": {
        "average_accuracy": 0.039098829324393236,
        "accuracy": 0.03865979381443299
    },
    "bleu": 0.0,
    "WER": 1.0070317161952498,
    "morpheme_level": {
        "average_accuracy": 0.037555247680444805,
        "accuracy": 0.03145695364238411
    },
    "classes": {
        "stem": {
            "prec": 0.058922558922558925,
            "rec": 0.08454106280193237,
            "f1": 0.06944444444444445
        },
        "gram": {
            "prec": 0.00663716814159292,
            "rec": 0.003778337531486146,
            "f1": 0.004815409309791332
        }
    },
    "MER": 0.905717966358367,
    "chrf": 100.0,
    "total_tokens": 51954,
    "avg_tokens": 618.5
}