{
    "word_level": {
        "average_accuracy": 0.11779444100872671,
        "accuracy": 0.10824742268041238
    },
    "bleu": 0.0,
    "WER": 0.9284000721500719,
    "morpheme_level": {
        "average_accuracy": 0.11453408452290148,
        "accuracy": 0.10596026490066225
    },
    "classes": {
        "stem": {
            "prec": 0.08225108225108226,
            "rec": 0.09178743961352658,
            "f1": 0.0867579908675799
        },
        "gram": {
            "prec": 0.1465798045602606,
            "rec": 0.11335012594458438,
            "f1": 0.1278409090909091
        }
    },
    "MER": 0.8875239131804197,
    "chrf": 24.0888069822274,
    "total_tokens": 17915,
    "avg_tokens": 426.54761904761904
}