{
    "word_level": {
        "average_accuracy": 0.10278159775340225,
        "accuracy": 0.09536082474226804
    },
    "bleu": 0.025678336141079772,
    "WER": 0.8933923463058798,
    "morpheme_level": {
        "average_accuracy": 0.11520919401913668,
        "accuracy": 0.10596026490066225
    },
    "classes": {
        "stem": {
            "prec": 0.09482758620689655,
            "rec": 0.10628019323671498,
            "f1": 0.10022779043280182
        },
        "gram": {
            "prec": 0.13861386138613863,
            "rec": 0.10579345088161209,
            "f1": 0.12000000000000001
        }
    },
    "MER": 0.8417041542511635,
    "chrf": 24.270971639769677,
    "total_tokens": 17720,
    "avg_tokens": 421.9047619047619
}