{
    "word_level": {
        "average_accuracy": 0.12136625383805837,
        "accuracy": 0.1134020618556701
    },
    "bleu": 0.025573283199010897,
    "WER": 0.8724503583996063,
    "morpheme_level": {
        "average_accuracy": 0.1239268095620796,
        "accuracy": 0.11092715231788079
    },
    "classes": {
        "stem": {
            "prec": 0.09954751131221719,
            "rec": 0.10628019323671498,
            "f1": 0.10280373831775699
        },
        "gram": {
            "prec": 0.1347305389221557,
            "rec": 0.11335012594458438,
            "f1": 0.12311901504787962
        }
    },
    "MER": 0.856363497520635,
    "chrf": 26.069654851238848,
    "total_tokens": 18109,
    "avg_tokens": 431.1666666666667
}