{
    "word_level": {
        "average_accuracy": 0.20243849513568765,
        "accuracy": 0.20747422680412372
    },
    "bleu": 0.16965733468532562,
    "WER": 0.7567661508169526,
    "morpheme_level": {
        "average_accuracy": 0.17166748690856834,
        "accuracy": 0.16150627615062763
    },
    "classes": {
        "stem": {
            "prec": 0.1939477303988996,
            "rec": 0.18383311603650587,
            "f1": 0.18875502008032127
        },
        "gram": {
            "prec": 0.13648293963254593,
            "rec": 0.12149532710280374,
            "f1": 0.12855377008652658
        }
    },
    "MER": 0.7883127720148368,
    "chrf": 37.35083670593375,
    "total_tokens": 37460,
    "avg_tokens": 425.6818181818182
}