{
    "word_level": {
        "average_accuracy": 0.19458993215677706,
        "accuracy": 0.20489690721649484
    },
    "bleu": 0.1602121889591217,
    "WER": 0.7747129878480145,
    "morpheme_level": {
        "average_accuracy": 0.17669963566652985,
        "accuracy": 0.1723849372384937
    },
    "classes": {
        "stem": {
            "prec": 0.2005610098176718,
            "rec": 0.1864406779661017,
            "f1": 0.1932432432432432
        },
        "gram": {
            "prec": 0.1507177033492823,
            "rec": 0.14719626168224298,
            "f1": 0.14893617021276595
        }
    },
    "MER": 0.7989443417733774,
    "chrf": 37.45323951277356,
    "total_tokens": 37898,
    "avg_tokens": 430.65909090909093
}