{
    "word_level": {
        "average_accuracy": 0.18901481792524574,
        "accuracy": 0.20489690721649484
    },
    "bleu": 0.14705108106136322,
    "WER": 0.7880618598533037,
    "morpheme_level": {
        "average_accuracy": 0.1651931490122807,
        "accuracy": 0.17489539748953975
    },
    "classes": {
        "stem": {
            "prec": 0.21001390820584145,
            "rec": 0.196870925684485,
            "f1": 0.2032301480484522
        },
        "gram": {
            "prec": 0.1411192214111922,
            "rec": 0.13551401869158877,
            "f1": 0.13825983313468412
        }
    },
    "MER": 0.8214158003921057,
    "chrf": 36.65357133715065,
    "total_tokens": 37333,
    "avg_tokens": 424.2386363636364
}