{
    "word_level": {
        "average_accuracy": 0.22193661041291435,
        "accuracy": 0.15989159891598917
    },
    "bleu": 0.12518131241167177,
    "WER": 0.7419888217272942,
    "morpheme_level": {
        "average_accuracy": 0.15231762075315838,
        "accuracy": 0.10104166666666667
    },
    "classes": {
        "stem": {
            "prec": 0.13522355507088332,
            "rec": 0.1368653421633554,
            "f1": 0.13603949533735601
        },
        "gram": {
            "prec": 0.08684863523573201,
            "rec": 0.06903353057199212,
            "f1": 0.07692307692307693
        }
    },
    "MER": 0.7376337480480318,
    "chrf": 35.30110100384422,
    "total_tokens": 52230,
    "avg_tokens": 527.5757575757576
}