{
    "word_level": {
        "average_accuracy": 0.21281726551273603,
        "accuracy": 0.15718157181571815
    },
    "bleu": 0.12284984128881052,
    "WER": 0.7633604359590647,
    "morpheme_level": {
        "average_accuracy": 0.15630141197039238,
        "accuracy": 0.10885416666666667
    },
    "classes": {
        "stem": {
            "prec": 0.14517876489707476,
            "rec": 0.1479028697571744,
            "f1": 0.14652815746309458
        },
        "gram": {
            "prec": 0.09529860228716645,
            "rec": 0.07396449704142012,
            "f1": 0.08328706274292061
        }
    },
    "MER": 0.7344459318943359,
    "chrf": 35.65388831304085,
    "total_tokens": 52417,
    "avg_tokens": 529.4646464646464
}