{
    "word_level": {
        "average_accuracy": 0.21480091437578253,
        "accuracy": 0.15537488708220415
    },
    "bleu": 0.1218972962132449,
    "WER": 0.7669745775795591,
    "morpheme_level": {
        "average_accuracy": 0.15184039057260518,
        "accuracy": 0.10208333333333333
    },
    "classes": {
        "stem": {
            "prec": 0.13426423200859292,
            "rec": 0.13796909492273732,
            "f1": 0.13609145345672294
        },
        "gram": {
            "prec": 0.08886107634543179,
            "rec": 0.07001972386587771,
            "f1": 0.07832322118036403
        }
    },
    "MER": 0.7375334982325801,
    "chrf": 35.68616164301365,
    "total_tokens": 52880,
    "avg_tokens": 534.1414141414141
}