{
    "word_level": {
        "average_accuracy": 0.3600985221674878,
        "accuracy": 0.3265086206896552
    },
    "bleu": 0.11763550698651536,
    "WER": 0.6270058964024481,
    "morpheme_level": {
        "average_accuracy": 0.3059391219412772,
        "accuracy": 0.25019669551534224
    },
    "classes": {
        "stem": {
            "prec": 0.300148588410104,
            "rec": 0.2857142857142857,
            "f1": 0.2927536231884058
        },
        "gram": {
            "prec": 0.24786324786324787,
            "rec": 0.20567375886524822,
            "f1": 0.2248062015503876
        }
    },
    "MER": 0.6541387790848996,
    "chrf": 39.37114575439138,
    "total_tokens": 76101,
    "avg_tokens": 328.0215517241379
}