{
    "word_level": {
        "average_accuracy": 0.3869137806637806,
        "accuracy": 0.3588362068965517
    },
    "bleu": 0.13205575534901404,
    "WER": 0.6360114382743693,
    "morpheme_level": {
        "average_accuracy": 0.3422455238726792,
        "accuracy": 0.2769472856018883
    },
    "classes": {
        "stem": {
            "prec": 0.34310850439882695,
            "rec": 0.33097595473833097,
            "f1": 0.3369330453563715
        },
        "gram": {
            "prec": 0.2559652928416486,
            "rec": 0.20921985815602837,
            "f1": 0.23024390243902437
        }
    },
    "MER": 0.624228321965391,
    "chrf": 41.28747056187422,
    "total_tokens": 75900,
    "avg_tokens": 327.1551724137931
}