{
    "word_level": {
        "average_accuracy": 0.4003815868040004,
        "accuracy": 0.3728448275862069
    },
    "bleu": 0.1341537687070246,
    "WER": 0.6165023075583419,
    "morpheme_level": {
        "average_accuracy": 0.3332571463498189,
        "accuracy": 0.27301337529504327
    },
    "classes": {
        "stem": {
            "prec": 0.33779761904761907,
            "rec": 0.32107496463932106,
            "f1": 0.3292240754169688
        },
        "gram": {
            "prec": 0.25862068965517243,
            "rec": 0.2127659574468085,
            "f1": 0.23346303501945523
        }
    },
    "MER": 0.6403618771075669,
    "chrf": 41.30553622276002,
    "total_tokens": 76439,
    "avg_tokens": 329.4784482758621
}