{
    "word_level": {
        "average_accuracy": 0.12170926052504998,
        "accuracy": 0.11082474226804123
    },
    "bleu": 0.036922668386279146,
    "WER": 0.8959584883926989,
    "morpheme_level": {
        "average_accuracy": 0.11796887605195579,
        "accuracy": 0.09602649006622517
    },
    "classes": {
        "stem": {
            "prec": 0.08695652173913043,
            "rec": 0.10628019323671498,
            "f1": 0.09565217391304348
        },
        "gram": {
            "prec": 0.13186813186813187,
            "rec": 0.0906801007556675,
            "f1": 0.10746268656716418
        }
    },
    "MER": 0.8095207992315181,
    "chrf": 25.11338562975943,
    "total_tokens": 27874,
    "avg_tokens": 663.6666666666666
}