{
    "word_level": {
        "average_accuracy": 0.1394552172277736,
        "accuracy": 0.12371134020618557
    },
    "bleu": 0.0,
    "WER": 0.8828271300545736,
    "morpheme_level": {
        "average_accuracy": 0.10304621391157266,
        "accuracy": 0.08774834437086093
    },
    "classes": {
        "stem": {
            "prec": 0.0694980694980695,
            "rec": 0.08695652173913043,
            "f1": 0.07725321888412016
        },
        "gram": {
            "prec": 0.12773722627737227,
            "rec": 0.08816120906801007,
            "f1": 0.10432190760059613
        }
    },
    "MER": 0.8261625093187985,
    "chrf": 23.782832888034434,
    "total_tokens": 28079,
    "avg_tokens": 668.547619047619
}