{
    "word_level": {
        "average_accuracy": 0.1409567614924758,
        "accuracy": 0.13144329896907217
    },
    "bleu": 0.032415896053810095,
    "WER": 0.8621064068902415,
    "morpheme_level": {
        "average_accuracy": 0.11381294569572169,
        "accuracy": 0.09271523178807947
    },
    "classes": {
        "stem": {
            "prec": 0.06329113924050633,
            "rec": 0.07246376811594203,
            "f1": 0.06756756756756757
        },
        "gram": {
            "prec": 0.1404109589041096,
            "rec": 0.10327455919395466,
            "f1": 0.11901306240928881
        }
    },
    "MER": 0.8117753636726805,
    "chrf": 25.028804442966017,
    "total_tokens": 28457,
    "avg_tokens": 677.547619047619
}