{
    "word_level": {
        "average_accuracy": 0.0733547676729495,
        "accuracy": 0.059278350515463915
    },
    "bleu": 0.041071005165576935,
    "WER": 0.9448847954028433,
    "morpheme_level": {
        "average_accuracy": 0.08361876748539426,
        "accuracy": 0.058577405857740586
    },
    "classes": {
        "stem": {
            "prec": 0.08088235294117647,
            "rec": 0.07170795306388526,
            "f1": 0.07601935038009676
        },
        "gram": {
            "prec": 0.03731343283582089,
            "rec": 0.035046728971962614,
            "f1": 0.036144578313253004
        }
    },
    "MER": 0.9778330739777051,
    "chrf": 23.732785367894554,
    "total_tokens": 61612,
    "avg_tokens": 700.1363636363636
}