{
    "word_level": {
        "average_accuracy": 0.06733876790694972,
        "accuracy": 0.05025773195876289
    },
    "bleu": 0.03669361770153046,
    "WER": 0.9340332487224196,
    "morpheme_level": {
        "average_accuracy": 0.07663158311026307,
        "accuracy": 0.0602510460251046
    },
    "classes": {
        "stem": {
            "prec": 0.07227138643067847,
            "rec": 0.06388526727509779,
            "f1": 0.06782006920415225
        },
        "gram": {
            "prec": 0.0583756345177665,
            "rec": 0.053738317757009345,
            "f1": 0.05596107055961071
        }
    },
    "MER": 0.9714220808307669,
    "chrf": 23.06417040135752,
    "total_tokens": 62268,
    "avg_tokens": 707.5909090909091
}