{
    "word_level": {
        "average_accuracy": 0.09734713710315314,
        "accuracy": 0.08762886597938144
    },
    "bleu": 0.05207744613289833,
    "WER": 0.9145247419060921,
    "morpheme_level": {
        "average_accuracy": 0.11996023980306623,
        "accuracy": 0.08702928870292886
    },
    "classes": {
        "stem": {
            "prec": 0.11834319526627218,
            "rec": 0.10430247718383312,
            "f1": 0.11088011088011088
        },
        "gram": {
            "prec": 0.057007125890736345,
            "rec": 0.056074766355140186,
            "f1": 0.05653710247349824
        }
    },
    "MER": 0.9248786806744868,
    "chrf": 24.90276907982585,
    "total_tokens": 62776,
    "avg_tokens": 713.3636363636364
}