{
    "word_level": {
        "average_accuracy": 0.1587958700104006,
        "accuracy": 0.11653116531165311
    },
    "bleu": 0.03777752752072811,
    "WER": 0.8263552030155564,
    "morpheme_level": {
        "average_accuracy": 0.11477655518495151,
        "accuracy": 0.08541666666666667
    },
    "classes": {
        "stem": {
            "prec": 0.1252847380410023,
            "rec": 0.12141280353200883,
            "f1": 0.12331838565022422
        },
        "gram": {
            "prec": 0.07022106631989597,
            "rec": 0.05325443786982249,
            "f1": 0.060572069545709484
        }
    },
    "MER": 0.7923175901153737,
    "chrf": 27.551482086859043,
    "total_tokens": 95782,
    "avg_tokens": 967.4949494949495
}