{
    "word_level": {
        "average_accuracy": 0.1513691788848091,
        "accuracy": 0.12556458897922312
    },
    "bleu": 0.03915418912968696,
    "WER": 0.8293626030562267,
    "morpheme_level": {
        "average_accuracy": 0.09529528756311076,
        "accuracy": 0.0734375
    },
    "classes": {
        "stem": {
            "prec": 0.09793253536452666,
            "rec": 0.09933774834437085,
            "f1": 0.09863013698630137
        },
        "gram": {
            "prec": 0.07053941908713693,
            "rec": 0.05029585798816568,
            "f1": 0.05872193436960276
        }
    },
    "MER": 0.781174546672884,
    "chrf": 28.188580674564705,
    "total_tokens": 95463,
    "avg_tokens": 964.2727272727273
}