{
    "word_level": {
        "average_accuracy": 0.1418205612580759,
        "accuracy": 0.12195121951219512
    },
    "bleu": 0.05950294214110143,
    "WER": 0.8280241756095028,
    "morpheme_level": {
        "average_accuracy": 0.09703752473660587,
        "accuracy": 0.08645833333333333
    },
    "classes": {
        "stem": {
            "prec": 0.12417582417582418,
            "rec": 0.12472406181015452,
            "f1": 0.12444933920704847
        },
        "gram": {
            "prec": 0.06901041666666667,
            "rec": 0.05226824457593689,
            "f1": 0.059483726150392824
        }
    },
    "MER": 0.7893938750144204,
    "chrf": 30.488725533349065,
    "total_tokens": 95587,
    "avg_tokens": 965.5252525252525
}