{
    "word_level": {
        "average_accuracy": 0.20872673782156537,
        "accuracy": 0.23060344827586207
    },
    "bleu": 0.05442826398665458,
    "WER": 0.8351173371647511,
    "morpheme_level": {
        "average_accuracy": 0.18167749396197674,
        "accuracy": 0.17387883556254918
    },
    "classes": {
        "stem": {
            "prec": 0.2332859174964438,
            "rec": 0.23196605374823195,
            "f1": 0.2326241134751773
        },
        "gram": {
            "prec": 0.14882506527415143,
            "rec": 0.10106382978723404,
            "f1": 0.12038014783526928
        }
    },
    "MER": 0.8370730562540912,
    "chrf": 31.158126439765883,
    "total_tokens": 113714,
    "avg_tokens": 490.1465517241379
}