{
    "word_level": {
        "average_accuracy": 0.2168513957307061,
        "accuracy": 0.22844827586206898
    },
    "bleu": 0.04082265819385245,
    "WER": 0.8345151017564807,
    "morpheme_level": {
        "average_accuracy": 0.19310167801547118,
        "accuracy": 0.17387883556254918
    },
    "classes": {
        "stem": {
            "prec": 0.23631123919308358,
            "rec": 0.23196605374823195,
            "f1": 0.2341184867951463
        },
        "gram": {
            "prec": 0.14430379746835442,
            "rec": 0.10106382978723404,
            "f1": 0.11887382690302396
        }
    },
    "MER": 0.8317806953582819,
    "chrf": 30.884144524441666,
    "total_tokens": 114841,
    "avg_tokens": 495.00431034482756
}