{
    "word_level": {
        "average_accuracy": 0.21459017515052003,
        "accuracy": 0.21551724137931033
    },
    "bleu": 0.044671206017077525,
    "WER": 0.8390000684181722,
    "morpheme_level": {
        "average_accuracy": 0.20081075533661746,
        "accuracy": 0.16443745082612116
    },
    "classes": {
        "stem": {
            "prec": 0.22492836676217765,
            "rec": 0.22206506364922207,
            "f1": 0.22348754448398578
        },
        "gram": {
            "prec": 0.1326530612244898,
            "rec": 0.09219858156028368,
            "f1": 0.1087866108786611
        }
    },
    "MER": 0.8156728807590878,
    "chrf": 29.193077190989104,
    "total_tokens": 114087,
    "avg_tokens": 491.75431034482756
}