{
    "word_level": {
        "average_accuracy": 0.20325534254105684,
        "accuracy": 0.17783505154639176
    },
    "bleu": 0.06312360614538193,
    "WER": 0.7894675134806712,
    "morpheme_level": {
        "average_accuracy": 0.2013254068484304,
        "accuracy": 0.173841059602649
    },
    "classes": {
        "stem": {
            "prec": 0.14285714285714285,
            "rec": 0.13526570048309178,
            "f1": 0.13895781637717122
        },
        "gram": {
            "prec": 0.21568627450980393,
            "rec": 0.19395465994962216,
            "f1": 0.20424403183023873
        }
    },
    "MER": 0.74635747256638,
    "chrf": 33.12271386946911,
    "total_tokens": 56614,
    "avg_tokens": 1347.952380952381
}