{
    "word_level": {
        "average_accuracy": 0.20570715660001376,
        "accuracy": 0.18041237113402062
    },
    "bleu": 0.06047959625720978,
    "WER": 0.7785784356273078,
    "morpheme_level": {
        "average_accuracy": 0.19685348987651344,
        "accuracy": 0.17052980132450332
    },
    "classes": {
        "stem": {
            "prec": 0.13917525773195877,
            "rec": 0.13043478260869565,
            "f1": 0.1346633416458853
        },
        "gram": {
            "prec": 0.21529745042492918,
            "rec": 0.19143576826196473,
            "f1": 0.20266666666666666
        }
    },
    "MER": 0.7240228519258924,
    "chrf": 33.36233780568361,
    "total_tokens": 56578,
    "avg_tokens": 1347.095238095238
}