{
    "word_level": {
        "average_accuracy": 0.19380239469525187,
        "accuracy": 0.17268041237113402
    },
    "bleu": 0.0668056458234787,
    "WER": 0.7896929824561403,
    "morpheme_level": {
        "average_accuracy": 0.17784739744364758,
        "accuracy": 0.15894039735099338
    },
    "classes": {
        "stem": {
            "prec": 0.125,
            "rec": 0.12077294685990338,
            "f1": 0.12285012285012285
        },
        "gram": {
            "prec": 0.20113314447592068,
            "rec": 0.17884130982367757,
            "f1": 0.18933333333333333
        }
    },
    "MER": 0.7337519172792728,
    "chrf": 33.04662048385334,
    "total_tokens": 56572,
    "avg_tokens": 1346.952380952381
}