{
    "word_level": {
        "average_accuracy": 0.38693914467644414,
        "accuracy": 0.3943298969072165
    },
    "bleu": 0.3432745933532715,
    "WER": 0.5667121449875459,
    "morpheme_level": {
        "average_accuracy": 0.3397166048462489,
        "accuracy": 0.3087866108786611
    },
    "classes": {
        "stem": {
            "prec": 0.32716927453769556,
            "rec": 0.29986962190352023,
            "f1": 0.3129251700680272
        },
        "gram": {
            "prec": 0.3054945054945055,
            "rec": 0.3247663551401869,
            "f1": 0.31483578708946774
        }
    },
    "MER": 0.555371408552435,
    "chrf": 52.44265653072502,
    "total_tokens": 122831,
    "avg_tokens": 1395.8068181818182
}