{
    "word_level": {
        "average_accuracy": 0.4003338771721125,
        "accuracy": 0.40850515463917525
    },
    "bleu": 0.34604141116142273,
    "WER": 0.5576691269538862,
    "morpheme_level": {
        "average_accuracy": 0.354791905518932,
        "accuracy": 0.3213389121338912
    },
    "classes": {
        "stem": {
            "prec": 0.34,
            "rec": 0.31029986962190353,
            "f1": 0.3244717109747785
        },
        "gram": {
            "prec": 0.31601731601731603,
            "rec": 0.3411214953271028,
            "f1": 0.32808988764044944
        }
    },
    "MER": 0.5415949925742706,
    "chrf": 52.63640158709383,
    "total_tokens": 122820,
    "avg_tokens": 1395.6818181818182
}