{
    "word_level": {
        "average_accuracy": 0.3885285868741751,
        "accuracy": 0.39819587628865977
    },
    "bleu": 0.33984485268592834,
    "WER": 0.568281776336589,
    "morpheme_level": {
        "average_accuracy": 0.3406736711704345,
        "accuracy": 0.3079497907949791
    },
    "classes": {
        "stem": {
            "prec": 0.3275862068965517,
            "rec": 0.29726205997392435,
            "f1": 0.3116883116883117
        },
        "gram": {
            "prec": 0.3056768558951965,
            "rec": 0.32710280373831774,
            "f1": 0.31602708803611734
        }
    },
    "MER": 0.5502090114080862,
    "chrf": 52.369355718245544,
    "total_tokens": 122822,
    "avg_tokens": 1395.7045454545455
}