{
    "word_level": {
        "average_accuracy": 0.4475435571634729,
        "accuracy": 0.4001806684733514
    },
    "bleu": 0.36671432852745056,
    "WER": 0.4883097829658,
    "morpheme_level": {
        "average_accuracy": 0.3437527407850104,
        "accuracy": 0.29322916666666665
    },
    "classes": {
        "stem": {
            "prec": 0.3313953488372093,
            "rec": 0.31456953642384106,
            "f1": 0.32276330690826727
        },
        "gram": {
            "prec": 0.2865979381443299,
            "rec": 0.27416173570019725,
            "f1": 0.280241935483871
        }
    },
    "MER": 0.4535003930727392,
    "chrf": 59.33566160257695,
    "total_tokens": 203983,
    "avg_tokens": 2060.4343434343436
}