{
    "word_level": {
        "average_accuracy": 0.444452232031719,
        "accuracy": 0.3920505871725384
    },
    "bleu": 0.3512772023677826,
    "WER": 0.48303180223614955,
    "morpheme_level": {
        "average_accuracy": 0.3532757406003333,
        "accuracy": 0.3015625
    },
    "classes": {
        "stem": {
            "prec": 0.3392226148409894,
            "rec": 0.31788079470198677,
            "f1": 0.32820512820512826
        },
        "gram": {
            "prec": 0.29754601226993865,
            "rec": 0.2869822485207101,
            "f1": 0.29216867469879515
        }
    },
    "MER": 0.4519938558984242,
    "chrf": 58.712051205181446,
    "total_tokens": 204011,
    "avg_tokens": 2060.717171717172
}