{
    "word_level": {
        "average_accuracy": 0.4540166743617856,
        "accuracy": 0.3947606142728094
    },
    "bleu": 0.348477303981781,
    "WER": 0.49106561431139023,
    "morpheme_level": {
        "average_accuracy": 0.33610710543455913,
        "accuracy": 0.275
    },
    "classes": {
        "stem": {
            "prec": 0.31070195627157654,
            "rec": 0.2980132450331126,
            "f1": 0.3042253521126761
        },
        "gram": {
            "prec": 0.2684703433922997,
            "rec": 0.25443786982248523,
            "f1": 0.26126582278481014
        }
    },
    "MER": 0.465605744153608,
    "chrf": 58.92948233549402,
    "total_tokens": 204005,
    "avg_tokens": 2060.656565656566
}