{
    "word_level": {
        "average_accuracy": 0.5146475531173806,
        "accuracy": 0.5301724137931034
    },
    "bleu": 0.3720242035254118,
    "WER": 0.46951021918694347,
    "morpheme_level": {
        "average_accuracy": 0.49721877141058146,
        "accuracy": 0.4626278520849725
    },
    "classes": {
        "stem": {
            "prec": 0.4905109489051095,
            "rec": 0.4752475247524752,
            "f1": 0.48275862068965514
        },
        "gram": {
            "prec": 0.5,
            "rec": 0.44680851063829785,
            "f1": 0.47191011235955055
        }
    },
    "MER": 0.43381098068598073,
    "chrf": 60.33147689674858,
    "total_tokens": 158048,
    "avg_tokens": 681.2413793103449
}