{
    "word_level": {
        "average_accuracy": 0.5242141239986067,
        "accuracy": 0.5172413793103449
    },
    "bleu": 0.3732333901709295,
    "WER": 0.4527973702542669,
    "morpheme_level": {
        "average_accuracy": 0.5055638446802238,
        "accuracy": 0.45869394177812745
    },
    "classes": {
        "stem": {
            "prec": 0.491970802919708,
            "rec": 0.4766619519094767,
            "f1": 0.4841954022988506
        },
        "gram": {
            "prec": 0.48906560636182905,
            "rec": 0.43617021276595747,
            "f1": 0.4611059044048735
        }
    },
    "MER": 0.42170335650939095,
    "chrf": 60.404056140867844,
    "total_tokens": 158026,
    "avg_tokens": 681.1465517241379
}