{
    "word_level": {
        "average_accuracy": 0.5148767539931333,
        "accuracy": 0.5237068965517241
    },
    "bleu": 0.3631939252030462,
    "WER": 0.4680922525750113,
    "morpheme_level": {
        "average_accuracy": 0.49333347447571557,
        "accuracy": 0.45948072383949645
    },
    "classes": {
        "stem": {
            "prec": 0.48604992657856094,
            "rec": 0.4681753889674682,
            "f1": 0.4769452449567723
        },
        "gram": {
            "prec": 0.4990138067061144,
            "rec": 0.44858156028368795,
            "f1": 0.4724556489262372
        }
    },
    "MER": 0.4458826673805122,
    "chrf": 59.77161323607053,
    "total_tokens": 158060,
    "avg_tokens": 681.2931034482758
}