{
    "word_level": {
        "average_accuracy": 0.18023518617973502,
        "accuracy": 0.16494845360824742
    },
    "bleu": 0.06417262172534718,
    "WER": 0.7981562966760334,
    "morpheme_level": {
        "average_accuracy": 0.1652903419462145,
        "accuracy": 0.1390728476821192
    },
    "classes": {
        "stem": {
            "prec": 0.08687258687258688,
            "rec": 0.10869565217391304,
            "f1": 0.09656652360515021
        },
        "gram": {
            "prec": 0.2546583850931677,
            "rec": 0.15491183879093198,
            "f1": 0.1926389976507439
        }
    },
    "MER": 0.7372851426233725,
    "chrf": 100.0,
    "total_tokens": 107927,
    "avg_tokens": 1284.845238095238
}