{
    "word_level": {
        "average_accuracy": 0.19760259233943445,
        "accuracy": 0.16752577319587628
    },
    "bleu": 0.0677160918712616,
    "WER": 0.8136974832463556,
    "morpheme_level": {
        "average_accuracy": 0.1687209776223871,
        "accuracy": 0.13741721854304637
    },
    "classes": {
        "stem": {
            "prec": 0.11979166666666667,
            "rec": 0.1111111111111111,
            "f1": 0.11528822055137844
        },
        "gram": {
            "prec": 0.16172506738544473,
            "rec": 0.15113350125944586,
            "f1": 0.15625
        }
    },
    "MER": 0.7805408259813701,
    "chrf": 32.26502278613799,
    "total_tokens": 33313,
    "avg_tokens": 793.1666666666666
}