{
    "word_level": {
        "average_accuracy": 0.20839155970734918,
        "accuracy": 0.19072164948453607
    },
    "bleu": 0.10258620447493931,
    "WER": 0.7774086189499724,
    "morpheme_level": {
        "average_accuracy": 0.2261428359664403,
        "accuracy": 0.20198675496688742
    },
    "classes": {
        "stem": {
            "prec": 0.2,
            "rec": 0.18357487922705315,
            "f1": 0.19143576826196476
        },
        "gram": {
            "prec": 0.23204419889502761,
            "rec": 0.21158690176322417,
            "f1": 0.22134387351778656
        }
    },
    "MER": 0.7352615884626348,
    "chrf": 33.32297568277832,
    "total_tokens": 33179,
    "avg_tokens": 789.9761904761905
}