{
    "word_level": {
        "average_accuracy": 0.1991318257765626,
        "accuracy": 0.18041237113402062
    },
    "bleu": 0.06870628148317337,
    "WER": 0.8163666968648173,
    "morpheme_level": {
        "average_accuracy": 0.1712591620548025,
        "accuracy": 0.1490066225165563
    },
    "classes": {
        "stem": {
            "prec": 0.1339712918660287,
            "rec": 0.13526570048309178,
            "f1": 0.13461538461538464
        },
        "gram": {
            "prec": 0.18128654970760233,
            "rec": 0.1561712846347607,
            "f1": 0.16779431664411368
        }
    },
    "MER": 0.7695800086700114,
    "chrf": 31.420920170773424,
    "total_tokens": 32967,
    "avg_tokens": 784.9285714285714
}