{
    "word_level": {
        "average_accuracy": 0.3507392807777166,
        "accuracy": 0.34664948453608246
    },
    "bleu": 0.2790733575820923,
    "WER": 0.6503987050110045,
    "morpheme_level": {
        "average_accuracy": 0.30170907561923954,
        "accuracy": 0.2694560669456067
    },
    "classes": {
        "stem": {
            "prec": 0.298465829846583,
            "rec": 0.2790091264667536,
            "f1": 0.2884097035040431
        },
        "gram": {
            "prec": 0.2517482517482518,
            "rec": 0.2523364485981308,
            "f1": 0.2520420070011668
        }
    },
    "MER": 0.6260014004463238,
    "chrf": 47.4543361943525,
    "total_tokens": 78549,
    "avg_tokens": 892.6022727272727
}