{
    "word_level": {
        "average_accuracy": 0.35871393968820436,
        "accuracy": 0.36082474226804123
    },
    "bleu": 0.30079931020736694,
    "WER": 0.620857180173691,
    "morpheme_level": {
        "average_accuracy": 0.29184630489557667,
        "accuracy": 0.2778242677824268
    },
    "classes": {
        "stem": {
            "prec": 0.3062937062937063,
            "rec": 0.28552803129074317,
            "f1": 0.29554655870445345
        },
        "gram": {
            "prec": 0.25565610859728505,
            "rec": 0.26401869158878505,
            "f1": 0.2597701149425287
        }
    },
    "MER": 0.6274266747236774,
    "chrf": 48.91032826410223,
    "total_tokens": 79068,
    "avg_tokens": 898.5
}