{
    "word_level": {
        "average_accuracy": 0.32468878202501195,
        "accuracy": 0.3131443298969072
    },
    "bleu": 0.26865658164024353,
    "WER": 0.6446452144062438,
    "morpheme_level": {
        "average_accuracy": 0.28414014975978463,
        "accuracy": 0.2485355648535565
    },
    "classes": {
        "stem": {
            "prec": 0.2818696883852691,
            "rec": 0.25945241199478486,
            "f1": 0.2701968771215207
        },
        "gram": {
            "prec": 0.2237442922374429,
            "rec": 0.22897196261682243,
            "f1": 0.22632794457274824
        }
    },
    "MER": 0.6436016332393512,
    "chrf": 47.834769198241986,
    "total_tokens": 77621,
    "avg_tokens": 882.0568181818181
}