{
    "word_level": {
        "average_accuracy": 0.3635210645441572,
        "accuracy": 0.3089430894308943
    },
    "bleu": 0.22142992435133635,
    "WER": 0.5782879260641801,
    "morpheme_level": {
        "average_accuracy": 0.25383206817430937,
        "accuracy": 0.2046875
    },
    "classes": {
        "stem": {
            "prec": 0.23529411764705882,
            "rec": 0.22958057395143489,
            "f1": 0.23240223463687149
        },
        "gram": {
            "prec": 0.20532741398446172,
            "rec": 0.18244575936883628,
            "f1": 0.19321148825065274
        }
    },
    "MER": 0.5751059056076886,
    "chrf": 48.18992768124493,
    "total_tokens": 121225,
    "avg_tokens": 1224.4949494949494
}