{
    "word_level": {
        "average_accuracy": 0.3820393684191763,
        "accuracy": 0.31616982836495033
    },
    "bleu": 0.23958179777086058,
    "WER": 0.5901284367271912,
    "morpheme_level": {
        "average_accuracy": 0.24225275142731756,
        "accuracy": 0.18385416666666668
    },
    "classes": {
        "stem": {
            "prec": 0.21581920903954802,
            "rec": 0.2108167770419426,
            "f1": 0.21328866554997206
        },
        "gram": {
            "prec": 0.176278563656148,
            "rec": 0.15976331360946747,
            "f1": 0.16761510605276772
        }
    },
    "MER": 0.580290800862863,
    "chrf": 50.09060498176995,
    "total_tokens": 121206,
    "avg_tokens": 1224.3030303030303
}