{
    "word_level": {
        "average_accuracy": 0.3808133907181701,
        "accuracy": 0.3143631436314363
    },
    "bleu": 0.14595617353916168,
    "WER": 0.590966164785502,
    "morpheme_level": {
        "average_accuracy": 0.24901391786852534,
        "accuracy": 0.19375
    },
    "classes": {
        "stem": {
            "prec": 0.21956769055745165,
            "rec": 0.2130242825607064,
            "f1": 0.21624649859943978
        },
        "gram": {
            "prec": 0.19414316702819956,
            "rec": 0.1765285996055227,
            "f1": 0.18491735537190082
        }
    },
    "MER": 0.7642190152904903,
    "chrf": 44.63914819041847,
    "total_tokens": 126740,
    "avg_tokens": 1280.20202020202
}