{
    "word_level": {
        "average_accuracy": 0.5236095561526596,
        "accuracy": 0.5021551724137931
    },
    "bleu": 0.2840920969644803,
    "WER": 0.47721083992635743,
    "morpheme_level": {
        "average_accuracy": 0.44229386513869273,
        "accuracy": 0.36034618410700237
    },
    "classes": {
        "stem": {
            "prec": 0.4081041968162084,
            "rec": 0.3988684582743989,
            "f1": 0.4034334763948498
        },
        "gram": {
            "prec": 0.4,
            "rec": 0.3120567375886525,
            "f1": 0.350597609561753
        }
    },
    "MER": 0.4620551562900702,
    "chrf": 53.663386107792945,
    "total_tokens": 116400,
    "avg_tokens": 501.7241379310345
}