{
    "word_level": {
        "average_accuracy": 0.47903185176892066,
        "accuracy": 0.46120689655172414
    },
    "bleu": 0.23821371313577222,
    "WER": 0.516946248196248,
    "morpheme_level": {
        "average_accuracy": 0.42358107649055937,
        "accuracy": 0.3627065302911094
    },
    "classes": {
        "stem": {
            "prec": 0.4244604316546763,
            "rec": 0.41725601131541723,
            "f1": 0.42082738944365194
        },
        "gram": {
            "prec": 0.35853131749460043,
            "rec": 0.29432624113475175,
            "f1": 0.323271665043817
        }
    },
    "MER": 0.5222660421475076,
    "chrf": 51.497570042723986,
    "total_tokens": 116521,
    "avg_tokens": 502.24568965517244
}