{
    "word_level": {
        "average_accuracy": 0.4911743668209188,
        "accuracy": 0.48060344827586204
    },
    "bleu": 0.26158987325480876,
    "WER": 0.5155573593073591,
    "morpheme_level": {
        "average_accuracy": 0.43607227303347995,
        "accuracy": 0.37214791502753736
    },
    "classes": {
        "stem": {
            "prec": 0.4267241379310345,
            "rec": 0.4200848656294201,
            "f1": 0.4233784746970777
        },
        "gram": {
            "prec": 0.39111111111111113,
            "rec": 0.3120567375886525,
            "f1": 0.34714003944773175
        }
    },
    "MER": 0.4956141679202026,
    "chrf": 51.90755074305938,
    "total_tokens": 115699,
    "avg_tokens": 498.70258620689657
}