{
    "word_level": {
        "average_accuracy": 0.5093325496342738,
        "accuracy": 0.5
    },
    "bleu": 0.27231629738317376,
    "WER": 0.4954441272329203,
    "morpheme_level": {
        "average_accuracy": 0.44425754441918225,
        "accuracy": 0.38630999213217937
    },
    "classes": {
        "stem": {
            "prec": 0.4341534008683068,
            "rec": 0.4243281471004243,
            "f1": 0.42918454935622313
        },
        "gram": {
            "prec": 0.4263392857142857,
            "rec": 0.33865248226950356,
            "f1": 0.37747035573122534
        }
    },
    "MER": 0.4723636038291211,
    "chrf": 52.939051532390835,
    "total_tokens": 117043,
    "avg_tokens": 504.49568965517244
}