{
    "word_level": {
        "average_accuracy": 0.5008936346220828,
        "accuracy": 0.49137931034482757
    },
    "bleu": 0.2529183086828749,
    "WER": 0.49864112180922543,
    "morpheme_level": {
        "average_accuracy": 0.4170530977643045,
        "accuracy": 0.3619197482297404
    },
    "classes": {
        "stem": {
            "prec": 0.4227994227994228,
            "rec": 0.4144271570014144,
            "f1": 0.4185714285714286
        },
        "gram": {
            "prec": 0.37028824833702884,
            "rec": 0.29609929078014185,
            "f1": 0.32906403940886697
        }
    },
    "MER": 0.4842745496840326,
    "chrf": 51.969927895896106,
    "total_tokens": 116699,
    "avg_tokens": 503.01293103448273
}