{
    "word_level": {
        "average_accuracy": 0.22411787947502232,
        "accuracy": 0.19072164948453607
    },
    "bleu": 0.1113391346333201,
    "WER": 0.7191768879268882,
    "morpheme_level": {
        "average_accuracy": 0.21449152459052753,
        "accuracy": 0.1804635761589404
    },
    "classes": {
        "stem": {
            "prec": 0.16494845360824742,
            "rec": 0.15458937198067632,
            "f1": 0.1596009975062344
        },
        "gram": {
            "prec": 0.24444444444444444,
            "rec": 0.19395465994962216,
            "f1": 0.21629213483146065
        }
    },
    "MER": 0.6584257434194806,
    "chrf": 32.78543227984858,
    "total_tokens": 237066,
    "avg_tokens": 5644.428571428572
}