{
    "word_level": {
        "average_accuracy": 0.18507996632996634,
        "accuracy": 0.16237113402061856
    },
    "bleu": 0.10037624873639457,
    "WER": 0.7464558537396883,
    "morpheme_level": {
        "average_accuracy": 0.19115131390000148,
        "accuracy": 0.17052980132450332
    },
    "classes": {
        "stem": {
            "prec": 0.17258883248730963,
            "rec": 0.1642512077294686,
            "f1": 0.1683168316831683
        },
        "gram": {
            "prec": 0.2072072072072072,
            "rec": 0.17380352644836272,
            "f1": 0.18904109589041096
        }
    },
    "MER": 0.6855496254213678,
    "chrf": 33.25474044920237,
    "total_tokens": 237175,
    "avg_tokens": 5647.023809523809
}