{
    "word_level": {
        "average_accuracy": 0.23976949498566036,
        "accuracy": 0.20618556701030927
    },
    "bleu": 0.11854339550863167,
    "WER": 0.7076919390829166,
    "morpheme_level": {
        "average_accuracy": 0.20887902784860657,
        "accuracy": 0.18543046357615894
    },
    "classes": {
        "stem": {
            "prec": 0.195,
            "rec": 0.18840579710144928,
            "f1": 0.19164619164619162
        },
        "gram": {
            "prec": 0.2267080745341615,
            "rec": 0.18387909319899245,
            "f1": 0.20305980528511822
        }
    },
    "MER": 0.6839088922322681,
    "chrf": 34.105223298885115,
    "total_tokens": 237114,
    "avg_tokens": 5645.571428571428
}