{
    "word_level": {
        "average_accuracy": 0.24436605583222124,
        "accuracy": 0.2268041237113402
    },
    "bleu": 0.12813111823874948,
    "WER": 0.7377720771987691,
    "morpheme_level": {
        "average_accuracy": 0.220028133680297,
        "accuracy": 0.19370860927152317
    },
    "classes": {
        "stem": {
            "prec": 0.17647058823529413,
            "rec": 0.17391304347826086,
            "f1": 0.1751824817518248
        },
        "gram": {
            "prec": 0.23410404624277456,
            "rec": 0.2040302267002519,
            "f1": 0.2180349932705249
        }
    },
    "MER": 0.698473722866563,
    "chrf": 34.83874480805444,
    "total_tokens": 102057,
    "avg_tokens": 2429.9285714285716
}