{
    "word_level": {
        "average_accuracy": 0.23943069253219634,
        "accuracy": 0.23195876288659795
    },
    "bleu": 0.11846086297907121,
    "WER": 0.7525013833284511,
    "morpheme_level": {
        "average_accuracy": 0.22195127100956472,
        "accuracy": 0.20033112582781457
    },
    "classes": {
        "stem": {
            "prec": 0.2037914691943128,
            "rec": 0.20772946859903382,
            "f1": 0.20574162679425836
        },
        "gram": {
            "prec": 0.2314540059347181,
            "rec": 0.1964735516372796,
            "f1": 0.2125340599455041
        }
    },
    "MER": 0.6861372288180225,
    "chrf": 35.13537643999396,
    "total_tokens": 102295,
    "avg_tokens": 2435.595238095238
}