{
    "word_level": {
        "average_accuracy": 0.2486315445901912,
        "accuracy": 0.22938144329896906
    },
    "bleu": 0.13797381543389084,
    "WER": 0.7358695033037138,
    "morpheme_level": {
        "average_accuracy": 0.21608783405506665,
        "accuracy": 0.19701986754966888
    },
    "classes": {
        "stem": {
            "prec": 0.1895734597156398,
            "rec": 0.1932367149758454,
            "f1": 0.19138755980861244
        },
        "gram": {
            "prec": 0.23652694610778444,
            "rec": 0.19899244332493704,
            "f1": 0.2161422708618331
        }
    },
    "MER": 0.6927627241627198,
    "chrf": 36.031447937097575,
    "total_tokens": 102812,
    "avg_tokens": 2447.904761904762
}