{
    "word_level": {
        "average_accuracy": 0.40148862490105786,
        "accuracy": 0.3956185567010309
    },
    "bleu": 0.368526428937912,
    "WER": 0.541309959241109,
    "morpheme_level": {
        "average_accuracy": 0.3520164673159501,
        "accuracy": 0.3079497907949791
    },
    "classes": {
        "stem": {
            "prec": 0.34202898550724636,
            "rec": 0.3076923076923077,
            "f1": 0.32395332875772137
        },
        "gram": {
            "prec": 0.30484988452655887,
            "rec": 0.308411214953271,
            "f1": 0.30662020905923343
        }
    },
    "MER": 0.5090459362840101,
    "chrf": 53.508830440151755,
    "total_tokens": 190626,
    "avg_tokens": 2166.2045454545455
}