{
    "word_level": {
        "average_accuracy": 0.40875275172567954,
        "accuracy": 0.422680412371134
    },
    "bleu": 0.3750367760658264,
    "WER": 0.5475247265771997,
    "morpheme_level": {
        "average_accuracy": 0.3382183874477359,
        "accuracy": 0.300418410041841
    },
    "classes": {
        "stem": {
            "prec": 0.33236574746008707,
            "rec": 0.2985658409387223,
            "f1": 0.31456043956043955
        },
        "gram": {
            "prec": 0.2947845804988662,
            "rec": 0.3037383177570093,
            "f1": 0.2991944764096663
        }
    },
    "MER": 0.53606457808435,
    "chrf": 54.73618084942018,
    "total_tokens": 190555,
    "avg_tokens": 2165.3977272727275
}