{
    "word_level": {
        "average_accuracy": 0.4228665242034225,
        "accuracy": 0.4213917525773196
    },
    "bleu": 0.3998390752563954,
    "WER": 0.5216312883842965,
    "morpheme_level": {
        "average_accuracy": 0.36422344052498146,
        "accuracy": 0.3196652719665272
    },
    "classes": {
        "stem": {
            "prec": 0.36903039073806077,
            "rec": 0.3324641460234681,
            "f1": 0.3497942386831276
        },
        "gram": {
            "prec": 0.2967289719626168,
            "rec": 0.2967289719626168,
            "f1": 0.2967289719626168
        }
    },
    "MER": 0.4886173424847611,
    "chrf": 55.89562898057263,
    "total_tokens": 190697,
    "avg_tokens": 2167.0113636363635
}