{
    "word_level": {
        "average_accuracy": 0.4301685823911758,
        "accuracy": 0.4587628865979381
    },
    "bleu": 0.40154597802968156,
    "WER": 0.5294490307190843,
    "morpheme_level": {
        "average_accuracy": 0.36018203349771744,
        "accuracy": 0.33305439330543934
    },
    "classes": {
        "stem": {
            "prec": 0.3680456490727532,
            "rec": 0.3363754889178618,
            "f1": 0.35149863760217986
        },
        "gram": {
            "prec": 0.32710280373831774,
            "rec": 0.32710280373831774,
            "f1": 0.32710280373831774
        }
    },
    "MER": 0.49737573130331025,
    "chrf": 56.649436683585776,
    "total_tokens": 190706,
    "avg_tokens": 2167.1136363636365
}