{
    "word_level": {
        "average_accuracy": 0.41234177297847086,
        "accuracy": 0.40850515463917525
    },
    "bleu": 0.3705940246582031,
    "WER": 0.5395765127633444,
    "morpheme_level": {
        "average_accuracy": 0.3368499957384351,
        "accuracy": 0.28619246861924685
    },
    "classes": {
        "stem": {
            "prec": 0.3371757925072046,
            "rec": 0.3050847457627119,
            "f1": 0.3203285420944558
        },
        "gram": {
            "prec": 0.2517482517482518,
            "rec": 0.2523364485981308,
            "f1": 0.2520420070011668
        }
    },
    "MER": 0.5196952097675079,
    "chrf": 54.518095548726265,
    "total_tokens": 191159,
    "avg_tokens": 2172.2613636363635
}