{
    "word_level": {
        "average_accuracy": 0.45665902605119946,
        "accuracy": 0.3983739837398374
    },
    "bleu": 0.3353680541896839,
    "WER": 0.48296482670808777,
    "morpheme_level": {
        "average_accuracy": 0.33245448609867817,
        "accuracy": 0.2682291666666667
    },
    "classes": {
        "stem": {
            "prec": 0.30275229357798167,
            "rec": 0.2913907284768212,
            "f1": 0.296962879640045
        },
        "gram": {
            "prec": 0.27135135135135136,
            "rec": 0.24753451676528598,
            "f1": 0.25889633831872105
        }
    },
    "MER": 0.4712647639806199,
    "chrf": 56.7993015927199,
    "total_tokens": 305070,
    "avg_tokens": 3081.5151515151515
}