{
    "word_level": {
        "average_accuracy": 0.4358076708462811,
        "accuracy": 0.3748870822041554
    },
    "bleu": 0.3535215224127439,
    "WER": 0.46906656353724685,
    "morpheme_level": {
        "average_accuracy": 0.3180000801864089,
        "accuracy": 0.2604166666666667
    },
    "classes": {
        "stem": {
            "prec": 0.2972665148063781,
            "rec": 0.28807947019867547,
            "f1": 0.2926008968609865
        },
        "gram": {
            "prec": 0.2537154989384289,
            "rec": 0.2357001972386588,
            "f1": 0.2443762781186094
        }
    },
    "MER": 0.4506294312643649,
    "chrf": 58.04050051601956,
    "total_tokens": 305395,
    "avg_tokens": 3084.7979797979797
}