{
    "word_level": {
        "average_accuracy": 0.44609578439813574,
        "accuracy": 0.38482384823848237
    },
    "bleu": 0.3381854997909241,
    "WER": 0.4823177606683148,
    "morpheme_level": {
        "average_accuracy": 0.3346801495634275,
        "accuracy": 0.27708333333333335
    },
    "classes": {
        "stem": {
            "prec": 0.2981859410430839,
            "rec": 0.2902869757174393,
            "f1": 0.2941834451901566
        },
        "gram": {
            "prec": 0.29239130434782606,
            "rec": 0.26528599605522685,
            "f1": 0.27817993795243023
        }
    },
    "MER": 0.45598898814801997,
    "chrf": 57.29866332431522,
    "total_tokens": 303333,
    "avg_tokens": 3063.969696969697
}