{
    "word_level": {
        "average_accuracy": 0.5337396439767129,
        "accuracy": 0.5474137931034483
    },
    "bleu": 0.3765637651216644,
    "WER": 0.44375932975070914,
    "morpheme_level": {
        "average_accuracy": 0.5041368832317109,
        "accuracy": 0.4618410700236035
    },
    "classes": {
        "stem": {
            "prec": 0.48735955056179775,
            "rec": 0.4908062234794908,
            "f1": 0.48907681465821
        },
        "gram": {
            "prec": 0.5286343612334802,
            "rec": 0.425531914893617,
            "f1": 0.4715127701375246
        }
    },
    "MER": 0.4420385648833924,
    "chrf": 59.00024081773581,
    "total_tokens": 244461,
    "avg_tokens": 1053.7112068965516
}