{
    "word_level": {
        "average_accuracy": 0.5410264902721797,
        "accuracy": 0.5484913793103449
    },
    "bleu": 0.35078657078844094,
    "WER": 0.4362295989451165,
    "morpheme_level": {
        "average_accuracy": 0.5066822066822068,
        "accuracy": 0.4555468135326515
    },
    "classes": {
        "stem": {
            "prec": 0.5,
            "rec": 0.5063649222065064,
            "f1": 0.5031623330990865
        },
        "gram": {
            "prec": 0.4773218142548596,
            "rec": 0.39184397163120566,
            "f1": 0.430379746835443
        }
    },
    "MER": 0.4234717509501992,
    "chrf": 58.0137401931789,
    "total_tokens": 244619,
    "avg_tokens": 1054.3922413793102
}