{
    "word_level": {
        "average_accuracy": 0.5437759678061401,
        "accuracy": 0.5484913793103449
    },
    "bleu": 0.3574187298487478,
    "WER": 0.4420933472657611,
    "morpheme_level": {
        "average_accuracy": 0.5093855737174702,
        "accuracy": 0.45476003147128247
    },
    "classes": {
        "stem": {
            "prec": 0.4915254237288136,
            "rec": 0.49222065063649223,
            "f1": 0.49187279151943464
        },
        "gram": {
            "prec": 0.5054945054945055,
            "rec": 0.4078014184397163,
            "f1": 0.45142296368989204
        }
    },
    "MER": 0.4308226974175252,
    "chrf": 57.881821999578605,
    "total_tokens": 244026,
    "avg_tokens": 1051.8362068965516
}