{
    "word_level": {
        "average_accuracy": 0.5447615004727072,
        "accuracy": 0.5506465517241379
    },
    "bleu": 0.35389428094693987,
    "WER": 0.4364284781310646,
    "morpheme_level": {
        "average_accuracy": 0.4920398686562479,
        "accuracy": 0.45476003147128247
    },
    "classes": {
        "stem": {
            "prec": 0.49145299145299143,
            "rec": 0.48797736916548795,
            "f1": 0.489709013484741
        },
        "gram": {
            "prec": 0.5054229934924078,
            "rec": 0.41312056737588654,
            "f1": 0.4546341463414634
        }
    },
    "MER": 0.4395215835409802,
    "chrf": 57.892592080321606,
    "total_tokens": 244772,
    "avg_tokens": 1055.051724137931
}