{
    "word_level": {
        "average_accuracy": 0.5503528200726476,
        "accuracy": 0.5538793103448276
    },
    "bleu": 0.3640428505891989,
    "WER": 0.42661373588097756,
    "morpheme_level": {
        "average_accuracy": 0.5052438282502938,
        "accuracy": 0.45869394177812745
    },
    "classes": {
        "stem": {
            "prec": 0.4978540772532189,
            "rec": 0.49222065063649223,
            "f1": 0.4950213371266003
        },
        "gram": {
            "prec": 0.5032119914346895,
            "rec": 0.4166666666666667,
            "f1": 0.4558680892337536
        }
    },
    "MER": 0.43492687867687885,
    "chrf": 58.699531801178985,
    "total_tokens": 244421,
    "avg_tokens": 1053.5387931034484
}