{
    "word_level": {
        "average_accuracy": 0.1830760839689411,
        "accuracy": 0.15463917525773196
    },
    "bleu": 0.0774264085300867,
    "WER": 0.7815916052758161,
    "morpheme_level": {
        "average_accuracy": 0.1725639475277717,
        "accuracy": 0.1423841059602649
    },
    "classes": {
        "stem": {
            "prec": 0.11961722488038277,
            "rec": 0.12077294685990338,
            "f1": 0.1201923076923077
        },
        "gram": {
            "prec": 0.18597560975609756,
            "rec": 0.15365239294710328,
            "f1": 0.16827586206896555
        }
    },
    "MER": 0.737247576818628,
    "chrf": 31.061929326763067,
    "total_tokens": 111738,
    "avg_tokens": 2660.4285714285716
}