{
    "word_level": {
        "average_accuracy": 0.17563947296090154,
        "accuracy": 0.14948453608247422
    },
    "bleu": 0.08410480004600128,
    "WER": 0.7696040018878365,
    "morpheme_level": {
        "average_accuracy": 0.20014532812568508,
        "accuracy": 0.16390728476821192
    },
    "classes": {
        "stem": {
            "prec": 0.1179245283018868,
            "rec": 0.12077294685990338,
            "f1": 0.11933174224343673
        },
        "gram": {
            "prec": 0.25084745762711863,
            "rec": 0.18639798488664988,
            "f1": 0.2138728323699422
        }
    },
    "MER": 0.7134473067356252,
    "chrf": 30.627747881263446,
    "total_tokens": 111530,
    "avg_tokens": 2655.4761904761904
}