{
    "word_level": {
        "average_accuracy": 0.18501382876382877,
        "accuracy": 0.15979381443298968
    },
    "bleu": 0.08455153104187901,
    "WER": 0.7764103621246479,
    "morpheme_level": {
        "average_accuracy": 0.20947770316046568,
        "accuracy": 0.1837748344370861
    },
    "classes": {
        "stem": {
            "prec": 0.17857142857142858,
            "rec": 0.16908212560386474,
            "f1": 0.17369727047146402
        },
        "gram": {
            "prec": 0.2275449101796407,
            "rec": 0.19143576826196473,
            "f1": 0.20793433652530777
        }
    },
    "MER": 0.7102629612496586,
    "chrf": 30.849141528844914,
    "total_tokens": 112308,
    "avg_tokens": 2674.0
}