{
    "word_level": {
        "average_accuracy": 0.14987103180619224,
        "accuracy": 0.1559278350515464
    },
    "bleu": 0.11850901693105698,
    "WER": 0.8289586258837595,
    "morpheme_level": {
        "average_accuracy": 0.1376136631920476,
        "accuracy": 0.13305439330543933
    },
    "classes": {
        "stem": {
            "prec": 0.16444444444444445,
            "rec": 0.14471968709256844,
            "f1": 0.15395284327323164
        },
        "gram": {
            "prec": 0.11009174311926606,
            "rec": 0.11214953271028037,
            "f1": 0.1111111111111111
        }
    },
    "MER": 0.8537951857191758,
    "chrf": 32.40759848906776,
    "total_tokens": 255698,
    "avg_tokens": 2905.659090909091
}