{
    "word_level": {
        "average_accuracy": 0.14665802378034998,
        "accuracy": 0.13788659793814434
    },
    "bleu": 0.11994753777980804,
    "WER": 0.8119665101533414,
    "morpheme_level": {
        "average_accuracy": 0.13969789582062658,
        "accuracy": 0.11129707112970712
    },
    "classes": {
        "stem": {
            "prec": 0.1430678466076696,
            "rec": 0.12646675358539766,
            "f1": 0.13425605536332177
        },
        "gram": {
            "prec": 0.08352668213457076,
            "rec": 0.08411214953271028,
            "f1": 0.0838183934807916
        }
    },
    "MER": 0.8808218320415758,
    "chrf": 32.980685699584185,
    "total_tokens": 258745,
    "avg_tokens": 2940.284090909091
}