{
    "word_level": {
        "average_accuracy": 0.12758119242912022,
        "accuracy": 0.12628865979381443
    },
    "bleu": 0.10759530961513519,
    "WER": 0.8181853320556528,
    "morpheme_level": {
        "average_accuracy": 0.11565794337228685,
        "accuracy": 0.10125523012552301
    },
    "classes": {
        "stem": {
            "prec": 0.12152269399707175,
            "rec": 0.10821382007822686,
            "f1": 0.11448275862068966
        },
        "gram": {
            "prec": 0.08520179372197309,
            "rec": 0.08878504672897196,
            "f1": 0.08695652173913045
        }
    },
    "MER": 0.8614262315283461,
    "chrf": 32.41306958196953,
    "total_tokens": 254806,
    "avg_tokens": 2895.5227272727275
}