{
    "word_level": {
        "average_accuracy": 0.267473024646085,
        "accuracy": 0.23125564588979222
    },
    "bleu": 0.13838294696999245,
    "WER": 0.647866060340556,
    "morpheme_level": {
        "average_accuracy": 0.1974965956914497,
        "accuracy": 0.165625
    },
    "classes": {
        "stem": {
            "prec": 0.19004524886877827,
            "rec": 0.18543046357615894,
            "f1": 0.18770949720670388
        },
        "gram": {
            "prec": 0.18541409147095178,
            "rec": 0.14792899408284024,
            "f1": 0.16456390565002743
        }
    },
    "MER": 0.6255936053297553,
    "chrf": 41.834714797384706,
    "total_tokens": 439672,
    "avg_tokens": 4441.131313131313
}