{
    "word_level": {
        "average_accuracy": 0.24019867590488006,
        "accuracy": 0.1915085817524842
    },
    "bleu": 0.12049203055782524,
    "WER": 0.6773029268136153,
    "morpheme_level": {
        "average_accuracy": 0.17662139674062566,
        "accuracy": 0.1375
    },
    "classes": {
        "stem": {
            "prec": 0.16380297823596793,
            "rec": 0.15783664459161148,
            "f1": 0.16076447442383363
        },
        "gram": {
            "prec": 0.14387633769322236,
            "rec": 0.11932938856015779,
            "f1": 0.13045822102425877
        }
    },
    "MER": 0.6580148505505583,
    "chrf": 40.55691038658938,
    "total_tokens": 442812,
    "avg_tokens": 4472.848484848485
}