{
    "word_level": {
        "average_accuracy": 0.25853795035439997,
        "accuracy": 0.2240289069557362
    },
    "bleu": 0.14861818131714347,
    "WER": 0.672817913588942,
    "morpheme_level": {
        "average_accuracy": 0.17911235716778026,
        "accuracy": 0.14791666666666667
    },
    "classes": {
        "stem": {
            "prec": 0.18742724097788127,
            "rec": 0.17770419426048564,
            "f1": 0.18243626062322948
        },
        "gram": {
            "prec": 0.1453900709219858,
            "rec": 0.12130177514792899,
            "f1": 0.132258064516129
        }
    },
    "MER": 0.659278015304707,
    "chrf": 42.077099749485726,
    "total_tokens": 444225,
    "avg_tokens": 4487.121212121212
}