{
    "word_level": {
        "average_accuracy": 0.36268177464298174,
        "accuracy": 0.31788793103448276
    },
    "bleu": 0.1098146159530191,
    "WER": 0.6692455652584961,
    "morpheme_level": {
        "average_accuracy": 0.34903276201767597,
        "accuracy": 0.2769472856018883
    },
    "classes": {
        "stem": {
            "prec": 0.3101983002832861,
            "rec": 0.30975954738330974,
            "f1": 0.3099787685774946
        },
        "gram": {
            "prec": 0.3114754098360656,
            "rec": 0.23581560283687944,
            "f1": 0.2684157416750757
        }
    },
    "MER": 0.6169795063652821,
    "chrf": 39.973346077573716,
    "total_tokens": 397888,
    "avg_tokens": 1715.0344827586207
}