{
    "word_level": {
        "average_accuracy": 0.33401471612678535,
        "accuracy": 0.3275862068965517
    },
    "bleu": 0.13597179458017122,
    "WER": 0.6840459707916603,
    "morpheme_level": {
        "average_accuracy": 0.2948286328135468,
        "accuracy": 0.26042486231313927
    },
    "classes": {
        "stem": {
            "prec": 0.30174927113702626,
            "rec": 0.2927864214992928,
            "f1": 0.29720028715003594
        },
        "gram": {
            "prec": 0.30170316301703165,
            "rec": 0.2198581560283688,
            "f1": 0.25435897435897437
        }
    },
    "MER": 0.6391087779557612,
    "chrf": 40.78997334636864,
    "total_tokens": 398454,
    "avg_tokens": 1717.4741379310344
}