{
    "word_level": {
        "average_accuracy": 0.34473397770811587,
        "accuracy": 0.32004310344827586
    },
    "bleu": 0.1222740068386744,
    "WER": 0.6548401191720159,
    "morpheme_level": {
        "average_accuracy": 0.312831612831613,
        "accuracy": 0.26357199055861524
    },
    "classes": {
        "stem": {
            "prec": 0.3183139534883721,
            "rec": 0.30975954738330974,
            "f1": 0.31397849462365596
        },
        "gram": {
            "prec": 0.26605504587155965,
            "rec": 0.20567375886524822,
            "f1": 0.23199999999999998
        }
    },
    "MER": 0.6390648384182867,
    "chrf": 40.107072145573476,
    "total_tokens": 399323,
    "avg_tokens": 1721.219827586207
}