{
    "word_level": {
        "average_accuracy": 0.2074533149251194,
        "accuracy": 0.17783505154639176
    },
    "bleu": 0.07239991733260624,
    "WER": 0.761469849768722,
    "morpheme_level": {
        "average_accuracy": 0.18769969170522985,
        "accuracy": 0.1490066225165563
    },
    "classes": {
        "stem": {
            "prec": 0.15865384615384615,
            "rec": 0.15942028985507245,
            "f1": 0.15903614457831325
        },
        "gram": {
            "prec": 0.16913946587537093,
            "rec": 0.14357682619647355,
            "f1": 0.15531335149863762
        }
    },
    "MER": 0.7128841976192294,
    "chrf": 33.441757534596036,
    "total_tokens": 50721,
    "avg_tokens": 1207.642857142857
}