{
    "word_level": {
        "average_accuracy": 0.1922419233509459,
        "accuracy": 0.17525773195876287
    },
    "bleu": 0.08596534019267613,
    "WER": 0.7653986833968037,
    "morpheme_level": {
        "average_accuracy": 0.19347556341119215,
        "accuracy": 0.16390728476821192
    },
    "classes": {
        "stem": {
            "prec": 0.18085106382978725,
            "rec": 0.1642512077294686,
            "f1": 0.17215189873417722
        },
        "gram": {
            "prec": 0.18309859154929578,
            "rec": 0.163727959697733,
            "f1": 0.1728723404255319
        }
    },
    "MER": 0.726661522094308,
    "chrf": 33.48060511973905,
    "total_tokens": 50138,
    "avg_tokens": 1193.7619047619048
}