{
    "word_level": {
        "average_accuracy": 0.21806864292766542,
        "accuracy": 0.19329896907216496
    },
    "bleu": 0.10208550840616226,
    "WER": 0.7757693973389462,
    "morpheme_level": {
        "average_accuracy": 0.20323713805219681,
        "accuracy": 0.17218543046357615
    },
    "classes": {
        "stem": {
            "prec": 0.1724137931034483,
            "rec": 0.16908212560386474,
            "f1": 0.17073170731707318
        },
        "gram": {
            "prec": 0.19658119658119658,
            "rec": 0.17380352644836272,
            "f1": 0.18449197860962568
        }
    },
    "MER": 0.7182401913532314,
    "chrf": 34.70286237857037,
    "total_tokens": 50735,
    "avg_tokens": 1207.9761904761904
}