{
    "word_level": {
        "average_accuracy": 0.3736507189214409,
        "accuracy": 0.3801546391752577
    },
    "bleu": 0.3314225375652313,
    "WER": 0.5805614171673663,
    "morpheme_level": {
        "average_accuracy": 0.32513146295777173,
        "accuracy": 0.302928870292887
    },
    "classes": {
        "stem": {
            "prec": 0.33146067415730335,
            "rec": 0.3076923076923077,
            "f1": 0.3191345503718728
        },
        "gram": {
            "prec": 0.2909930715935335,
            "rec": 0.29439252336448596,
            "f1": 0.29268292682926833
        }
    },
    "MER": 0.5563240538935375,
    "chrf": 52.09264216821863,
    "total_tokens": 127992,
    "avg_tokens": 1454.4545454545455
}