{
    "word_level": {
        "average_accuracy": 0.3758680190832596,
        "accuracy": 0.3788659793814433
    },
    "bleu": 0.3291279077529907,
    "WER": 0.5808078346514177,
    "morpheme_level": {
        "average_accuracy": 0.30300048937898993,
        "accuracy": 0.26359832635983266
    },
    "classes": {
        "stem": {
            "prec": 0.28929068150208626,
            "rec": 0.2711864406779661,
            "f1": 0.27994616419919244
        },
        "gram": {
            "prec": 0.25235849056603776,
            "rec": 0.25,
            "f1": 0.2511737089201878
        }
    },
    "MER": 0.5722054810755381,
    "chrf": 52.05407667309537,
    "total_tokens": 126868,
    "avg_tokens": 1441.6818181818182
}