{
    "word_level": {
        "average_accuracy": 0.4139203752589447,
        "accuracy": 0.4097938144329897
    },
    "bleu": 0.350292444229126,
    "WER": 0.5557752764972016,
    "morpheme_level": {
        "average_accuracy": 0.3560620806436842,
        "accuracy": 0.3313807531380753
    },
    "classes": {
        "stem": {
            "prec": 0.36258992805755397,
            "rec": 0.3285528031290743,
            "f1": 0.3447332421340629
        },
        "gram": {
            "prec": 0.32505643340857787,
            "rec": 0.3364485981308411,
            "f1": 0.33065442020665897
        }
    },
    "MER": 0.552659480973494,
    "chrf": 53.22056222258574,
    "total_tokens": 127230,
    "avg_tokens": 1445.7954545454545
}