{
    "word_level": {
        "average_accuracy": 0.38167018613564924,
        "accuracy": 0.3170731707317073
    },
    "bleu": 0.307149298721228,
    "WER": 0.5300090096478584,
    "morpheme_level": {
        "average_accuracy": 0.25409164596702505,
        "accuracy": 0.2234375
    },
    "classes": {
        "stem": {
            "prec": 0.24475524475524477,
            "rec": 0.23178807947019867,
            "f1": 0.2380952380952381
        },
        "gram": {
            "prec": 0.23125659978880675,
            "rec": 0.21597633136094674,
            "f1": 0.22335543090260068
        }
    },
    "MER": 0.52638277736504,
    "chrf": 54.90193736747073,
    "total_tokens": 207679,
    "avg_tokens": 2097.7676767676767
}