{
    "word_level": {
        "average_accuracy": 0.41010041339692443,
        "accuracy": 0.35772357723577236
    },
    "bleu": 0.29448794945628803,
    "WER": 0.517699169700121,
    "morpheme_level": {
        "average_accuracy": 0.3023131024768113,
        "accuracy": 0.2604166666666667
    },
    "classes": {
        "stem": {
            "prec": 0.2885514018691589,
            "rec": 0.2726269315673289,
            "f1": 0.28036322360953464
        },
        "gram": {
            "prec": 0.2735135135135135,
            "rec": 0.2495069033530572,
            "f1": 0.26095925734914904
        }
    },
    "MER": 0.5136121700219953,
    "chrf": 53.62425397941458,
    "total_tokens": 207284,
    "avg_tokens": 2093.777777777778
}