{
    "word_level": {
        "average_accuracy": 0.39804044427253815,
        "accuracy": 0.34146341463414637
    },
    "bleu": 0.28640198602761263,
    "WER": 0.5335840564384235,
    "morpheme_level": {
        "average_accuracy": 0.28829820112410526,
        "accuracy": 0.23697916666666666
    },
    "classes": {
        "stem": {
            "prec": 0.26077097505668934,
            "rec": 0.25386313465783666,
            "f1": 0.2572706935123043
        },
        "gram": {
            "prec": 0.24115755627009647,
            "rec": 0.22189349112426035,
            "f1": 0.23112480739599384
        }
    },
    "MER": 0.5169336965922222,
    "chrf": 53.57716652047547,
    "total_tokens": 209031,
    "avg_tokens": 2111.4242424242425
}