{
    "word_level": {
        "average_accuracy": 0.5304846494501666,
        "accuracy": 0.521551724137931
    },
    "bleu": 0.2873282898208476,
    "WER": 0.4748468365925262,
    "morpheme_level": {
        "average_accuracy": 0.46740886627740064,
        "accuracy": 0.4004720692368214
    },
    "classes": {
        "stem": {
            "prec": 0.4522111269614836,
            "rec": 0.44837340876944837,
            "f1": 0.45028409090909094
        },
        "gram": {
            "prec": 0.43537414965986393,
            "rec": 0.3404255319148936,
            "f1": 0.382089552238806
        }
    },
    "MER": 0.4580716996126479,
    "chrf": 54.485846839029364,
    "total_tokens": 166396,
    "avg_tokens": 717.2241379310345
}