{
    "word_level": {
        "average_accuracy": 0.5398762875055977,
        "accuracy": 0.5258620689655172
    },
    "bleu": 0.33266532129621523,
    "WER": 0.46388811140966324,
    "morpheme_level": {
        "average_accuracy": 0.48022280640815107,
        "accuracy": 0.42564909520062943
    },
    "classes": {
        "stem": {
            "prec": 0.46219686162624823,
            "rec": 0.4582743988684583,
            "f1": 0.4602272727272727
        },
        "gram": {
            "prec": 0.4696969696969697,
            "rec": 0.38475177304964536,
            "f1": 0.4230019493177388
        }
    },
    "MER": 0.43960039003142465,
    "chrf": 57.246319889892625,
    "total_tokens": 167064,
    "avg_tokens": 720.1034482758621
}