{
    "word_level": {
        "average_accuracy": 0.550058621933622,
        "accuracy": 0.53125
    },
    "bleu": 0.30594686309938485,
    "WER": 0.4699000472707368,
    "morpheme_level": {
        "average_accuracy": 0.4766117024737714,
        "accuracy": 0.4051927616050354
    },
    "classes": {
        "stem": {
            "prec": 0.45702005730659023,
            "rec": 0.4512022630834512,
            "f1": 0.4540925266903914
        },
        "gram": {
            "prec": 0.4298245614035088,
            "rec": 0.3475177304964539,
            "f1": 0.3843137254901961
        }
    },
    "MER": 0.4423085415542313,
    "chrf": 56.54293927827037,
    "total_tokens": 167141,
    "avg_tokens": 720.4353448275862
}