{
    "word_level": {
        "average_accuracy": 0.017036006321720608,
        "accuracy": 0.014175257731958763
    },
    "bleu": 0.0,
    "WER": 0.9872440842365654,
    "morpheme_level": {
        "average_accuracy": 0.04108539520418114,
        "accuracy": 0.03145695364238411
    },
    "classes": {
        "stem": {
            "prec": 0.0594059405940594,
            "rec": 0.08695652173913043,
            "f1": 0.07058823529411763
        },
        "gram": {
            "prec": 0.004889975550122249,
            "rec": 0.0025188916876574307,
            "f1": 0.0033250207813798837
        }
    },
    "MER": 0.9234788175477375,
    "chrf": 100.0,
    "total_tokens": 26224,
    "avg_tokens": 312.1904761904762
}