{
    "word_level": {
        "average_accuracy": 0.02284833657014108,
        "accuracy": 0.019329896907216496
    },
    "bleu": 0.0,
    "WER": 1.0274973825255782,
    "morpheme_level": {
        "average_accuracy": 0.03883328527291998,
        "accuracy": 0.030629139072847682
    },
    "classes": {
        "stem": {
            "prec": 0.06315789473684211,
            "rec": 0.08695652173913043,
            "f1": 0.07317073170731707
        },
        "gram": {
            "prec": 0.0024390243902439024,
            "rec": 0.0012594458438287153,
            "f1": 0.0016611295681063123
        }
    },
    "MER": 0.9189158409250754,
    "chrf": 100.0,
    "total_tokens": 24281,
    "avg_tokens": 289.0595238095238
}