{
    "word_level": {
        "average_accuracy": 0.21943567432289238,
        "accuracy": 0.20103092783505155
    },
    "bleu": 0.08023047445052822,
    "WER": 0.7747906020462413,
    "morpheme_level": {
        "average_accuracy": 0.17396134916710648,
        "accuracy": 0.1490066225165563
    },
    "classes": {
        "stem": {
            "prec": 0.1658291457286432,
            "rec": 0.15942028985507245,
            "f1": 0.1625615763546798
        },
        "gram": {
            "prec": 0.1701492537313433,
            "rec": 0.14357682619647355,
            "f1": 0.15573770491803277
        }
    },
    "MER": 0.7327304039097815,
    "chrf": 32.06595386969802,
    "total_tokens": 43946,
    "avg_tokens": 1046.3333333333333
}