{
    "word_level": {
        "average_accuracy": 0.1706858461087784,
        "accuracy": 0.15721649484536082
    },
    "bleu": 0.07654144754655327,
    "WER": 0.806677927683567,
    "morpheme_level": {
        "average_accuracy": 0.1784992017701859,
        "accuracy": 0.15728476821192053
    },
    "classes": {
        "stem": {
            "prec": 0.1619047619047619,
            "rec": 0.1642512077294686,
            "f1": 0.16306954436450838
        },
        "gram": {
            "prec": 0.18429003021148035,
            "rec": 0.15365239294710328,
            "f1": 0.16758241758241757
        }
    },
    "MER": 0.7459546839967368,
    "chrf": 30.157191191650067,
    "total_tokens": 43290,
    "avg_tokens": 1030.7142857142858
}