{
    "word_level": {
        "average_accuracy": 0.1774792093871041,
        "accuracy": 0.16494845360824742
    },
    "bleu": 0.07895627620370756,
    "WER": 0.811736502150036,
    "morpheme_level": {
        "average_accuracy": 0.18447624123192735,
        "accuracy": 0.14735099337748345
    },
    "classes": {
        "stem": {
            "prec": 0.15196078431372548,
            "rec": 0.1497584541062802,
            "f1": 0.1508515815085158
        },
        "gram": {
            "prec": 0.166189111747851,
            "rec": 0.14609571788413098,
            "f1": 0.15549597855227879
        }
    },
    "MER": 0.7395217653306296,
    "chrf": 31.481197788840415,
    "total_tokens": 43526,
    "avg_tokens": 1036.3333333333333
}