{
    "word_level": {
        "average_accuracy": 0.3624978015853684,
        "accuracy": 0.37371134020618557
    },
    "bleu": 0.3227823078632355,
    "WER": 0.608415955140554,
    "morpheme_level": {
        "average_accuracy": 0.32912953738207046,
        "accuracy": 0.302928870292887
    },
    "classes": {
        "stem": {
            "prec": 0.336283185840708,
            "rec": 0.29726205997392435,
            "f1": 0.3155709342560553
        },
        "gram": {
            "prec": 0.3059360730593607,
            "rec": 0.3130841121495327,
            "f1": 0.30946882217090066
        }
    },
    "MER": 0.6042290538623744,
    "chrf": 49.9881343381502,
    "total_tokens": 103086,
    "avg_tokens": 1171.4318181818182
}