{
    "word_level": {
        "average_accuracy": 0.35246277034378637,
        "accuracy": 0.3646907216494845
    },
    "bleu": 0.32859671115875244,
    "WER": 0.5951036134358327,
    "morpheme_level": {
        "average_accuracy": 0.35191774640022594,
        "accuracy": 0.3138075313807531
    },
    "classes": {
        "stem": {
            "prec": 0.3445255474452555,
            "rec": 0.3076923076923077,
            "f1": 0.325068870523416
        },
        "gram": {
            "prec": 0.3008658008658009,
            "rec": 0.3247663551401869,
            "f1": 0.31235955056179776
        }
    },
    "MER": 0.5664903814294294,
    "chrf": 51.87204326015542,
    "total_tokens": 104056,
    "avg_tokens": 1182.4545454545455
}