{
    "word_level": {
        "average_accuracy": 0.3980590620296503,
        "accuracy": 0.4020618556701031
    },
    "bleu": 0.3539643883705139,
    "WER": 0.5745973154980507,
    "morpheme_level": {
        "average_accuracy": 0.3302119636951117,
        "accuracy": 0.28870292887029286
    },
    "classes": {
        "stem": {
            "prec": 0.3093220338983051,
            "rec": 0.28552803129074317,
            "f1": 0.29694915254237286
        },
        "gram": {
            "prec": 0.2923433874709977,
            "rec": 0.29439252336448596,
            "f1": 0.29336437718277064
        }
    },
    "MER": 0.5794908636196808,
    "chrf": 52.5990472753133,
    "total_tokens": 102520,
    "avg_tokens": 1165.0
}