{
    "word_level": {
        "average_accuracy": 0.37218131200283555,
        "accuracy": 0.3252032520325203
    },
    "bleu": 0.28374789691467966,
    "WER": 0.5576867015687983,
    "morpheme_level": {
        "average_accuracy": 0.25514588704966706,
        "accuracy": 0.20625
    },
    "classes": {
        "stem": {
            "prec": 0.24742268041237114,
            "rec": 0.23841059602649006,
            "f1": 0.24283305227655988
        },
        "gram": {
            "prec": 0.18967334035827185,
            "rec": 0.17751479289940827,
            "f1": 0.18339276617422312
        }
    },
    "MER": 0.5500723212811038,
    "chrf": 53.284705438003876,
    "total_tokens": 166511,
    "avg_tokens": 1681.9292929292928
}