{
    "word_level": {
        "average_accuracy": 0.3707723416021921,
        "accuracy": 0.3215898825654923
    },
    "bleu": 0.26481953263282776,
    "WER": 0.5974884931219215,
    "morpheme_level": {
        "average_accuracy": 0.26322248013563454,
        "accuracy": 0.22552083333333334
    },
    "classes": {
        "stem": {
            "prec": 0.24972497249724973,
            "rec": 0.25055187637969095,
            "f1": 0.25013774104683195
        },
        "gram": {
            "prec": 0.23042505592841164,
            "rec": 0.20315581854043394,
            "f1": 0.2159329140461216
        }
    },
    "MER": 0.6383064758193419,
    "chrf": 52.12060493389637,
    "total_tokens": 169504,
    "avg_tokens": 1712.1616161616162
}