{
    "word_level": {
        "average_accuracy": 0.37870015549034686,
        "accuracy": 0.32429990966576333
    },
    "bleu": 0.3120792489963952,
    "WER": 0.5448213462741014,
    "morpheme_level": {
        "average_accuracy": 0.2713466903010607,
        "accuracy": 0.21927083333333333
    },
    "classes": {
        "stem": {
            "prec": 0.2582480091012514,
            "rec": 0.25055187637969095,
            "f1": 0.25434173669467786
        },
        "gram": {
            "prec": 0.2143646408839779,
            "rec": 0.1913214990138067,
            "f1": 0.20218863991662325
        }
    },
    "MER": 0.5228194260820589,
    "chrf": 54.14184015590015,
    "total_tokens": 167297,
    "avg_tokens": 1689.8686868686868
}