{
    "word_level": {
        "average_accuracy": 0.5584274083196498,
        "accuracy": 0.5452586206896551
    },
    "bleu": 0.3675907028468775,
    "WER": 0.4626247076678111,
    "morpheme_level": {
        "average_accuracy": 0.5338400105641483,
        "accuracy": 0.47206923682140045
    },
    "classes": {
        "stem": {
            "prec": 0.5084745762711864,
            "rec": 0.5091937765205092,
            "f1": 0.508833922261484
        },
        "gram": {
            "prec": 0.507399577167019,
            "rec": 0.425531914893617,
            "f1": 0.4628736740597879
        }
    },
    "MER": 0.40945534350706775,
    "chrf": 59.89475626572267,
    "total_tokens": 163922,
    "avg_tokens": 706.5603448275862
}