{
    "word_level": {
        "average_accuracy": 0.5647377407075681,
        "accuracy": 0.5398706896551724
    },
    "bleu": 0.3495199301292734,
    "WER": 0.44222334179230754,
    "morpheme_level": {
        "average_accuracy": 0.5242024737714391,
        "accuracy": 0.45161290322580644
    },
    "classes": {
        "stem": {
            "prec": 0.49787835926449786,
            "rec": 0.49787835926449786,
            "f1": 0.49787835926449786
        },
        "gram": {
            "prec": 0.5011286681715575,
            "rec": 0.39361702127659576,
            "f1": 0.44091360476663355
        }
    },
    "MER": 0.3988470760561279,
    "chrf": 59.320435525674206,
    "total_tokens": 164394,
    "avg_tokens": 708.5948275862069
}