{
    "word_level": {
        "average_accuracy": 0.539949681544509,
        "accuracy": 0.5237068965517241
    },
    "bleu": 0.38061054702954084,
    "WER": 0.4610007090610541,
    "morpheme_level": {
        "average_accuracy": 0.5137687563872908,
        "accuracy": 0.46026750590086546
    },
    "classes": {
        "stem": {
            "prec": 0.4958100558659218,
            "rec": 0.5021216407355021,
            "f1": 0.4989458889669712
        },
        "gram": {
            "prec": 0.5145413870246085,
            "rec": 0.4078014184397163,
            "f1": 0.4549950544015826
        }
    },
    "MER": 0.42108742550552897,
    "chrf": 60.164855734214065,
    "total_tokens": 164709,
    "avg_tokens": 709.9525862068965
}