{
    "word_level": {
        "average_accuracy": 0.022523570831841505,
        "accuracy": 0.02577319587628866
    },
    "bleu": 0.0,
    "WER": 1.2172600964894205,
    "morpheme_level": {
        "average_accuracy": 0.007699707699707699,
        "accuracy": 0.006622516556291391
    },
    "classes": {
        "stem": {
            "prec": 0.008620689655172414,
            "rec": 0.01932367149758454,
            "f1": 0.011922503725782414
        },
        "gram": {
            "prec": 0.0,
            "rec": 0.0,
            "f1": 0
        }
    },
    "MER": 1.0556919939539402,
    "chrf": 9.305125615598376,
    "total_tokens": 27347,
    "avg_tokens": 651.1190476190476
}