{
    "word_level": {
        "average_accuracy": 0.022523570831841505,
        "accuracy": 0.02577319587628866
    },
    "bleu": 0.0,
    "WER": 1.2940844625995005,
    "morpheme_level": {
        "average_accuracy": 0.009022459022459023,
        "accuracy": 0.008278145695364239
    },
    "classes": {
        "stem": {
            "prec": 0.010526315789473684,
            "rec": 0.024154589371980676,
            "f1": 0.014662756598240467
        },
        "gram": {
            "prec": 0.0,
            "rec": 0.0,
            "f1": 0
        }
    },
    "MER": 1.0740985353144457,
    "chrf": 9.686642936145983,
    "total_tokens": 27517,
    "avg_tokens": 655.1666666666666
}