{
    "word_level": {
        "average_accuracy": 0.022523570831841505,
        "accuracy": 0.02577319587628866
    },
    "bleu": 0.0,
    "WER": 1.2691222554944361,
    "morpheme_level": {
        "average_accuracy": 0.010345210345210345,
        "accuracy": 0.009933774834437087
    },
    "classes": {
        "stem": {
            "prec": 0.01282051282051282,
            "rec": 0.028985507246376812,
            "f1": 0.017777777777777778
        },
        "gram": {
            "prec": 0.0,
            "rec": 0.0,
            "f1": 0
        }
    },
    "MER": 1.0645991679346434,
    "chrf": 10.42250784017668,
    "total_tokens": 27541,
    "avg_tokens": 655.7380952380952
}