{
    "word_level": {
        "average_accuracy": 0.03884801417388315,
        "accuracy": 0.03608247422680412
    },
    "bleu": 0.0,
    "WER": 1.0456215381098402,
    "morpheme_level": {
        "average_accuracy": 0.027623680479541723,
        "accuracy": 0.022594142259414227
    },
    "classes": {
        "stem": {
            "prec": 0.023255813953488372,
            "rec": 0.028683181225554105,
            "f1": 0.02568593111500292
        },
        "gram": {
            "prec": 0.028409090909090908,
            "rec": 0.011682242990654205,
            "f1": 0.016556291390728478
        }
    },
    "MER": 1.1450051856904342,
    "chrf": 12.20394738757889,
    "total_tokens": 55283,
    "avg_tokens": 628.2159090909091
}