{
    "word_level": {
        "average_accuracy": 0.03259801417388315,
        "accuracy": 0.02577319587628866
    },
    "bleu": 0.0,
    "WER": 1.0479357067843031,
    "morpheme_level": {
        "average_accuracy": 0.02407848829798591,
        "accuracy": 0.019246861924686193
    },
    "classes": {
        "stem": {
            "prec": 0.019036954087346025,
            "rec": 0.02216427640156454,
            "f1": 0.020481927710843374
        },
        "gram": {
            "prec": 0.032432432432432434,
            "rec": 0.014018691588785047,
            "f1": 0.01957585644371941
        }
    },
    "MER": 1.1548791915370336,
    "chrf": 11.543059530927465,
    "total_tokens": 55337,
    "avg_tokens": 628.8295454545455
}