{
    "word_level": {
        "average_accuracy": 0.037786055299424276,
        "accuracy": 0.028350515463917526
    },
    "bleu": 0.0,
    "WER": 1.0280898663502276,
    "morpheme_level": {
        "average_accuracy": 0.027274135243632855,
        "accuracy": 0.02092050209205021
    },
    "classes": {
        "stem": {
            "prec": 0.02132435465768799,
            "rec": 0.024771838331160364,
            "f1": 0.022919179734620022
        },
        "gram": {
            "prec": 0.030612244897959183,
            "rec": 0.014018691588785047,
            "f1": 0.019230769230769232
        }
    },
    "MER": 1.1323315750121443,
    "chrf": 12.051546073346842,
    "total_tokens": 54977,
    "avg_tokens": 624.7386363636364
}