{
    "word_level": {
        "average_accuracy": 0.057962845009284954,
        "accuracy": 0.05510388437217705
    },
    "bleu": 0.0,
    "WER": 1.05972772012888,
    "morpheme_level": {
        "average_accuracy": 0.02417089981299854,
        "accuracy": 0.018229166666666668
    },
    "classes": {
        "stem": {
            "prec": 0.02468212415856395,
            "rec": 0.03642384105960265,
            "f1": 0.029424877396344185
        },
        "gram": {
            "prec": 0.007194244604316547,
            "rec": 0.0019723865877712033,
            "f1": 0.0030959752321981426
        }
    },
    "MER": 0.9811536487288293,
    "chrf": 11.738718839711282,
    "total_tokens": 82519,
    "avg_tokens": 833.5252525252525
}