{
    "word_level": {
        "average_accuracy": 0.05859415814059809,
        "accuracy": 0.05600722673893405
    },
    "bleu": 0.0,
    "WER": 1.0533146161667561,
    "morpheme_level": {
        "average_accuracy": 0.02536748100957974,
        "accuracy": 0.019791666666666666
    },
    "classes": {
        "stem": {
            "prec": 0.02692595362752431,
            "rec": 0.039735099337748346,
            "f1": 0.032099866250557295
        },
        "gram": {
            "prec": 0.0071174377224199285,
            "rec": 0.0019723865877712033,
            "f1": 0.0030888030888030892
        }
    },
    "MER": 0.9804833377291373,
    "chrf": 11.729197077399506,
    "total_tokens": 82358,
    "avg_tokens": 831.89898989899
}