{
    "word_level": {
        "average_accuracy": 0.057527115161790404,
        "accuracy": 0.05420054200542006
    },
    "bleu": 0.0,
    "WER": 1.079807603934254,
    "morpheme_level": {
        "average_accuracy": 0.02217372117550371,
        "accuracy": 0.016145833333333335
    },
    "classes": {
        "stem": {
            "prec": 0.023378582202111614,
            "rec": 0.03421633554083885,
            "f1": 0.02777777777777778
        },
        "gram": {
            "prec": 0.0,
            "rec": 0.0,
            "f1": 0
        }
    },
    "MER": 0.9821217068465706,
    "chrf": 11.266652206478941,
    "total_tokens": 82344,
    "avg_tokens": 831.7575757575758
}