{
    "word_level": {
        "average_accuracy": 0.014800561029009306,
        "accuracy": 0.022629310344827586
    },
    "bleu": 0.0,
    "WER": 1.1702363847837982,
    "morpheme_level": {
        "average_accuracy": 0.019988990894163304,
        "accuracy": 0.02753737214791503
    },
    "classes": {
        "stem": {
            "prec": 0.035015447991761074,
            "rec": 0.04809052333804809,
            "f1": 0.04052443384982122
        },
        "gram": {
            "prec": 0.005208333333333333,
            "rec": 0.0017730496453900709,
            "f1": 0.0026455026455026454
        }
    },
    "MER": 1.2037303453251726,
    "chrf": 10.943367828822366,
    "total_tokens": 104133,
    "avg_tokens": 448.8491379310345
}