{
    "word_level": {
        "average_accuracy": 0.018852627257799674,
        "accuracy": 0.028017241379310345
    },
    "bleu": 0.0,
    "WER": 1.1308925150519975,
    "morpheme_level": {
        "average_accuracy": 0.020171309772602872,
        "accuracy": 0.029110936270653028
    },
    "classes": {
        "stem": {
            "prec": 0.03578732106339468,
            "rec": 0.04950495049504951,
            "f1": 0.04154302670623146
        },
        "gram": {
            "prec": 0.011363636363636364,
            "rec": 0.0035460992907801418,
            "f1": 0.005405405405405406
        }
    },
    "MER": 1.206436361770413,
    "chrf": 10.643832709450258,
    "total_tokens": 104141,
    "avg_tokens": 448.8836206896552
}