{
    "word_level": {
        "average_accuracy": 0.018033319649698964,
        "accuracy": 0.02693965517241379
    },
    "bleu": 0.0,
    "WER": 1.1462079228243014,
    "morpheme_level": {
        "average_accuracy": 0.02232376100910583,
        "accuracy": 0.03147128245476003
    },
    "classes": {
        "stem": {
            "prec": 0.03771661569826707,
            "rec": 0.05233380480905234,
            "f1": 0.0438388625592417
        },
        "gram": {
            "prec": 0.016574585635359115,
            "rec": 0.005319148936170213,
            "f1": 0.008053691275167784
        }
    },
    "MER": 1.207510838060407,
    "chrf": 11.326398551036874,
    "total_tokens": 104207,
    "avg_tokens": 449.1681034482759
}