{
    "word_level": {
        "average_accuracy": 0.10545058533780338,
        "accuracy": 0.10309278350515463
    },
    "bleu": 0.02948194645918435,
    "WER": 0.8919777799477048,
    "morpheme_level": {
        "average_accuracy": 0.08930810129529518,
        "accuracy": 0.08112582781456953
    },
    "classes": {
        "stem": {
            "prec": 0.09163346613545817,
            "rec": 0.1111111111111111,
            "f1": 0.10043668122270742
        },
        "gram": {
            "prec": 0.10317460317460317,
            "rec": 0.0654911838790932,
            "f1": 0.08012326656394453
        }
    },
    "MER": 0.8669862184381407,
    "chrf": 22.97113956722778,
    "total_tokens": 22177,
    "avg_tokens": 528.0238095238095
}