{
    "word_level": {
        "average_accuracy": 0.10914235444310634,
        "accuracy": 0.09020618556701031
    },
    "bleu": 0.019840778783025773,
    "WER": 0.8936586144292911,
    "morpheme_level": {
        "average_accuracy": 0.11388807004409753,
        "accuracy": 0.08774834437086093
    },
    "classes": {
        "stem": {
            "prec": 0.084,
            "rec": 0.10144927536231885,
            "f1": 0.09190371991247265
        },
        "gram": {
            "prec": 0.12075471698113208,
            "rec": 0.08060453400503778,
            "f1": 0.09667673716012085
        }
    },
    "MER": 0.8731758636225438,
    "chrf": 21.58179321762232,
    "total_tokens": 22116,
    "avg_tokens": 526.5714285714286
}