{
    "word_level": {
        "average_accuracy": 0.12550706220819002,
        "accuracy": 0.11082474226804123
    },
    "bleu": 0.028263579012894512,
    "WER": 0.8735167644942079,
    "morpheme_level": {
        "average_accuracy": 0.1105626852393327,
        "accuracy": 0.09933774834437085
    },
    "classes": {
        "stem": {
            "prec": 0.08677685950413223,
            "rec": 0.10144927536231885,
            "f1": 0.09354120267260581
        },
        "gram": {
            "prec": 0.1392857142857143,
            "rec": 0.0982367758186398,
            "f1": 0.11521418020679468
        }
    },
    "MER": 0.8193756438240885,
    "chrf": 23.69537223626993,
    "total_tokens": 22378,
    "avg_tokens": 532.8095238095239
}