{
    "word_level": {
        "average_accuracy": 0.05427704815238237,
        "accuracy": 0.055412371134020616
    },
    "bleu": 0.03101031482219696,
    "WER": 0.9722462673415216,
    "morpheme_level": {
        "average_accuracy": 0.06077621216359605,
        "accuracy": 0.05690376569037657
    },
    "classes": {
        "stem": {
            "prec": 0.08115942028985507,
            "rec": 0.07301173402868318,
            "f1": 0.07687028140013727
        },
        "gram": {
            "prec": 0.0316622691292876,
            "rec": 0.028037383177570093,
            "f1": 0.02973977695167286
        }
    },
    "MER": 1.0363345867427807,
    "chrf": 22.02646004745274,
    "total_tokens": 47367,
    "avg_tokens": 538.2613636363636
}