{
    "word_level": {
        "average_accuracy": 0.05260735960936496,
        "accuracy": 0.03865979381443299
    },
    "bleu": 0.015824591740965843,
    "WER": 0.9788430428721203,
    "morpheme_level": {
        "average_accuracy": 0.06382131095858928,
        "accuracy": 0.04435146443514645
    },
    "classes": {
        "stem": {
            "prec": 0.06466165413533835,
            "rec": 0.0560625814863103,
            "f1": 0.06005586592178771
        },
        "gram": {
            "prec": 0.02512562814070352,
            "rec": 0.02336448598130841,
            "f1": 0.024213075060532687
        }
    },
    "MER": 1.0290950999595105,
    "chrf": 21.71680118528334,
    "total_tokens": 48479,
    "avg_tokens": 550.8977272727273
}