{
    "word_level": {
        "average_accuracy": 0.03692422517623052,
        "accuracy": 0.03479381443298969
    },
    "bleu": 0.0,
    "WER": 0.9882256577861525,
    "morpheme_level": {
        "average_accuracy": 0.06048165350418728,
        "accuracy": 0.05774058577405858
    },
    "classes": {
        "stem": {
            "prec": 0.07518796992481203,
            "rec": 0.0651890482398957,
            "f1": 0.06983240223463688
        },
        "gram": {
            "prec": 0.0472636815920398,
            "rec": 0.04439252336448598,
            "f1": 0.04578313253012048
        }
    },
    "MER": 1.0353956032103897,
    "chrf": 20.579439523903712,
    "total_tokens": 47699,
    "avg_tokens": 542.0340909090909
}