{
    "word_level": {
        "average_accuracy": 0.12908336218979347,
        "accuracy": 0.09123757904245709
    },
    "bleu": 0.030679177500743494,
    "WER": 0.8983426199646144,
    "morpheme_level": {
        "average_accuracy": 0.0933324067342041,
        "accuracy": 0.0703125
    },
    "classes": {
        "stem": {
            "prec": 0.11496746203904555,
            "rec": 0.11699779249448124,
            "f1": 0.11597374179431073
        },
        "gram": {
            "prec": 0.038461538461538464,
            "rec": 0.028599605522682446,
            "f1": 0.03280542986425339
        }
    },
    "MER": 0.8289502714440378,
    "chrf": 25.15409536583555,
    "total_tokens": 69701,
    "avg_tokens": 704.0505050505051
}