{
    "word_level": {
        "average_accuracy": 0.12000445872554111,
        "accuracy": 0.0966576332429991
    },
    "bleu": 0.04312298686022404,
    "WER": 0.8792818722857109,
    "morpheme_level": {
        "average_accuracy": 0.08096985879558996,
        "accuracy": 0.06666666666666667
    },
    "classes": {
        "stem": {
            "prec": 0.09862385321100918,
            "rec": 0.09492273730684327,
            "f1": 0.09673790776152982
        },
        "gram": {
            "prec": 0.05115712545676005,
            "rec": 0.04142011834319527,
            "f1": 0.045776566757493184
        }
    },
    "MER": 0.842922056330454,
    "chrf": 27.39607213920994,
    "total_tokens": 69984,
    "avg_tokens": 706.9090909090909
}