{
    "word_level": {
        "average_accuracy": 0.12577936616007163,
        "accuracy": 0.1120144534778681
    },
    "bleu": 0.04398434570494986,
    "WER": 0.8768290215124985,
    "morpheme_level": {
        "average_accuracy": 0.09562511977763175,
        "accuracy": 0.08020833333333334
    },
    "classes": {
        "stem": {
            "prec": 0.1172566371681416,
            "rec": 0.11699779249448124,
            "f1": 0.11712707182320442
        },
        "gram": {
            "prec": 0.064,
            "rec": 0.047337278106508875,
            "f1": 0.054421768707483
        }
    },
    "MER": 0.8017175368820374,
    "chrf": 27.05181817743963,
    "total_tokens": 70366,
    "avg_tokens": 710.7676767676768
}