{
    "word_level": {
        "average_accuracy": 0.19085762178434598,
        "accuracy": 0.1939655172413793
    },
    "bleu": 0.029783540731872404,
    "WER": 0.8387777093596058,
    "morpheme_level": {
        "average_accuracy": 0.17175774417153727,
        "accuracy": 0.14712824547600314
    },
    "classes": {
        "stem": {
            "prec": 0.20784883720930233,
            "rec": 0.20226308345120225,
            "f1": 0.20501792114695339
        },
        "gram": {
            "prec": 0.10653753026634383,
            "rec": 0.07801418439716312,
            "f1": 0.09007164790174002
        }
    },
    "MER": 0.8721924208454382,
    "chrf": 27.80768535257609,
    "total_tokens": 94944,
    "avg_tokens": 409.2413793103448
}