{
    "word_level": {
        "average_accuracy": 0.1870330459770115,
        "accuracy": 0.19827586206896552
    },
    "bleu": 0.0,
    "WER": 0.8499144772851668,
    "morpheme_level": {
        "average_accuracy": 0.16605608232763405,
        "accuracy": 0.15656963021243114
    },
    "classes": {
        "stem": {
            "prec": 0.2225475841874085,
            "rec": 0.214992927864215,
            "f1": 0.21870503597122304
        },
        "gram": {
            "prec": 0.10981308411214953,
            "rec": 0.08333333333333333,
            "f1": 0.09475806451612903
        }
    },
    "MER": 0.8719375631552356,
    "chrf": 28.195179607197574,
    "total_tokens": 94863,
    "avg_tokens": 408.89224137931035
}