{
    "word_level": {
        "average_accuracy": 0.17657703886152162,
        "accuracy": 0.1853448275862069
    },
    "bleu": 0.026732955059202174,
    "WER": 0.868946702244116,
    "morpheme_level": {
        "average_accuracy": 0.15706820717596584,
        "accuracy": 0.13847364280094415
    },
    "classes": {
        "stem": {
            "prec": 0.19193324061196107,
            "rec": 0.19519094766619519,
            "f1": 0.1935483870967742
        },
        "gram": {
            "prec": 0.10410958904109589,
            "rec": 0.0673758865248227,
            "f1": 0.08180839612486546
        }
    },
    "MER": 0.8821885131152374,
    "chrf": 27.559422060972427,
    "total_tokens": 95222,
    "avg_tokens": 410.4396551724138
}