{
    "word_level": {
        "average_accuracy": 0.4431827511568891,
        "accuracy": 0.4234913793103448
    },
    "bleu": 0.25475643238525425,
    "WER": 0.5318788251977908,
    "morpheme_level": {
        "average_accuracy": 0.4189704512441582,
        "accuracy": 0.37214791502753736
    },
    "classes": {
        "stem": {
            "prec": 0.4050445103857567,
            "rec": 0.38613861386138615,
            "f1": 0.3953656770456192
        },
        "gram": {
            "prec": 0.43383947939262474,
            "rec": 0.3546099290780142,
            "f1": 0.39024390243902435
        }
    },
    "MER": 0.502651592899438,
    "chrf": 50.550894882802986,
    "total_tokens": 2049599,
    "avg_tokens": 8834.478448275862
}