{
    "word_level": {
        "average_accuracy": 0.449329657411554,
        "accuracy": 0.42780172413793105
    },
    "bleu": 0.2715742004203463,
    "WER": 0.5289592352092353,
    "morpheme_level": {
        "average_accuracy": 0.42191161329092347,
        "accuracy": 0.37057435090479934
    },
    "classes": {
        "stem": {
            "prec": 0.4200298953662182,
            "rec": 0.39745403111739747,
            "f1": 0.40843023255813954
        },
        "gram": {
            "prec": 0.4148471615720524,
            "rec": 0.33687943262411346,
            "f1": 0.3718199608610567
        }
    },
    "MER": 0.5137235310187896,
    "chrf": 51.167309984743014,
    "total_tokens": 2055380,
    "avg_tokens": 8859.396551724138
}