{
    "word_level": {
        "average_accuracy": 0.2498757038700648,
        "accuracy": 0.2345360824742268
    },
    "bleu": 0.13186845183372498,
    "WER": 0.7369788106630213,
    "morpheme_level": {
        "average_accuracy": 0.22486291004904735,
        "accuracy": 0.20198675496688742
    },
    "classes": {
        "stem": {
            "prec": 0.20095693779904306,
            "rec": 0.2028985507246377,
            "f1": 0.20192307692307693
        },
        "gram": {
            "prec": 0.23323615160349853,
            "rec": 0.20151133501259447,
            "f1": 0.21621621621621623
        }
    },
    "MER": 0.6764292436459891,
    "chrf": 37.05466258653573,
    "total_tokens": 163163,
    "avg_tokens": 3884.8333333333335
}