{
    "word_level": {
        "average_accuracy": 0.22625905492446846,
        "accuracy": 0.211340206185567
    },
    "bleu": 0.10990164428949356,
    "WER": 0.7776761302607166,
    "morpheme_level": {
        "average_accuracy": 0.19530198962882556,
        "accuracy": 0.1771523178807947
    },
    "classes": {
        "stem": {
            "prec": 0.14761904761904762,
            "rec": 0.1497584541062802,
            "f1": 0.1486810551558753
        },
        "gram": {
            "prec": 0.2222222222222222,
            "rec": 0.19143576826196473,
            "f1": 0.20568335588633285
        }
    },
    "MER": 0.680652260020816,
    "chrf": 34.83682937003155,
    "total_tokens": 162498,
    "avg_tokens": 3869.0
}