{
    "word_level": {
        "average_accuracy": 0.22293151710444944,
        "accuracy": 0.20876288659793815
    },
    "bleu": 0.11936060984614402,
    "WER": 0.7568170742512847,
    "morpheme_level": {
        "average_accuracy": 0.20584453036787517,
        "accuracy": 0.18211920529801323
    },
    "classes": {
        "stem": {
            "prec": 0.185,
            "rec": 0.178743961352657,
            "f1": 0.18181818181818182
        },
        "gram": {
            "prec": 0.2062146892655367,
            "rec": 0.18387909319899245,
            "f1": 0.1944074567243675
        }
    },
    "MER": 0.6740506551781489,
    "chrf": 35.769772892386925,
    "total_tokens": 162802,
    "avg_tokens": 3876.2380952380954
}