{
    "word_level": {
        "average_accuracy": 0.4675940781388643,
        "accuracy": 0.5025773195876289
    },
    "bleu": 0.4200631082057953,
    "WER": 0.49281295021602517,
    "morpheme_level": {
        "average_accuracy": 0.37591154373011243,
        "accuracy": 0.3581589958158996
    },
    "classes": {
        "stem": {
            "prec": 0.3930635838150289,
            "rec": 0.3546284224250326,
            "f1": 0.3728581220013708
        },
        "gram": {
            "prec": 0.33548387096774196,
            "rec": 0.3644859813084112,
            "f1": 0.3493840985442329
        }
    },
    "MER": 0.4941543004970919,
    "chrf": 58.61570117267366,
    "total_tokens": 495141,
    "avg_tokens": 5626.602272727273
}