{
    "word_level": {
        "average_accuracy": 0.46538588509678075,
        "accuracy": 0.4793814432989691
    },
    "bleu": 0.4369633197784424,
    "WER": 0.46907738447678293,
    "morpheme_level": {
        "average_accuracy": 0.38643752077672355,
        "accuracy": 0.36485355648535567
    },
    "classes": {
        "stem": {
            "prec": 0.39136690647482014,
            "rec": 0.3546284224250326,
            "f1": 0.37209302325581395
        },
        "gram": {
            "prec": 0.3542116630669546,
            "rec": 0.38317757009345793,
            "f1": 0.3681257014590347
        }
    },
    "MER": 0.48722454537584364,
    "chrf": 60.9248997994261,
    "total_tokens": 492761,
    "avg_tokens": 5599.556818181818
}