{
    "word_level": {
        "average_accuracy": 0.4683084304658502,
        "accuracy": 0.49097938144329895
    },
    "bleu": 0.43540117144584656,
    "WER": 0.48561256312760315,
    "morpheme_level": {
        "average_accuracy": 0.39842903935264257,
        "accuracy": 0.38744769874476986
    },
    "classes": {
        "stem": {
            "prec": 0.42142857142857143,
            "rec": 0.38461538461538464,
            "f1": 0.4021813224267212
        },
        "gram": {
            "prec": 0.3644251626898048,
            "rec": 0.3925233644859813,
            "f1": 0.3779527559055118
        }
    },
    "MER": 0.5026046298668029,
    "chrf": 60.30014134898944,
    "total_tokens": 496043,
    "avg_tokens": 5636.852272727273
}