{
    "word_level": {
        "average_accuracy": 0.4566421909336349,
        "accuracy": 0.5
    },
    "bleu": 0.4146440923213959,
    "WER": 0.5155941103467839,
    "morpheme_level": {
        "average_accuracy": 0.3387391622558207,
        "accuracy": 0.3087866108786611
    },
    "classes": {
        "stem": {
            "prec": 0.3430232558139535,
            "rec": 0.3076923076923077,
            "f1": 0.32439862542955333
        },
        "gram": {
            "prec": 0.284796573875803,
            "rec": 0.3107476635514019,
            "f1": 0.29720670391061454
        }
    },
    "MER": 0.5169131354313774,
    "chrf": 59.22414707884401,
    "total_tokens": 493372,
    "avg_tokens": 5606.5
}