{
    "word_level": {
        "average_accuracy": 0.43305146094250374,
        "accuracy": 0.4639175257731959
    },
    "bleu": 0.43621522188186646,
    "WER": 0.481619700486679,
    "morpheme_level": {
        "average_accuracy": 0.3855272946001731,
        "accuracy": 0.3815899581589958
    },
    "classes": {
        "stem": {
            "prec": 0.42257597684515197,
            "rec": 0.38070404172099087,
            "f1": 0.4005486968449931
        },
        "gram": {
            "prec": 0.36283185840707965,
            "rec": 0.38317757009345793,
            "f1": 0.3727272727272727
        }
    },
    "MER": 0.4912063641227377,
    "chrf": 59.129516286068906,
    "total_tokens": 493279,
    "avg_tokens": 5605.443181818182
}