{
    "word_level": {
        "average_accuracy": 0.47616375917449993,
        "accuracy": 0.42637759710930445
    },
    "bleu": 0.40100738406181335,
    "WER": 0.4487542798936064,
    "morpheme_level": {
        "average_accuracy": 0.3357511168928946,
        "accuracy": 0.2953125
    },
    "classes": {
        "stem": {
            "prec": 0.32325581395348835,
            "rec": 0.3068432671081678,
            "f1": 0.3148357870894677
        },
        "gram": {
            "prec": 0.29519918283963226,
            "rec": 0.28500986193293887,
            "f1": 0.2900150526843953
        }
    },
    "MER": 0.443000139899844,
    "chrf": 61.94316886818553,
    "total_tokens": 870362,
    "avg_tokens": 8791.535353535353
}