{
    "word_level": {
        "average_accuracy": 0.48918227284283095,
        "accuracy": 0.42366757000903343
    },
    "bleu": 0.39247941970825195,
    "WER": 0.4344483381731474,
    "morpheme_level": {
        "average_accuracy": 0.3521196638081179,
        "accuracy": 0.28958333333333336
    },
    "classes": {
        "stem": {
            "prec": 0.3207990599294947,
            "rec": 0.30132450331125826,
            "f1": 0.3107569721115538
        },
        "gram": {
            "prec": 0.28907048008171604,
            "rec": 0.27909270216962523,
            "f1": 0.2839939789262418
        }
    },
    "MER": 0.43230019552675736,
    "chrf": 61.16484636124772,
    "total_tokens": 864857,
    "avg_tokens": 8735.929292929293
}