{
    "word_level": {
        "average_accuracy": 0.46846924743119855,
        "accuracy": 0.4101174345076784
    },
    "bleu": 0.4004754424095154,
    "WER": 0.4398037453237289,
    "morpheme_level": {
        "average_accuracy": 0.30871713119467,
        "accuracy": 0.2598958333333333
    },
    "classes": {
        "stem": {
            "prec": 0.2998805256869773,
            "rec": 0.27704194260485654,
            "f1": 0.2880091795754446
        },
        "gram": {
            "prec": 0.24849699398797595,
            "rec": 0.2445759368836292,
            "f1": 0.24652087475149104
        }
    },
    "MER": 0.4428434971920601,
    "chrf": 62.18064561797336,
    "total_tokens": 864548,
    "avg_tokens": 8732.808080808081
}