{
    "word_level": {
        "average_accuracy": 0.453610709584645,
        "accuracy": 0.3920505871725384
    },
    "bleu": 0.387521892786026,
    "WER": 0.45376826676787785,
    "morpheme_level": {
        "average_accuracy": 0.341187642313238,
        "accuracy": 0.29791666666666666
    },
    "classes": {
        "stem": {
            "prec": 0.33134684147794996,
            "rec": 0.3068432671081678,
            "f1": 0.31862464183381095
        },
        "gram": {
            "prec": 0.294,
            "rec": 0.28994082840236685,
            "f1": 0.2919563058589871
        }
    },
    "MER": 0.45459977058163836,
    "chrf": 61.7781749329248,
    "total_tokens": 864606,
    "avg_tokens": 8733.39393939394
}