{
    "word_level": {
        "average_accuracy": 0.4833700616366433,
        "accuracy": 0.42637759710930445
    },
    "bleu": 0.30455392599105835,
    "WER": 0.4263330523586448,
    "morpheme_level": {
        "average_accuracy": 0.33975543738203157,
        "accuracy": 0.2765625
    },
    "classes": {
        "stem": {
            "prec": 0.32211538461538464,
            "rec": 0.2958057395143488,
            "f1": 0.3084004602991945
        },
        "gram": {
            "prec": 0.2651209677419355,
            "rec": 0.2593688362919132,
            "f1": 0.26221335992023925
        }
    },
    "MER": 0.7501099237693492,
    "chrf": 58.207843740179364,
    "total_tokens": 875780,
    "avg_tokens": 8846.262626262625
}