{
    "word_level": {
        "average_accuracy": 0.6036955142558589,
        "accuracy": 0.6077586206896551
    },
    "bleu": 0.45489573882263773,
    "WER": 0.4029222334179233,
    "morpheme_level": {
        "average_accuracy": 0.5698026590267966,
        "accuracy": 0.5342250196695515
    },
    "classes": {
        "stem": {
            "prec": 0.5728429985855729,
            "rec": 0.5728429985855729,
            "f1": 0.5728429985855729
        },
        "gram": {
            "prec": 0.5768421052631579,
            "rec": 0.4858156028368794,
            "f1": 0.5274302213666987
        }
    },
    "MER": 0.35898350332617585,
    "chrf": 65.0467811885142,
    "total_tokens": 567337,
    "avg_tokens": 2445.418103448276
}