{
    "word_level": {
        "average_accuracy": 0.6063289918893366,
        "accuracy": 0.6088362068965517
    },
    "bleu": 0.4309227949892598,
    "WER": 0.3996159252624771,
    "morpheme_level": {
        "average_accuracy": 0.5589223755172029,
        "accuracy": 0.5216365066876475
    },
    "classes": {
        "stem": {
            "prec": 0.5557142857142857,
            "rec": 0.5502121640735502,
            "f1": 0.5529495380241648
        },
        "gram": {
            "prec": 0.5649484536082474,
            "rec": 0.4858156028368794,
            "f1": 0.5224022878932316
        }
    },
    "MER": 0.3650000263146815,
    "chrf": 65.06861708376584,
    "total_tokens": 568206,
    "avg_tokens": 2449.1637931034484
}