{
    "word_level": {
        "average_accuracy": 0.605948182564562,
        "accuracy": 0.6056034482758621
    },
    "bleu": 0.43119076648280064,
    "WER": 0.38696369483007426,
    "morpheme_level": {
        "average_accuracy": 0.5638138322405564,
        "accuracy": 0.5232100708103855
    },
    "classes": {
        "stem": {
            "prec": 0.5545977011494253,
            "rec": 0.545968882602546,
            "f1": 0.5502494654312188
        },
        "gram": {
            "prec": 0.5693877551020409,
            "rec": 0.4946808510638298,
            "f1": 0.5294117647058824
        }
    },
    "MER": 0.3578985908727289,
    "chrf": 65.34585280475682,
    "total_tokens": 567964,
    "avg_tokens": 2448.1206896551726
}