{
    "word_level": {
        "average_accuracy": 0.17661431265754576,
        "accuracy": 0.15463917525773196
    },
    "bleu": 0.06412285566329956,
    "WER": 0.8049763432752154,
    "morpheme_level": {
        "average_accuracy": 0.1777395349492151,
        "accuracy": 0.14735099337748345
    },
    "classes": {
        "stem": {
            "prec": 0.1319796954314721,
            "rec": 0.12560386473429952,
            "f1": 0.12871287128712872
        },
        "gram": {
            "prec": 0.175,
            "rec": 0.15869017632241814,
            "f1": 0.16644649933949798
        }
    },
    "MER": 0.7804831483725175,
    "chrf": 31.914464158489686,
    "total_tokens": 33209,
    "avg_tokens": 790.6904761904761
}