{
    "word_level": {
        "average_accuracy": 0.17011956297670577,
        "accuracy": 0.14948453608247422
    },
    "bleu": 0.08638226240873337,
    "WER": 0.8242141247780348,
    "morpheme_level": {
        "average_accuracy": 0.18378601750108578,
        "accuracy": 0.1490066225165563
    },
    "classes": {
        "stem": {
            "prec": 0.16751269035532995,
            "rec": 0.15942028985507245,
            "f1": 0.16336633663366337
        },
        "gram": {
            "prec": 0.1574585635359116,
            "rec": 0.14357682619647355,
            "f1": 0.15019762845849802
        }
    },
    "MER": 0.7747488174680289,
    "chrf": 32.144108307945835,
    "total_tokens": 32727,
    "avg_tokens": 779.2142857142857
}