{
    "word_level": {
        "average_accuracy": 0.18682230467944755,
        "accuracy": 0.16237113402061856
    },
    "bleu": 0.07781819254159927,
    "WER": 0.8207036801961614,
    "morpheme_level": {
        "average_accuracy": 0.18317590543143097,
        "accuracy": 0.15728476821192053
    },
    "classes": {
        "stem": {
            "prec": 0.14354066985645933,
            "rec": 0.14492753623188406,
            "f1": 0.14423076923076925
        },
        "gram": {
            "prec": 0.18571428571428572,
            "rec": 0.163727959697733,
            "f1": 0.17402945113788487
        }
    },
    "MER": 0.8135830450945312,
    "chrf": 32.010117669723044,
    "total_tokens": 33209,
    "avg_tokens": 790.6904761904761
}