{
    "word_level": {
        "average_accuracy": 0.3326401469198929,
        "accuracy": 0.33634020618556704
    },
    "bleu": 0.2653839886188507,
    "WER": 0.6460170804338584,
    "morpheme_level": {
        "average_accuracy": 0.29308754892416583,
        "accuracy": 0.2719665271966527
    },
    "classes": {
        "stem": {
            "prec": 0.30559540889526543,
            "rec": 0.2777053455019557,
            "f1": 0.2909836065573771
        },
        "gram": {
            "prec": 0.255125284738041,
            "rec": 0.2616822429906542,
            "f1": 0.2583621683967705
        }
    },
    "MER": 0.6434312042075727,
    "chrf": 45.92139821196771,
    "total_tokens": 78433,
    "avg_tokens": 891.2840909090909
}