{
    "word_level": {
        "average_accuracy": 0.35692696995337375,
        "accuracy": 0.33762886597938147
    },
    "bleu": 0.28659480810165405,
    "WER": 0.6063946481476561,
    "morpheme_level": {
        "average_accuracy": 0.30151945386289597,
        "accuracy": 0.27280334728033473
    },
    "classes": {
        "stem": {
            "prec": 0.3057142857142857,
            "rec": 0.2790091264667536,
            "f1": 0.29175187457396046
        },
        "gram": {
            "prec": 0.25225225225225223,
            "rec": 0.2616822429906542,
            "f1": 0.25688073394495414
        }
    },
    "MER": 0.6118709553599082,
    "chrf": 48.86567769598011,
    "total_tokens": 78115,
    "avg_tokens": 887.6704545454545
}