{
    "word_level": {
        "average_accuracy": 0.3503236171267588,
        "accuracy": 0.3479381443298969
    },
    "bleu": 0.2870158851146698,
    "WER": 0.6092005970264659,
    "morpheme_level": {
        "average_accuracy": 0.31948503737651995,
        "accuracy": 0.2895397489539749
    },
    "classes": {
        "stem": {
            "prec": 0.32390381895332393,
            "rec": 0.2985658409387223,
            "f1": 0.31071913161465403
        },
        "gram": {
            "prec": 0.26590909090909093,
            "rec": 0.2733644859813084,
            "f1": 0.2695852534562212
        }
    },
    "MER": 0.600641902481633,
    "chrf": 49.02532883857613,
    "total_tokens": 78190,
    "avg_tokens": 888.5227272727273
}