{
    "word_level": {
        "average_accuracy": 0.3530957477033026,
        "accuracy": 0.2908762420957543
    },
    "bleu": 0.22960549826009732,
    "WER": 0.5634474082280112,
    "morpheme_level": {
        "average_accuracy": 0.2298836142107192,
        "accuracy": 0.18645833333333334
    },
    "classes": {
        "stem": {
            "prec": 0.22451317296678122,
            "rec": 0.2163355408388521,
            "f1": 0.22034851039910064
        },
        "gram": {
            "prec": 0.18222722159730034,
            "rec": 0.15976331360946747,
            "f1": 0.17025748817656333
        }
    },
    "MER": 0.5636214135304618,
    "chrf": 49.66676214949322,
    "total_tokens": 120304,
    "avg_tokens": 1215.1919191919192
}