{
    "word_level": {
        "average_accuracy": 0.3561448621559793,
        "accuracy": 0.2981029810298103
    },
    "bleu": 0.2405183656571213,
    "WER": 0.5892120717058287,
    "morpheme_level": {
        "average_accuracy": 0.2634104682154147,
        "accuracy": 0.20416666666666666
    },
    "classes": {
        "stem": {
            "prec": 0.23180291153415453,
            "rec": 0.22847682119205298,
            "f1": 0.23012784880489162
        },
        "gram": {
            "prec": 0.20624303232998886,
            "rec": 0.18244575936883628,
            "f1": 0.19361590790162217
        }
    },
    "MER": 0.5678256354785398,
    "chrf": 49.054521626150425,
    "total_tokens": 122354,
    "avg_tokens": 1235.8989898989898
}