{
    "word_level": {
        "average_accuracy": 0.381206995144292,
        "accuracy": 0.3224932249322493
    },
    "bleu": 0.22174598582521546,
    "WER": 0.597346535106478,
    "morpheme_level": {
        "average_accuracy": 0.2634775889334619,
        "accuracy": 0.2140625
    },
    "classes": {
        "stem": {
            "prec": 0.23820754716981132,
            "rec": 0.2229580573951435,
            "f1": 0.23033067274800456
        },
        "gram": {
            "prec": 0.22424892703862662,
            "rec": 0.20611439842209073,
            "f1": 0.21479958890030834
        }
    },
    "MER": 0.5979707249720136,
    "chrf": 48.23763569579948,
    "total_tokens": 121792,
    "avg_tokens": 1230.2222222222222
}