{
    "word_level": {
        "average_accuracy": 0.49408384957953944,
        "accuracy": 0.4827586206896552
    },
    "bleu": 0.2718193955633474,
    "WER": 0.5123246006866694,
    "morpheme_level": {
        "average_accuracy": 0.42678575016937087,
        "accuracy": 0.3690007867820614
    },
    "classes": {
        "stem": {
            "prec": 0.4287812041116006,
            "rec": 0.413012729844413,
            "f1": 0.4207492795389049
        },
        "gram": {
            "prec": 0.37579617834394907,
            "rec": 0.31382978723404253,
            "f1": 0.34202898550724636
        }
    },
    "MER": 0.5000491845319432,
    "chrf": 52.81305968660642,
    "total_tokens": 116383,
    "avg_tokens": 501.6508620689655
}