{
    "word_level": {
        "average_accuracy": 0.48439070508036025,
        "accuracy": 0.4709051724137931
    },
    "bleu": 0.24395834727057572,
    "WER": 0.5389153231825644,
    "morpheme_level": {
        "average_accuracy": 0.41370124128744823,
        "accuracy": 0.35877261998426435
    },
    "classes": {
        "stem": {
            "prec": 0.39914163090128757,
            "rec": 0.39462517680339465,
            "f1": 0.39687055476529165
        },
        "gram": {
            "prec": 0.3933333333333333,
            "rec": 0.31382978723404253,
            "f1": 0.3491124260355029
        }
    },
    "MER": 0.5119077223064292,
    "chrf": 51.24086368701891,
    "total_tokens": 117191,
    "avg_tokens": 505.1336206896552
}