{
    "word_level": {
        "average_accuracy": 0.501769076230283,
        "accuracy": 0.4730603448275862
    },
    "bleu": 0.25568019121830715,
    "WER": 0.49988431109120773,
    "morpheme_level": {
        "average_accuracy": 0.44796045668890483,
        "accuracy": 0.3697875688434304
    },
    "classes": {
        "stem": {
            "prec": 0.4341534008683068,
            "rec": 0.4243281471004243,
            "f1": 0.42918454935622313
        },
        "gram": {
            "prec": 0.3655913978494624,
            "rec": 0.30141843971631205,
            "f1": 0.3304178814382896
        }
    },
    "MER": 0.47836988203367536,
    "chrf": 52.21368759235459,
    "total_tokens": 116759,
    "avg_tokens": 503.2715517241379
}