{
    "word_level": {
        "average_accuracy": 0.1424081714025323,
        "accuracy": 0.13144329896907217
    },
    "bleu": 0.03226358816027641,
    "WER": 0.8458348025547275,
    "morpheme_level": {
        "average_accuracy": 0.1440341186654148,
        "accuracy": 0.12582781456953643
    },
    "classes": {
        "stem": {
            "prec": 0.1134020618556701,
            "rec": 0.10628019323671498,
            "f1": 0.10972568578553615
        },
        "gram": {
            "prec": 0.15384615384615385,
            "rec": 0.13602015113350127,
            "f1": 0.1443850267379679
        }
    },
    "MER": 0.8370593193110272,
    "chrf": 27.84747637004386,
    "total_tokens": 21879,
    "avg_tokens": 520.9285714285714
}