{
    "word_level": {
        "average_accuracy": 0.1446578432010763,
        "accuracy": 0.13402061855670103
    },
    "bleu": 0.026315677911043167,
    "WER": 1.214691694061995,
    "morpheme_level": {
        "average_accuracy": 0.12743974941648634,
        "accuracy": 0.11423841059602649
    },
    "classes": {
        "stem": {
            "prec": 0.07582938388625593,
            "rec": 0.07729468599033816,
            "f1": 0.07655502392344497
        },
        "gram": {
            "prec": 0.15497076023391812,
            "rec": 0.13350125944584382,
            "f1": 0.14343707713125844
        }
    },
    "MER": 1.0776682924984218,
    "chrf": 25.735607635983758,
    "total_tokens": 22518,
    "avg_tokens": 536.1428571428571
}