{
    "word_level": {
        "average_accuracy": 0.15612312708177375,
        "accuracy": 0.14175257731958762
    },
    "bleu": 0.03752248317740138,
    "WER": 0.8460452402651653,
    "morpheme_level": {
        "average_accuracy": 0.15195071879421823,
        "accuracy": 0.13079470198675497
    },
    "classes": {
        "stem": {
            "prec": 0.11707317073170732,
            "rec": 0.11594202898550725,
            "f1": 0.11650485436893204
        },
        "gram": {
            "prec": 0.1636904761904762,
            "rec": 0.1385390428211587,
            "f1": 0.15006821282401095
        }
    },
    "MER": 0.8194011579591665,
    "chrf": 27.612538016611666,
    "total_tokens": 21666,
    "avg_tokens": 515.8571428571429
}