{
    "word_level": {
        "average_accuracy": 0.3006481951669118,
        "accuracy": 0.2822164948453608
    },
    "bleu": 0.217704176902771,
    "WER": 0.6654845997342655,
    "morpheme_level": {
        "average_accuracy": 0.18859566685646756,
        "accuracy": 0.1489539748953975
    },
    "classes": {
        "stem": {
            "prec": 0.18481375358166188,
            "rec": 0.1681877444589309,
            "f1": 0.17610921501706484
        },
        "gram": {
            "prec": 0.11864406779661017,
            "rec": 0.11448598130841121,
            "f1": 0.11652794292508918
        }
    },
    "MER": 0.7027901113197869,
    "chrf": 43.42971506082623,
    "total_tokens": 47604,
    "avg_tokens": 540.9545454545455
}