{
    "word_level": {
        "average_accuracy": 0.3038797451314163,
        "accuracy": 0.30670103092783507
    },
    "bleu": 0.232339546084404,
    "WER": 0.6751995376995378,
    "morpheme_level": {
        "average_accuracy": 0.21945616847319635,
        "accuracy": 0.20502092050209206
    },
    "classes": {
        "stem": {
            "prec": 0.23347398030942335,
            "rec": 0.21642764015645372,
            "f1": 0.22462787550744248
        },
        "gram": {
            "prec": 0.19174757281553398,
            "rec": 0.18457943925233644,
            "f1": 0.18809523809523807
        }
    },
    "MER": 0.7138804573251695,
    "chrf": 44.87027340955227,
    "total_tokens": 47418,
    "avg_tokens": 538.8409090909091
}