{
    "word_level": {
        "average_accuracy": 0.2852035155009754,
        "accuracy": 0.2925257731958763
    },
    "bleu": 0.21262602508068085,
    "WER": 0.6889882445363729,
    "morpheme_level": {
        "average_accuracy": 0.18848343764690867,
        "accuracy": 0.17489539748953975
    },
    "classes": {
        "stem": {
            "prec": 0.21255349500713266,
            "rec": 0.19426336375488917,
            "f1": 0.20299727520435967
        },
        "gram": {
            "prec": 0.14742014742014742,
            "rec": 0.14018691588785046,
            "f1": 0.14371257485029937
        }
    },
    "MER": 0.7286681621345107,
    "chrf": 42.887610975344124,
    "total_tokens": 47175,
    "avg_tokens": 536.0795454545455
}