{
    "word_level": {
        "average_accuracy": 0.2673682831482041,
        "accuracy": 0.2023486901535682
    },
    "bleu": 0.15567225055979403,
    "WER": 0.6868483185778007,
    "morpheme_level": {
        "average_accuracy": 0.18239061870320836,
        "accuracy": 0.13333333333333333
    },
    "classes": {
        "stem": {
            "prec": 0.17249154453213078,
            "rec": 0.16887417218543047,
            "f1": 0.1706636921360848
        },
        "gram": {
            "prec": 0.11839080459770115,
            "rec": 0.10157790927021697,
            "f1": 0.10934182590233546
        }
    },
    "MER": 0.6830566825101677,
    "chrf": 40.94301936130299,
    "total_tokens": 70756,
    "avg_tokens": 714.7070707070707
}