{
    "word_level": {
        "average_accuracy": 0.25843411890155216,
        "accuracy": 0.1942186088527552
    },
    "bleu": 0.1691664491633421,
    "WER": 0.6849356165573237,
    "morpheme_level": {
        "average_accuracy": 0.19331842746875028,
        "accuracy": 0.13489583333333333
    },
    "classes": {
        "stem": {
            "prec": 0.16515837104072398,
            "rec": 0.16114790286975716,
            "f1": 0.16312849162011173
        },
        "gram": {
            "prec": 0.13048498845265588,
            "rec": 0.11143984220907298,
            "f1": 0.1202127659574468
        }
    },
    "MER": 0.6631660602384195,
    "chrf": 41.528988193606345,
    "total_tokens": 69798,
    "avg_tokens": 705.030303030303
}