{
    "word_level": {
        "average_accuracy": 0.27010005860693015,
        "accuracy": 0.2186088527551942
    },
    "bleu": 0.15655982145273445,
    "WER": 0.7185267306790892,
    "morpheme_level": {
        "average_accuracy": 0.19117592578354126,
        "accuracy": 0.14427083333333332
    },
    "classes": {
        "stem": {
            "prec": 0.18360655737704917,
            "rec": 0.18543046357615894,
            "f1": 0.18451400329489293
        },
        "gram": {
            "prec": 0.13116726835138387,
            "rec": 0.10749506903353057,
            "f1": 0.1181571815718157
        }
    },
    "MER": 0.6776777390847863,
    "chrf": 40.18581577883214,
    "total_tokens": 69870,
    "avg_tokens": 705.7575757575758
}