{
    "word_level": {
        "average_accuracy": 0.41441959620838925,
        "accuracy": 0.39762931034482757
    },
    "bleu": 0.17075427053557848,
    "WER": 0.5854965915310746,
    "morpheme_level": {
        "average_accuracy": 0.34698929542679546,
        "accuracy": 0.28481510621557826
    },
    "classes": {
        "stem": {
            "prec": 0.34467455621301774,
            "rec": 0.32956152758132956,
            "f1": 0.33694866232827186
        },
        "gram": {
            "prec": 0.2945205479452055,
            "rec": 0.22872340425531915,
            "f1": 0.25748502994011974
        }
    },
    "MER": 0.5787204892808342,
    "chrf": 44.74987405282827,
    "total_tokens": 86359,
    "avg_tokens": 372.23706896551727
}