{
    "word_level": {
        "average_accuracy": 0.4421679852714336,
        "accuracy": 0.41271551724137934
    },
    "bleu": 0.18388878061824795,
    "WER": 0.5407526620888691,
    "morpheme_level": {
        "average_accuracy": 0.3850614124859813,
        "accuracy": 0.3139260424862313
    },
    "classes": {
        "stem": {
            "prec": 0.3684210526315789,
            "rec": 0.3564356435643564,
            "f1": 0.3623292595255212
        },
        "gram": {
            "prec": 0.32450331125827814,
            "rec": 0.26063829787234044,
            "f1": 0.2890855457227139
        }
    },
    "MER": 0.55337998926361,
    "chrf": 46.82535553952071,
    "total_tokens": 86525,
    "avg_tokens": 372.95258620689657
}