{
    "word_level": {
        "average_accuracy": 0.4171788699805941,
        "accuracy": 0.39870689655172414
    },
    "bleu": 0.19614174827233735,
    "WER": 0.5835839926357168,
    "morpheme_level": {
        "average_accuracy": 0.3751377453963662,
        "accuracy": 0.31235247836349334
    },
    "classes": {
        "stem": {
            "prec": 0.36023054755043227,
            "rec": 0.3536067892503536,
            "f1": 0.356887937187723
        },
        "gram": {
            "prec": 0.328125,
            "rec": 0.26063829787234044,
            "f1": 0.29051383399209485
        }
    },
    "MER": 0.5697092239656896,
    "chrf": 45.7057213712246,
    "total_tokens": 86555,
    "avg_tokens": 373.0818965517241
}